 serial number,character,token,ferquency(pre million),
1,的,76938354,40529.65053 ,
2,一,35278860,18584.22740 ,
3,了,34812434,18338.52313 ,
4,是,31422712,16552.88253 ,
5,不,29858097,15728.67333 ,
6,我,29569261,15576.52006 ,
7,在,19195987,10112.07810 ,
8,人,18435295,9711.36013 ,
9,有,17847013,9401.46445 ,
10,这,17648808,9297.05385 ,
11,他,17596473,9269.48478 ,
12,来,14837007,7815.85097 ,
13,个,14789406,7790.77567 ,
14,你,14221925,7491.83756 ,
15,说,12000460,6321.61236 ,
16,上,11918291,6278.32731 ,
17,到,11505436,6060.84321 ,
18,就,11305679,5955.61505 ,
19,着,11165468,5881.75458 ,
20,大,10828984,5704.50126 ,
21,们,10741873,5658.61285 ,
22,道,10625536,5597.32875 ,
23,那,9929703,5230.77726 ,
24,么,9727134,5124.06779 ,
25,也,9508702,5009.00200 ,
26,地,8804040,4637.79956 ,
27,子,8641973,4552.42577 ,
28,下,8550882,4504.44078 ,
29,出,8294943,4369.61702 ,
30,时,8207119,4323.35302 ,
31,看,8030267,4230.19077 ,
32,要,7944606,4185.06620 ,
33,她,7870163,4145.85105 ,
34,中,7680869,4046.13460 ,
35,没,7560391,3982.66910 ,
36,然,7339938,3866.53868 ,
37,里,7329328,3860.94954 ,
38,为,7309300,3850.39917 ,
39,过,7307184,3849.28450 ,
40,自,7261699,3825.32388 ,
41,好,7259684,3824.26241 ,
42,得,7186260,3785.58406 ,
43,去,7182400,3783.55068 ,
44,可,7069176,3723.90645 ,
45,会,6824927,3595.24076 ,
46,天,6797499,3580.79221 ,
47,还,6776145,3569.54334 ,
48,心,6555833,3453.48720 ,
49,后,6544446,3447.48874 ,
50,以,6523162,3436.27674 ,
51,小,6383822,3362.87510 ,
52,都,6342930,3341.33398 ,
53,和,6252031,3293.45012 ,
54,对,6195038,3263.42730 ,
55,想,6140550,3234.72407 ,
56,能,5933639,3125.72732 ,
57,起,5819918,3065.82128 ,
58,之,5373763,2830.79537 ,
59,手,5076179,2674.03382 ,
60,而,5075337,2673.59027 ,
61,只,5050153,2660.32383 ,
62,生,4966773,2616.40084 ,
63,什,4828364,2543.48963 ,
64,身,4819905,2539.03359 ,
65,头,4813712,2535.77124 ,
66,样,4769842,2512.66136 ,
67,事,4729336,2491.32358 ,
68,多,4617194,2432.24932 ,
69,己,4569251,2406.99387 ,
70,家,4546765,2395.14867 ,
71,面,4532962,2387.87752 ,
72,知,4397165,2316.34226 ,
73,开,4346834,2289.82885 ,
74,如,4308194,2269.47404 ,
75,无,4177289,2200.51580 ,
76,现,4161139,2192.00829 ,
77,很,3994436,2104.19234 ,
78,点,3978856,2095.98509 ,
79,前,3967855,2090.18998 ,
80,发,3946829,2079.11388 ,
81,经,3923454,2066.80038 ,
82,情,3879008,2043.38708 ,
83,把,3798288,2000.86533 ,
84,老,3762961,1982.25575 ,
85,些,3752167,1976.56967 ,
86,话,3744917,1972.75051 ,
87,已,3720796,1960.04403 ,
88,又,3710252,1954.48965 ,
89,声,3671271,1933.95521 ,
90,意,3668831,1932.66987 ,
91,于,3614992,1904.30851 ,
92,回,3608341,1900.80489 ,
93,笑,3577465,1884.54001 ,
94,所,3534172,1861.73408 ,
95,但,3505257,1846.50222 ,
96,眼,3495315,1841.26496 ,
97,成,3478315,1832.30969 ,
98,方,3471764,1828.85875 ,
99,年,3465446,1825.53054 ,
100,见,3460998,1823.18742 ,
101,当,3437226,1810.66479 ,
102,女,3362646,1771.37747 ,
103,真,3314815,1746.18102 ,
104,两,3302466,1739.67580 ,
105,力,3298612,1737.64559 ,
106,气,3227369,1700.11614 ,
107,从,3173776,1671.88438 ,
108,用,3170468,1670.14179 ,
109,长,3100060,1633.05220 ,
110,动,3073269,1618.93922 ,
111,间,3067939,1616.13147 ,
112,国,3063867,1613.98642 ,
113,走,3020224,1590.99613 ,
114,让,2999423,1580.03856 ,
115,被,2998064,1579.32266 ,
116,给,2939384,1548.41116 ,
117,正,2933903,1545.52388 ,
118,问,2899681,1527.49638 ,
119,打,2882337,1518.35990 ,
120,明,2864492,1508.95949 ,
121,儿,2850098,1501.37701 ,
122,法,2798486,1474.18880 ,
123,才,2774963,1461.79733 ,
124,几,2760667,1454.26647 ,
125,行,2756706,1452.17989 ,
126,三,2747794,1447.48522 ,
127,定,2738825,1442.76053 ,
128,此,2725965,1435.98612 ,
129,进,2706350,1425.65332 ,
130,再,2681503,1412.56440 ,
131,种,2653924,1398.03631 ,
132,将,2629219,1385.02219 ,
133,实,2616492,1378.31785 ,
134,同,2614683,1377.36490 ,
135,最,2582957,1360.65225 ,
136,本,2579524,1358.84381 ,
137,向,2570964,1354.33457 ,
138,分,2568782,1353.18513 ,
139,十,2567177,1352.33965 ,
140,学,2566533,1352.00040 ,
141,高,2565932,1351.68381 ,
142,第,2558818,1347.93629 ,
143,感,2529138,1332.30143 ,
144,怎,2520317,1327.65470 ,
145,神,2509843,1322.13720 ,
146,听,2449553,1290.37758 ,
147,边,2448615,1289.88346 ,
148,作,2437693,1284.12996 ,
149,其,2417047,1273.25404 ,
150,吧,2403165,1265.94127 ,
151,却,2377929,1252.64743 ,
152,口,2375024,1251.11713 ,
153,觉,2372600,1249.84021 ,
154,啊,2366043,1246.38611 ,
155,因,2334623,1229.83466 ,
156,白,2322211,1223.29625 ,
157,次,2307457,1215.52413 ,
158,军,2275004,1198.42851 ,
159,做,2254997,1187.88921 ,
160,外,2234449,1177.06491 ,
161,门,2233462,1176.54498 ,
162,光,2185701,1151.38540 ,
163,风,2175031,1145.76465 ,
164,主,2156315,1135.90542 ,
165,住,2114870,1114.07299 ,
166,果,2105431,1109.10070 ,
167,与,2104552,1108.63766 ,
168,全,2085206,1098.44656 ,
169,二,2073729,1092.40070 ,
170,候,2064968,1087.78557 ,
171,公,2055138,1082.60732 ,
172,相,2037658,1073.39919 ,
173,吗,2028487,1068.56808 ,
174,等,2002114,1054.67529 ,
175,别,2000757,1053.96045 ,
176,色,1988512,1047.51002 ,
177,死,1979349,1042.68312 ,
178,张,1977218,1041.56055 ,
179,部,1972176,1038.90452 ,
180,太,1962845,1033.98913 ,
181,日,1944999,1024.58820 ,
182,少,1940099,1022.00698 ,
183,战,1924225,1013.64486 ,
184,理,1903915,1002.94594 ,
185,直,1902380,1002.13733 ,
186,重,1900814,1001.31239 ,
187,王,1891711,996.51710 ,
188,像,1883479,992.18064 ,
189,脸,1845354,972.09712 ,
190,比,1844194,971.48606 ,
191,快,1840001,969.27727 ,
192,何,1822108,959.85158 ,
193,水,1817943,957.65754 ,
194,名,1804559,950.60710 ,
195,体,1799811,948.10595 ,
196,呢,1793494,944.77827 ,
197,东,1783570,939.55050 ,
198,叫,1780163,937.75576 ,
199,西,1778761,937.01721 ,
200,应,1777404,936.30237 ,
201,便,1735257,914.10014 ,
202,放,1730745,911.72330 ,
203,马,1729443,911.03743 ,
204,难,1727440,909.98229 ,
205,轻,1720467,906.30905 ,
206,更,1703552,897.39855 ,
207,美,1692264,891.45225 ,
208,位,1682896,886.51736 ,
209,关,1675433,882.58600 ,
210,机,1672100,880.83024 ,
211,接,1671342,880.43094 ,
212,先,1662684,875.87007 ,
213,文,1637873,862.80011 ,
214,处,1626691,856.90965 ,
215,并,1624589,855.80235 ,
216,望,1623939,855.45995 ,
217,常,1623697,855.33246 ,
218,完,1623350,855.14967 ,
219,四,1598102,841.84951 ,
220,飞,1593771,839.56802 ,
221,师,1581750,833.23559 ,
222,者,1581047,832.86526 ,
223,安,1580103,832.36798 ,
224,清,1568814,826.42115 ,
225,刚,1561764,822.70735 ,
226,跟,1547565,815.22759 ,
227,月,1546594,814.71608 ,
228,信,1529741,805.83824 ,
229,山,1526952,804.36905 ,
230,爱,1516399,798.80993 ,
231,内,1509530,795.19148 ,
232,龙,1509393,795.11931 ,
233,空,1496062,788.09679 ,
234,带,1491966,785.93910 ,
235,找,1476145,777.60490 ,
236,原,1473346,776.13044 ,
237,入,1472056,775.45089 ,
238,李,1462547,770.44173 ,
239,连,1453048,765.43784 ,
240,吃,1445563,761.49489 ,
241,场,1443226,760.26380 ,
242,平,1439957,758.54175 ,
243,思,1438567,757.80953 ,
244,林,1435296,756.08643 ,
245,变,1428820,752.67500 ,
246,使,1415240,745.52131 ,
247,由,1400586,737.80187 ,
248,受,1388441,731.40411 ,
249,亲,1388321,731.34090 ,
250,命,1368062,720.66885 ,
251,目,1365310,719.21914 ,
252,强,1361353,717.13467 ,
253,男,1354324,713.43193 ,
254,任,1353727,713.11744 ,
255,该,1351318,711.84843 ,
256,路,1338441,705.06507 ,
257,车,1338066,704.86753 ,
258,今,1337566,704.60414 ,
259,海,1335124,703.31774 ,
260,加,1329722,700.47207 ,
261,远,1319096,694.87450 ,
262,活,1317244,693.89890 ,
263,特,1314148,692.26798 ,
264,解,1312068,691.17228 ,
265,电,1308303,689.18895 ,
266,世,1305454,687.68815 ,
267,性,1304637,687.25777 ,
268,表,1303318,686.56295 ,
269,许,1299512,684.55802 ,
270,它,1298568,684.06074 ,
271,立,1293824,681.56169 ,
272,黑,1292192,680.70198 ,
273,金,1291889,680.54237 ,
274,红,1282649,675.67491 ,
275,花,1277183,672.79553 ,
276,转,1276312,672.33670 ,
277,总,1273655,670.93705 ,
278,算,1263186,665.42218 ,
279,城,1258895,663.16176 ,
280,队,1255383,661.31171 ,
281,孩,1251885,659.46903 ,
282,反,1250683,658.83584 ,
283,工,1242237,654.38665 ,
284,始,1239671,653.03493 ,
285,满,1238021,652.16574 ,
286,新,1232035,649.01243 ,
287,兵,1226804,646.25684 ,
288,物,1225245,645.43559 ,
289,离,1222359,643.91530 ,
290,非,1219442,642.37868 ,
291,虽,1211358,638.12018 ,
292,云,1205872,635.23026 ,
293,似,1203009,633.72209 ,
294,万,1201402,632.87555 ,
295,至,1199059,631.64130 ,
296,干,1197831,630.99442 ,
297,通,1186869,625.21985 ,
298,认,1184729,624.09253 ,
299,失,1182384,622.85723 ,
300,火,1180390,621.80683 ,
301,哥,1176477,619.74554 ,
302,士,1175727,619.35045 ,
303,五,1170398,616.54324 ,
304,惊,1161953,612.09457 ,
305,魔,1160330,611.23961 ,
306,竟,1160070,611.10265 ,
307,姐,1158924,610.49895 ,
308,乎,1157322,609.65505 ,
309,剑,1151704,606.69560 ,
310,往,1143435,602.33965 ,
311,量,1142437,601.81392 ,
312,早,1138903,599.95228 ,
313,结,1132776,596.72469 ,
314,怕,1114820,587.26581 ,
315,流,1114438,587.06458 ,
316,突,1106693,582.98466 ,
317,坐,1106273,582.76342 ,
318,斯,1105720,582.47211 ,
319,音,1100301,579.61748 ,
320,紧,1099517,579.20449 ,
321,指,1099010,578.93741 ,
322,拉,1096796,577.77112 ,
323,杀,1095880,577.28858 ,
324,半,1095098,576.87664 ,
325,记,1094800,576.71966 ,
326,且,1092816,575.67453 ,
327,利,1091519,574.99129 ,
328,合,1085786,571.97126 ,
329,倒,1085421,571.77898 ,
330,书,1083351,570.68855 ,
331,度,1082785,570.39039 ,
332,微,1082510,570.24552 ,
333,步,1077549,567.63216 ,
334,教,1071585,564.49044 ,
335,喜,1069981,563.64549 ,
336,越,1069176,563.22143 ,
337,影,1067165,562.16207 ,
338,谁,1064240,560.62124 ,
339,冷,1063226,560.08708 ,
340,深,1060800,558.80911 ,
341,告,1054831,555.66476 ,
342,落,1054311,555.39083 ,
343,象,1041105,548.43416 ,
344,容,1038318,546.96603 ,
345,怪,1036985,546.26383 ,
346,传,1034638,545.02747 ,
347,钱,1034329,544.86470 ,
348,提,1026285,540.62727 ,
349,言,1026005,540.47977 ,
350,随,1016322,535.37895 ,
351,每,1015025,534.69572 ,
352,双,1011629,532.90677 ,
353,服,1011511,532.84461 ,
354,击,1010628,532.37946 ,
355,武,1003136,528.43282 ,
356,哪,998544,526.01384 ,
357,数,994719,523.99891 ,
358,站,994038,523.64017 ,
359,奇,982596,517.61274 ,
360,房,980289,516.39746 ,
361,管,979206,515.82696 ,
362,灵,978814,515.62046 ,
363,刻,977816,515.09473 ,
364,题,976178,514.23186 ,
365,衣,974727,513.46751 ,
366,周,972776,512.43976 ,
367,静,968467,510.16986 ,
368,伤,968363,510.11507 ,
369,百,962451,507.00074 ,
370,拿,958908,505.13436 ,
371,妈,956493,503.86218 ,
372,办,956075,503.64199 ,
373,星,955656,503.42127 ,
374,化,951401,501.17982 ,
375,功,945623,498.13608 ,
376,绝,943340,496.93343 ,
377,系,942245,496.35661 ,
378,般,940949,495.67390 ,
379,必,940785,495.58751 ,
380,业,938051,494.14729 ,
381,尔,936690,493.43034 ,
382,件,935235,492.66388 ,
383,血,933230,491.60768 ,
384,代,932729,491.34376 ,
385,精,932565,491.25737 ,
386,弟,931804,490.85649 ,
387,终,928837,489.29353 ,
388,近,925463,487.51617 ,
389,条,925439,487.50353 ,
390,青,914968,481.98761 ,
391,界,913395,481.15898 ,
392,司,911784,480.31034 ,
393,整,911668,480.24923 ,
394,欢,908850,478.76476 ,
395,字,906615,477.58741 ,
396,晚,904532,476.49012 ,
397,民,902697,475.52348 ,
398,帮,901633,474.96299 ,
399,切,900592,474.41461 ,
400,即,900101,474.15596 ,
401,忙,899024,473.58862 ,
402,交,898418,473.26939 ,
403,或,896787,472.41021 ,
404,暗,891081,469.40440 ,
405,夫,890506,469.10150 ,
406,员,887168,467.34310 ,
407,根,886057,466.75785 ,
408,石,885579,466.50605 ,
409,哈,879528,463.31850 ,
410,夜,877661,462.33500 ,
411,父,875667,461.28460 ,
412,制,870792,458.71654 ,
413,友,869919,458.25666 ,
414,阿,867275,456.86385 ,
415,息,864425,455.36253 ,
416,冲,862983,454.60291 ,
417,酒,862253,454.21836 ,
418,保,859752,452.90088 ,
419,片,859001,452.50527 ,
420,形,858843,452.42203 ,
421,阵,857774,451.85891 ,
422,南,856521,451.19885 ,
423,决,856467,451.17040 ,
424,请,856375,451.12194 ,
425,各,856128,450.99182 ,
426,报,856017,450.93335 ,
427,兴,854813,450.29911 ,
428,阳,850226,447.88276 ,
429,急,849907,447.71472 ,
430,语,843913,444.55720 ,
431,令,842791,443.96615 ,
432,错,839927,442.45745 ,
433,及,839825,442.40372 ,
434,刘,835052,439.88939 ,
435,极,832554,438.57349 ,
436,识,826907,435.59876 ,
437,备,823555,433.83299 ,
438,慢,820995,432.48443 ,
439,雪,820388,432.16468 ,
440,苦,810172,426.78308 ,
441,若,809209,426.27579 ,
442,领,808920,426.12355 ,
443,收,807363,425.30336 ,
444,底,806359,424.77447 ,
445,尽,805564,424.35568 ,
446,准,805527,424.33619 ,
447,华,800451,421.66225 ,
448,答,796906,419.79481 ,
449,众,796661,419.66575 ,
450,千,794964,418.77180 ,
451,消,792838,417.65187 ,
452,视,787375,414.77406 ,
453,罗,783224,412.58739 ,
454,敢,782369,412.13700 ,
455,留,778671,410.18896 ,
456,克,777926,409.79651 ,
457,乐,777260,409.44567 ,
458,够,768470,404.81527 ,
459,跑,767297,404.19736 ,
460,显,763327,402.10604 ,
461,嘴,762052,401.43439 ,
462,官,760400,400.56415 ,
463,断,759788,400.24176 ,
464,未,758953,399.80190 ,
465,势,756507,398.51339 ,
466,句,754300,397.35079 ,
467,求,749849,395.00608 ,
468,计,747431,393.73233 ,
469,论,744148,392.00291 ,
470,达,741782,390.75654 ,
471,则,740891,390.28718 ,
472,害,740250,389.94951 ,
473,八,740031,389.83415 ,
474,单,738919,389.24837 ,
475,久,737479,388.48980 ,
476,脚,735170,387.27347 ,
477,德,733775,386.53861 ,
478,元,732265,385.74317 ,
479,脑,728559,383.79092 ,
480,楚,728204,383.60391 ,
481,雨,725801,382.33806 ,
482,睛,724850,381.83709 ,
483,响,724098,381.44095 ,
484,刀,723425,381.08643 ,
485,确,722242,380.46325 ,
486,玉,721753,380.20565 ,
487,沉,718489,378.48624 ,
488,北,718033,378.24602 ,
489,格,715810,377.07499 ,
490,停,715545,376.93539 ,
491,陈,714404,376.33434 ,
492,市,712352,375.25338 ,
493,朝,709793,373.90535 ,
494,喝,707608,372.75433 ,
495,族,707445,372.66847 ,
496,江,705253,371.51377 ,
497,团,701923,369.75959 ,
498,母,701521,369.54782 ,
499,章,697369,367.36063 ,
500,装,695241,366.23964 ,
501,亮,693524,365.33515 ,
502,客,692916,365.01487 ,
503,照,692673,364.88686 ,
504,乱,692152,364.61241 ,
505,易,690500,363.74217 ,
506,足,680607,358.53073 ,
507,依,679811,358.11141 ,
508,黄,678776,357.56619 ,
509,修,678749,357.55197 ,
510,破,677496,356.89191 ,
511,台,676961,356.61008 ,
512,球,673782,354.93545 ,
513,呀,673765,354.92649 ,
514,院,672894,354.46766 ,
515,送,668592,352.20145 ,
516,包,667583,351.66993 ,
517,义,667264,351.50189 ,
518,诉,667093,351.41181 ,
519,攻,665395,350.51734 ,
520,丝,661300,348.36017 ,
521,围,659219,347.26394 ,
522,玩,658958,347.12645 ,
523,待,658854,347.07166 ,
524,复,656644,345.90748 ,
525,况,655809,345.46761 ,
526,楼,654626,344.84443 ,
527,丽,653445,344.22230 ,
528,痛,653298,344.14487 ,
529,梦,650909,342.88639 ,
530,呼,649070,341.91764 ,
531,摇,647544,341.11377 ,
532,期,647443,341.06057 ,
533,英,646331,340.47479 ,
534,低,646263,340.43896 ,
535,帝,643284,338.86968 ,
536,兄,642800,338.61472 ,
537,背,642470,338.44088 ,
538,持,641315,337.83245 ,
539,爷,641029,337.68179 ,
540,皇,640305,337.30040 ,
541,七,638221,336.20259 ,
542,六,635084,334.55008 ,
543,穿,634742,334.36992 ,
544,杨,633480,333.70512 ,
545,政,633183,333.54867 ,
546,运,630729,332.25595 ,
547,居,627014,330.29896 ,
548,叶,625969,329.74847 ,
549,热,625680,329.59623 ,
550,校,623489,328.44206 ,
551,谢,623220,328.30035 ,
552,曾,621971,327.64240 ,
553,古,621960,327.63661 ,
554,细,618534,325.83186 ,
555,产,617667,325.37514 ,
556,睡,616243,324.62500 ,
557,希,614576,323.74686 ,
558,速,614540,323.72790 ,
559,室,614287,323.59462 ,
560,旁,610425,321.56019 ,
561,另,608814,320.71155 ,
562,怀,607039,319.77651 ,
563,露,606979,319.74491 ,
564,异,605892,319.17229 ,
565,写,605147,318.77984 ,
566,鬼,604413,318.39319 ,
567,娘,603856,318.09977 ,
568,取,602170,317.21162 ,
569,式,600521,316.34296 ,
570,除,599918,316.02531 ,
571,级,599204,315.64918 ,
572,考,599063,315.57491 ,
573,建,598616,315.33944 ,
574,愿,597660,314.83584 ,
575,招,593719,312.75979 ,
576,饭,592046,311.87849 ,
577,布,591571,311.62827 ,
578,续,591245,311.45654 ,
579,程,590619,311.12677 ,
580,首,588887,310.21439 ,
581,观,588781,310.15855 ,
582,朋,588716,310.12431 ,
583,务,587619,309.54643 ,
584,掉,586059,308.72465 ,
585,赶,585731,308.55187 ,
586,忽,585369,308.36117 ,
587,注,583182,307.20910 ,
588,术,579874,305.46651 ,
589,甚,576087,303.47159 ,
590,差,573616,302.16992 ,
591,呵,570893,300.73549 ,
592,展,570379,300.46473 ,
593,争,569448,299.97429 ,
594,品,566800,298.57938 ,
595,兰,565307,297.79289 ,
596,宝,564720,297.48367 ,
597,香,563262,296.71563 ,
598,斗,562155,296.13248 ,
599,故,560446,295.23221 ,
600,雷,560379,295.19692 ,
601,念,559620,294.79709 ,
602,段,559051,294.49735 ,
603,顿,557768,293.82149 ,
604,角,557634,293.75091 ,
605,疑,556639,293.22676 ,
606,护,551817,290.68662 ,
607,闪,551016,290.26467 ,
608,木,547209,288.25922 ,
609,需,543409,286.25745 ,
610,调,542792,285.93242 ,
611,类,542775,285.92347 ,
612,妹,542424,285.73857 ,
613,爸,541485,285.24392 ,
614,线,539444,284.16876 ,
615,左,538289,283.56033 ,
616,游,537555,283.17367 ,
617,派,537090,282.92872 ,
618,谈,536829,282.79123 ,
619,激,535171,281.91783 ,
620,冰,534562,281.59702 ,
621,敌,534220,281.41686 ,
622,跳,532527,280.52502 ,
623,支,532396,280.45601 ,
624,约,526224,277.20472 ,
625,巴,523594,275.81929 ,
626,您,523541,275.79137 ,
627,顾,523266,275.64650 ,
628,肯,522835,275.41946 ,
629,醒,522582,275.28618 ,
630,铁,520031,273.94237 ,
631,抱,519992,273.92182 ,
632,淡,518865,273.32814 ,
633,造,518334,273.04842 ,
634,伙,518273,273.01628 ,
635,资,517472,272.59433 ,
636,群,516077,271.85947 ,
637,集,515762,271.69354 ,
638,联,514908,271.24367 ,
639,商,514550,271.05508 ,
640,号,513737,270.62681 ,
641,节,511250,269.31670 ,
642,讲,510842,269.10178 ,
643,掌,510260,268.79519 ,
644,赵,507405,267.29123 ,
645,密,506110,266.60905 ,
646,九,506014,266.55848 ,
647,病,505956,266.52793 ,
648,卫,504141,265.57182 ,
649,米,503964,265.47858 ,
650,威,503918,265.45435 ,
651,继,503302,265.12985 ,
652,渐,503123,265.03556 ,
653,统,503061,265.00289 ,
654,追,502402,264.65575 ,
655,亚,502177,264.53722 ,
656,简,501969,264.42765 ,
657,练,501341,264.09683 ,
658,基,499224,262.98164 ,
659,选,498189,262.43642 ,
660,推,497295,261.96548 ,
661,改,495567,261.05520 ,
662,退,494368,260.42359 ,
663,味,493741,260.09330 ,
664,份,493685,260.06380 ,
665,举,493503,259.96792 ,
666,示,492951,259.67714 ,
667,忍,492901,259.65080 ,
668,历,492045,259.19988 ,
669,器,489638,257.93192 ,
670,恐,489578,257.90031 ,
671,引,489419,257.81655 ,
672,试,489076,257.63586 ,
673,皮,487744,256.93419 ,
674,习,487160,256.62655 ,
675,靠,486494,256.27572 ,
676,导,486193,256.11716 ,
677,存,485467,255.73471 ,
678,莫,485268,255.62988 ,
679,志,485065,255.52295 ,
680,区,485061,255.52084 ,
681,汉,484364,255.15367 ,
682,右,483406,254.64902 ,
683,严,480979,253.37052 ,
684,态,478661,252.14944 ,
685,买,477539,251.55839 ,
686,幸,477019,251.28447 ,
687,社,476704,251.11853 ,
688,佛,475734,250.60755 ,
689,议,474942,250.19034 ,
690,树,474612,250.01651 ,
691,止,472691,249.00456 ,
692,块,472478,248.89236 ,
693,守,470593,247.89937 ,
694,毛,469562,247.35626 ,
695,挥,468277,246.67935 ,
696,胡,468131,246.60244 ,
697,散,468009,246.53817 ,
698,板,466756,245.87812 ,
699,仅,466676,245.83597 ,
700,隐,466049,245.50568 ,
701,怒,466019,245.48988 ,
702,床,465801,245.37504 ,
703,苏,465272,245.09637 ,
704,料,463518,244.17240 ,
705,股,461541,243.13095 ,
706,局,461034,242.86388 ,
707,班,459772,242.19908 ,
708,图,457307,240.90056 ,
709,岁,456625,240.54130 ,
710,礼,456545,240.49916 ,
711,独,456526,240.48915 ,
712,初,455646,240.02558 ,
713,福,455530,239.96447 ,
714,顺,454929,239.64788 ,
715,狂,454886,239.62523 ,
716,默,454458,239.39977 ,
717,巨,453729,239.01574 ,
718,既,453256,238.76658 ,
719,松,452901,238.57957 ,
720,证,452885,238.57114 ,
721,烈,452123,238.16973 ,
722,否,450892,237.52127 ,
723,恶,450813,237.47965 ,
724,治,450800,237.47280 ,
725,缓,450418,237.27157 ,
726,排,449584,236.83224 ,
727,费,449492,236.78377 ,
728,拍,449481,236.77798 ,
729,耳,448849,236.44505 ,
730,医,448630,236.32969 ,
731,寒,448294,236.15269 ,
732,哭,447753,235.86770 ,
733,温,447521,235.74549 ,
734,府,442709,233.21062 ,
735,担,442662,233.18586 ,
736,称,442107,232.89350 ,
737,余,441792,232.72756 ,
738,钟,439739,231.64608 ,
739,泪,439483,231.51122 ,
740,烟,435202,229.25607 ,
741,仍,434011,228.62868 ,
742,具,433976,228.61024 ,
743,忘,433906,228.57337 ,
744,恩,433653,228.44009 ,
745,毕,433506,228.36265 ,
746,警,433397,228.30523 ,
747,蓝,431855,227.49294 ,
748,宫,431590,227.35334 ,
749,吸,431549,227.33174 ,
750,陆,431372,227.23850 ,
751,究,429844,226.43358 ,
752,抓,428755,225.85992 ,
753,压,427672,225.28941 ,
754,沙,427658,225.28204 ,
755,救,427315,225.10135 ,
756,呆,427048,224.96070 ,
757,河,425953,224.38388 ,
758,迷,424854,223.80495 ,
759,枪,424121,223.41882 ,
760,组,423884,223.29397 ,
761,权,422461,222.54436 ,
762,叹,421997,222.29993 ,
763,孙,421364,221.96648 ,
764,卷,419864,221.17631 ,
765,查,417554,219.95945 ,
766,毫,414933,218.57875 ,
767,春,414544,218.37384 ,
768,察,413974,218.07357 ,
769,圣,413460,217.80280 ,
770,草,411706,216.87883 ,
771,较,411372,216.70289 ,
772,胜,411127,216.57383 ,
773,遇,409411,215.66987 ,
774,充,409223,215.57083 ,
775,史,409099,215.50551 ,
776,堂,408194,215.02878 ,
777,防,406226,213.99207 ,
778,据,405279,213.49321 ,
779,猛,403183,212.38908 ,
780,骑,402931,212.25633 ,
781,土,402279,211.91287 ,
782,卡,402256,211.90075 ,
783,助,401900,211.71322 ,
784,京,399657,210.53165 ,
785,银,399570,210.48582 ,
786,贵,399328,210.35834 ,
787,永,399313,210.35044 ,
788,质,398905,210.13551 ,
789,屋,398799,210.07967 ,
790,须,397623,209.46018 ,
791,副,396897,209.07773 ,
792,换,396459,208.84700 ,
793,刺,394555,207.84401 ,
794,属,394530,207.83084 ,
795,闻,394529,207.83032 ,
796,境,394043,207.57430 ,
797,禁,393943,207.52162 ,
798,阴,393419,207.24559 ,
799,共,393083,207.06859 ,
800,负,391986,206.49071 ,
801,弄,391479,206.22364 ,
802,翻,391454,206.21047 ,
803,虎,391382,206.17254 ,
804,层,390823,205.87807 ,
805,喊,390618,205.77008 ,
806,逃,388318,204.55848 ,
807,晓,388267,204.53162 ,
808,座,388236,204.51529 ,
809,雅,387226,203.98324 ,
810,参,387049,203.89000 ,
811,射,386983,203.85523 ,
812,婚,386955,203.84048 ,
813,险,386142,203.41221 ,
814,君,385417,203.03029 ,
815,划,385366,203.00342 ,
816,坚,385150,202.88964 ,
817,价,384863,202.73845 ,
818,柔,384782,202.69578 ,
819,超,383924,202.24381 ,
820,扬,383219,201.87243 ,
821,科,383049,201.78287 ,
822,按,382695,201.59639 ,
823,狠,382360,201.41992 ,
824,野,381317,200.87049 ,
825,秦,381190,200.80359 ,
826,秘,380904,200.65293 ,
827,熟,379833,200.08875 ,
828,置,379704,200.02079 ,
829,仙,379429,199.87593 ,
830,模,378985,199.64204 ,
831,伸,378380,199.32333 ,
832,波,377782,199.00832 ,
833,肉,377486,198.85239 ,
834,假,377294,198.75125 ,
835,齐,376615,198.39356 ,
836,舞,376446,198.30454 ,
837,脱,375299,197.70032 ,
838,广,374959,197.52122 ,
839,姑,374941,197.51173 ,
840,麻,374419,197.23675 ,
841,投,373978,197.00444 ,
842,顶,372322,196.13209 ,
843,致,370734,195.29557 ,
844,责,370704,195.27976 ,
845,景,369788,194.79723 ,
846,营,369626,194.71189 ,
847,维,369458,194.62339 ,
848,设,369436,194.61181 ,
849,坏,365836,192.71539 ,
850,啦,365599,192.59055 ,
851,秀,364108,191.80512 ,
852,败,364055,191.77720 ,
853,眉,363007,191.22513 ,
854,州,362849,191.14190 ,
855,药,361732,190.55349 ,
856,承,361606,190.48711 ,
857,案,361285,190.31801 ,
858,狼,360398,189.85076 ,
859,专,360222,189.75805 ,
860,偷,359993,189.63741 ,
861,画,359784,189.52732 ,
862,吴,358239,188.71344 ,
863,店,356601,187.85057 ,
864,哦,356333,187.70940 ,
865,弹,355948,187.50659 ,
866,食,353226,186.07269 ,
867,欲,353022,185.96522 ,
868,抬,352793,185.84459 ,
869,标,352517,185.69920 ,
870,秋,352446,185.66180 ,
871,厉,352288,185.57857 ,
872,良,352124,185.49218 ,
873,际,352008,185.43107 ,
874,状,351779,185.31044 ,
875,烦,350929,184.86267 ,
876,午,350826,184.80841 ,
877,摆,349256,183.98137 ,
878,戏,347524,183.06898 ,
879,桌,346095,182.31621 ,
880,船,345686,182.10076 ,
881,短,345480,181.99224 ,
882,村,343959,181.19101 ,
883,某,342978,180.67424 ,
884,摸,342354,180.34553 ,
885,付,342108,180.21594 ,
886,演,341366,179.82507 ,
887,规,341239,179.75817 ,
888,萧,341190,179.73235 ,
889,封,341037,179.65176 ,
890,握,340839,179.54745 ,
891,田,339958,179.08336 ,
892,唐,339749,178.97326 ,
893,藏,339641,178.91637 ,
894,震,338757,178.45070 ,
895,混,338565,178.34955 ,
896,虚,337176,177.61786 ,
897,透,336303,177.15798 ,
898,纪,335852,176.92040 ,
899,凌,335556,176.76447 ,
900,休,334462,176.18817 ,
901,嘛,334431,176.17184 ,
902,梅,333631,175.75042 ,
903,紫,332619,175.21732 ,
904,歌,332504,175.15674 ,
905,临,332190,174.99133 ,
906,毒,331576,174.66788 ,
907,宗,329551,173.60115 ,
908,著,329248,173.44154 ,
909,索,329201,173.41678 ,
910,印,328075,172.82362 ,
911,寻,328045,172.80782 ,
912,湖,327739,172.64662 ,
913,劲,327635,172.59184 ,
914,职,326699,172.09877 ,
915,技,326479,171.98288 ,
916,恨,326212,171.84223 ,
917,婆,325914,171.68525 ,
918,杰,324690,171.04047 ,
919,羽,322339,169.80201 ,
920,咱,321520,169.37057 ,
921,素,320732,168.95547 ,
922,凡,320342,168.75003 ,
923,值,320306,168.73106 ,
924,飘,319989,168.56407 ,
925,养,319753,168.43975 ,
926,嘿,319099,168.09524 ,
927,普,317637,167.32508 ,
928,宁,316587,166.77196 ,
929,吓,316375,166.66029 ,
930,兽,315293,166.09031 ,
931,夏,314864,165.86432 ,
932,读,313506,165.14895 ,
933,街,313485,165.13789 ,
934,牛,313393,165.08943 ,
935,仿,313234,165.00567 ,
936,胸,313164,164.96879 ,
937,浪,312811,164.78284 ,
938,富,312299,164.51313 ,
939,尚,311735,164.21602 ,
940,宇,311167,163.91681 ,
941,骨,310699,163.67028 ,
942,智,310406,163.51593 ,
943,纷,308101,162.30170 ,
944,升,307512,161.99143 ,
945,叔,306516,161.46676 ,
946,善,305341,160.84779 ,
947,弱,305241,160.79511 ,
948,架,304618,160.46693 ,
949,卖,303880,160.07816 ,
950,袋,303806,160.03918 ,
951,网,303788,160.02970 ,
952,朱,302713,159.46341 ,
953,骂,302419,159.30853 ,
954,雄,302005,159.09045 ,
955,赛,301766,158.96455 ,
956,略,301716,158.93821 ,
957,杯,301690,158.92451 ,
958,施,301591,158.87236 ,
959,墙,301301,158.71959 ,
960,环,300871,158.49308 ,
961,罪,300821,158.46674 ,
962,牙,300629,158.36560 ,
963,窗,298137,157.05286 ,
964,柳,297897,156.92643 ,
965,厅,297396,156.66251 ,
966,搞,297225,156.57243 ,
967,端,296020,155.93766 ,
968,洞,295409,155.61580 ,
969,适,295023,155.41246 ,
970,拥,294913,155.35452 ,
971,释,294626,155.20333 ,
972,洋,293496,154.60807 ,
973,肩,292627,154.15030 ,
974,魂,291928,153.78208 ,
975,闹,291121,153.35696 ,
976,蒙,290989,153.28743 ,
977,洗,290306,152.92764 ,
978,灯,290150,152.84546 ,
979,借,289749,152.63422 ,
980,伯,289144,152.31552 ,
981,免,289084,152.28391 ,
982,菜,288767,152.11692 ,
983,验,288664,152.06266 ,
984,凤,288364,151.90463 ,
985,鱼,288142,151.78768 ,
986,徐,287405,151.39945 ,
987,型,286621,150.98645 ,
988,娜,286464,150.90375 ,
989,暴,286045,150.68302 ,
990,亡,286000,150.65932 ,
991,讨,282187,148.65070 ,
992,辈,281934,148.51743 ,
993,懂,281376,148.22348 ,
994,腿,280952,148.00013 ,
995,灭,280837,147.93955 ,
996,妙,280421,147.72041 ,
997,效,279884,147.43753 ,
998,危,279881,147.43595 ,
999,优,279594,147.28476 ,
1000,盘,279546,147.25948 ,
1001,套,278641,146.78274 ,
1002,丁,278627,146.77536 ,
1003,趣,278572,146.74639 ,
1004,妖,278201,146.55096 ,
1005,束,277980,146.43454 ,
1006,杂,277650,146.26070 ,
1007,诗,277494,146.17852 ,
1008,迎,276814,145.82031 ,
1009,舍,276743,145.78291 ,
1010,旧,275220,144.98062 ,
1011,彩,274800,144.75937 ,
1012,委,274305,144.49862 ,
1013,挂,273923,144.29739 ,
1014,笔,273860,144.26420 ,
1015,狗,273402,144.02293 ,
1016,鲜,273041,143.83277 ,
1017,纸,273013,143.81802 ,
1018,抗,272796,143.70371 ,
1019,探,272677,143.64102 ,
1020,韩,272550,143.57412 ,
1021,尼,272244,143.41292 ,
1022,控,271743,143.14901 ,
1023,惜,271651,143.10054 ,
1024,珠,271642,143.09580 ,
1025,抽,270738,142.61959 ,
1026,创,270394,142.43838 ,
1027,归,270263,142.36937 ,
1028,挺,269816,142.13390 ,
1029,奋,269740,142.09386 ,
1030,陪,269126,141.77042 ,
1031,硬,268057,141.20729 ,
1032,避,268046,141.20150 ,
1033,园,267608,140.97077 ,
1034,托,267516,140.92230 ,
1035,训,267251,140.78271 ,
1036,勇,266642,140.46190 ,
1037,聊,265573,139.89877 ,
1038,奶,265359,139.78604 ,
1039,庄,264912,139.55057 ,
1040,奔,264800,139.49157 ,
1041,镇,264517,139.34249 ,
1042,拳,264501,139.33406 ,
1043,采,264104,139.12493 ,
1044,研,263794,138.96162 ,
1045,配,262063,138.04977 ,
1046,介,261749,137.88436 ,
1047,尊,260962,137.46978 ,
1048,冒,258486,136.16547 ,
1049,虑,257747,135.77618 ,
1050,敬,255846,134.77477 ,
1051,丹,255714,134.70523 ,
1052,舒,255489,134.58671 ,
1053,蛋,255478,134.58091 ,
1054,哼,255327,134.50137 ,
1055,宋,255294,134.48399 ,
1056,济,255044,134.35229 ,
1057,妇,254489,134.05993 ,
1058,箭,254320,133.97090 ,
1059,择,254252,133.93508 ,
1060,犯,254131,133.87134 ,
1061,欣,253814,133.70435 ,
1062,甲,253580,133.58108 ,
1063,欧,253543,133.56159 ,
1064,课,253331,133.44992 ,
1065,扑,252812,133.17652 ,
1066,菲,252624,133.07748 ,
1067,燕,251483,132.47643 ,
1068,曲,250151,131.77475 ,
1069,躲,249450,131.40548 ,
1070,玄,249249,131.29960 ,
1071,幻,248831,131.07940 ,
1072,茶,248811,131.06887 ,
1073,折,248570,130.94191 ,
1074,伊,248425,130.86553 ,
1075,傻,248211,130.75280 ,
1076,姓,248203,130.74858 ,
1077,源,247962,130.62163 ,
1078,洛,247888,130.58265 ,
1079,遍,247865,130.57053 ,
1080,臣,247343,130.29555 ,
1081,弃,247281,130.26289 ,
1082,犹,246801,130.01004 ,
1083,占,246282,129.73664 ,
1084,漂,245966,129.57018 ,
1085,挑,245886,129.52803 ,
1086,获,245741,129.45165 ,
1087,绿,245485,129.31679 ,
1088,峰,245132,129.13084 ,
1089,俊,244925,129.02180 ,
1090,疯,244767,128.93857 ,
1091,列,244324,128.70520 ,
1092,森,243708,128.38070 ,
1093,妻,243636,128.34278 ,
1094,恋,243571,128.30854 ,
1095,误,243473,128.25691 ,
1096,拜,242993,128.00406 ,
1097,伟,242973,127.99352 ,
1098,移,242884,127.94664 ,
1099,纳,242616,127.80546 ,
1100,党,242508,127.74857 ,
1101,罢,242362,127.67166 ,
1102,腰,241952,127.45568 ,
1103,巧,241945,127.45199 ,
1104,孤,241832,127.39246 ,
1105,闭,241527,127.23180 ,
1106,圆,240477,126.67868 ,
1107,碰,240438,126.65813 ,
1108,镜,239736,126.28833 ,
1109,软,239536,126.18297 ,
1110,厚,239064,125.93433 ,
1111,累,238891,125.84320 ,
1112,昨,238837,125.81475 ,
1113,幽,238716,125.75101 ,
1114,悲,238519,125.64724 ,
1115,丈,238063,125.40703 ,
1116,牌,237160,124.93134 ,
1117,降,236721,124.70009 ,
1118,颜,236409,124.53573 ,
1119,劳,236325,124.49148 ,
1120,偏,236193,124.42195 ,
1121,省,235937,124.28709 ,
1122,糊,235912,124.27392 ,
1123,馆,235908,124.27181 ,
1124,烧,235818,124.22440 ,
1125,谓,235703,124.16382 ,
1126,财,235676,124.14960 ,
1127,舰,235654,124.13801 ,
1128,汗,235293,123.94784 ,
1129,奈,235258,123.92941 ,
1130,操,235165,123.88042 ,
1131,迹,234061,123.29885 ,
1132,尸,233817,123.17031 ,
1133,悄,233784,123.15293 ,
1134,残,232905,122.68989 ,
1135,尖,232729,122.59718 ,
1136,鲁,232665,122.56346 ,
1137,锋,232525,122.48971 ,
1138,圈,232242,122.34064 ,
1139,油,231197,121.79015 ,
1140,俩,231043,121.70902 ,
1141,项,230765,121.56258 ,
1142,撞,230714,121.53571 ,
1143,瞬,230645,121.49937 ,
1144,忆,229878,121.09533 ,
1145,盖,229688,120.99524 ,
1146,尤,229183,120.72921 ,
1147,徒,228560,120.40103 ,
1148,乡,228067,120.14133 ,
1149,概,227790,119.99541 ,
1150,户,227191,119.67987 ,
1151,荡,226789,119.46810 ,
1152,艺,226121,119.11621 ,
1153,增,226112,119.11147 ,
1154,祖,225814,118.95449 ,
1155,困,225133,118.59575 ,
1156,殿,225035,118.54413 ,
1157,迅,225006,118.52885 ,
1158,横,224880,118.46247 ,
1159,范,224772,118.40558 ,
1160,律,223633,117.80558 ,
1161,番,223306,117.63332 ,
1162,企,222834,117.38468 ,
1163,惨,222830,117.38257 ,
1164,限,222821,117.37783 ,
1165,聚,222383,117.14710 ,
1166,含,222331,117.11971 ,
1167,凭,221418,116.63876 ,
1168,剧,220880,116.35535 ,
1169,碎,220325,116.06299 ,
1170,躺,220026,115.90548 ,
1171,缘,219837,115.80592 ,
1172,凉,219565,115.66263 ,
1173,腾,219541,115.64999 ,
1174,织,218959,115.34341 ,
1175,抢,218937,115.33182 ,
1176,预,218757,115.23700 ,
1177,沈,218519,115.11162 ,
1178,替,218469,115.08528 ,
1179,孔,218377,115.03682 ,
1180,批,218230,114.95938 ,
1181,康,217905,114.78818 ,
1182,惑,217812,114.73919 ,
1183,唯,217658,114.65806 ,
1184,率,217561,114.60697 ,
1185,惯,216834,114.22400 ,
1186,登,215944,113.75516 ,
1187,互,215472,113.50652 ,
1188,盯,215010,113.26315 ,
1189,稍,214761,113.13198 ,
1190,宣,214690,113.09458 ,
1191,唱,214664,113.08088 ,
1192,诚,214660,113.07877 ,
1193,剩,214523,113.00661 ,
1194,咬,214227,112.85068 ,
1195,育,214206,112.83962 ,
1196,诸,214093,112.78009 ,
1197,触,213212,112.31600 ,
1198,晨,213173,112.29545 ,
1199,策,213136,112.27596 ,
1200,疼,213129,112.27227 ,
1201,漫,213126,112.27069 ,
1202,材,212793,112.09527 ,
1203,补,212484,111.93250 ,
1204,私,212479,111.92987 ,
1205,吐,212473,111.92670 ,
1206,纯,212265,111.81713 ,
1207,艾,212019,111.68755 ,
1208,贝,211741,111.54110 ,
1209,谷,211522,111.42574 ,
1210,庭,211391,111.35673 ,
1211,挡,211337,111.32828 ,
1212,晃,210916,111.10651 ,
1213,吉,210857,111.07543 ,
1214,吹,209806,110.52178 ,
1215,仔,209161,110.18201 ,
1216,仇,208949,110.07033 ,
1217,凝,208926,110.05821 ,
1218,鼓,208688,109.93284 ,
1219,农,208656,109.91598 ,
1220,席,208395,109.77849 ,
1221,征,208067,109.60571 ,
1222,帅,207990,109.56515 ,
1223,附,207682,109.40290 ,
1224,缺,207517,109.31598 ,
1225,塞,206867,108.97357 ,
1226,豪,206593,108.82923 ,
1227,亦,205335,108.16654 ,
1228,杜,205040,108.01114 ,
1229,努,204860,107.91632 ,
1230,判,204750,107.85838 ,
1231,谋,204688,107.82572 ,
1232,胆,204655,107.80833 ,
1233,尘,204457,107.70403 ,
1234,扎,204372,107.65925 ,
1235,滚,203922,107.42220 ,
1236,闷,203501,107.20043 ,
1237,迟,203433,107.16461 ,
1238,稳,203430,107.16303 ,
1239,翼,203347,107.11930 ,
1240,诺,203149,107.01500 ,
1241,闲,202953,106.91175 ,
1242,灰,202762,106.81114 ,
1243,朵,202374,106.60675 ,
1244,盛,202048,106.43501 ,
1245,梁,201687,106.24485 ,
1246,晶,201335,106.05942 ,
1247,餐,201053,105.91087 ,
1248,爆,199957,105.33352 ,
1249,伦,199623,105.15757 ,
1250,娇,199460,105.07171 ,
1251,侧,199092,104.87785 ,
1252,愣,198676,104.65871 ,
1253,鼻,197996,104.30050 ,
1254,轮,197302,103.93491 ,
1255,昏,197245,103.90489 ,
1256,抖,197122,103.84009 ,
1257,陷,196684,103.60936 ,
1258,敏,196615,103.57301 ,
1259,词,196564,103.54615 ,
1260,慌,196225,103.36757 ,
1261,愤,195304,102.88240 ,
1262,怜,195035,102.74070 ,
1263,颤,194953,102.69750 ,
1264,阶,194358,102.38407 ,
1265,苍,194304,102.35562 ,
1266,距,193245,101.79776 ,
1267,郑,193156,101.75088 ,
1268,川,193133,101.73876 ,
1269,扫,192957,101.64605 ,
1270,逼,192855,101.59232 ,
1271,县,192413,101.35948 ,
1272,忧,192308,101.30417 ,
1273,童,192039,101.16247 ,
1274,执,191171,100.70522 ,
1275,丢,190646,100.42866 ,
1276,荣,190645,100.42813 ,
1277,臂,190591,100.39969 ,
1278,逐,190582,100.39495 ,
1279,傲,190525,100.36492 ,
1280,戴,189960,100.06729 ,
1281,芒,189889,100.02989 ,
1282,庆,189750,99.95666 ,
1283,伴,189544,99.84815 ,
1284,袭,189129,99.62953 ,
1285,供,188899,99.50837 ,
1286,积,188812,99.46254 ,
1287,测,188406,99.24867 ,
1288,遥,188299,99.19230 ,
1289,阻,187918,98.99160 ,
1290,例,187039,98.52856 ,
1291,睁,186982,98.49853 ,
1292,岛,186833,98.42004 ,
1293,遗,186827,98.41688 ,
1294,瞪,186802,98.40371 ,
1295,慕,186450,98.21829 ,
1296,皱,186309,98.14401 ,
1297,博,186289,98.13348 ,
1298,幕,186169,98.07026 ,
1299,猜,185595,97.76789 ,
1300,益,185217,97.56877 ,
1301,净,185047,97.47921 ,
1302,泽,184794,97.34594 ,
1303,炼,184752,97.32381 ,
1304,监,184301,97.08624 ,
1305,鸡,184249,97.05884 ,
1306,珍,183710,96.77491 ,
1307,伏,183556,96.69378 ,
1308,绍,183310,96.56420 ,
1309,曹,183285,96.55103 ,
1310,爬,183266,96.54102 ,
1311,丫,183167,96.48887 ,
1312,炸,183079,96.44251 ,
1313,壁,182739,96.26340 ,
1314,涌,182735,96.26130 ,
1315,凶,182557,96.16753 ,
1316,郎,182457,96.11485 ,
1317,宿,181931,95.83776 ,
1318,怨,181641,95.68500 ,
1319,醉,181356,95.53487 ,
1320,拼,181290,95.50010 ,
1321,迫,181073,95.38579 ,
1322,革,180934,95.31256 ,
1323,瞧,180832,95.25883 ,
1324,奥,180716,95.19773 ,
1325,输,180207,94.92959 ,
1326,莉,180099,94.87270 ,
1327,忠,180043,94.84320 ,
1328,颗,179813,94.72204 ,
1329,嗯,179528,94.57191 ,
1330,佳,179512,94.56348 ,
1331,旅,179263,94.43231 ,
1332,仁,179004,94.29588 ,
1333,鸟,178842,94.21054 ,
1334,骗,178600,94.08306 ,
1335,浩,178517,94.03933 ,
1336,塔,178293,93.92134 ,
1337,胖,178105,93.82230 ,
1338,绪,178054,93.79544 ,
1339,枫,177695,93.60632 ,
1340,拔,177503,93.50518 ,
1341,赞,177018,93.24969 ,
1342,炮,176432,92.94100 ,
1343,傅,176201,92.81931 ,
1344,凯,175931,92.67708 ,
1345,邪,175398,92.39631 ,
1346,芳,175343,92.36733 ,
1347,浑,175322,92.35627 ,
1348,夺,175135,92.25776 ,
1349,宽,175076,92.22668 ,
1350,堆,174996,92.18454 ,
1351,裂,174922,92.14556 ,
1352,遭,174294,91.81474 ,
1353,赤,174098,91.71149 ,
1354,旋,174074,91.69885 ,
1355,扭,173801,91.55504 ,
1356,洁,173303,91.29270 ,
1357,浮,173250,91.26478 ,
1358,悉,173018,91.14257 ,
1359,擦,172541,90.89129 ,
1360,慧,171937,90.57312 ,
1361,典,171037,90.09901 ,
1362,赏,170954,90.05529 ,
1363,匆,170609,89.87355 ,
1364,评,170396,89.76135 ,
1365,纵,170090,89.60015 ,
1366,莲,169828,89.46214 ,
1367,雾,169826,89.46108 ,
1368,乌,169572,89.32728 ,
1369,跃,169432,89.25353 ,
1370,壮,169349,89.20981 ,
1371,贴,169181,89.12131 ,
1372,丰,169048,89.05125 ,
1373,隔,169019,89.03597 ,
1374,健,168908,88.97750 ,
1375,辛,168855,88.94958 ,
1376,抵,168424,88.72254 ,
1377,竹,168423,88.72201 ,
1378,彻,168415,88.71779 ,
1379,摩,168189,88.59874 ,
1380,轰,168120,88.56239 ,
1381,编,167598,88.28741 ,
1382,肚,167538,88.25581 ,
1383,插,167435,88.20155 ,
1384,磨,167370,88.16731 ,
1385,哎,166400,87.65633 ,
1386,御,166243,87.57363 ,
1387,耐,165628,87.24966 ,
1388,惧,165581,87.22490 ,
1389,氏,165389,87.12376 ,
1390,辉,165245,87.04790 ,
1391,扶,165206,87.02735 ,
1392,恢,164984,86.91041 ,
1393,貌,164902,86.86721 ,
1394,额,164812,86.81980 ,
1395,述,164756,86.79030 ,
1396,票,164603,86.70971 ,
1397,录,164397,86.60119 ,
1398,拖,163823,86.29882 ,
1399,膀,163712,86.24034 ,
1400,鹰,162593,85.65088 ,
1401,孟,162475,85.58872 ,
1402,递,161919,85.29583 ,
1403,瑞,161507,85.07879 ,
1404,唇,161329,84.98503 ,
1405,暂,161191,84.91233 ,
1406,货,161159,84.89547 ,
1407,琴,161113,84.87124 ,
1408,踪,160848,84.73164 ,
1409,码,160836,84.72532 ,
1410,慰,160488,84.54200 ,
1411,蛇,160445,84.51935 ,
1412,玲,160182,84.38081 ,
1413,晕,160115,84.34551 ,
1414,损,160063,84.31812 ,
1415,轩,159922,84.24385 ,
1416,粗,159898,84.23120 ,
1417,掩,159891,84.22751 ,
1418,屁,159868,84.21540 ,
1419,悠,159692,84.12269 ,
1420,仰,159568,84.05736 ,
1421,零,159040,83.77922 ,
1422,盟,158636,83.56640 ,
1423,途,158599,83.54691 ,
1424,贼,158556,83.52426 ,
1425,洪,158368,83.42523 ,
1426,悟,158203,83.33831 ,
1427,固,157594,83.01750 ,
1428,讶,157124,82.76991 ,
1429,冬,156922,82.66350 ,
1430,滑,156890,82.64665 ,
1431,甜,156743,82.56921 ,
1432,郁,156526,82.45490 ,
1433,琳,156208,82.28738 ,
1434,辆,156125,82.24366 ,
1435,乃,155797,82.07087 ,
1436,猪,155635,81.98554 ,
1437,暖,155407,81.86543 ,
1438,妮,155375,81.84857 ,
1439,挣,155359,81.84014 ,
1440,旦,154394,81.33180 ,
1441,估,154328,81.29703 ,
1442,坦,154240,81.25068 ,
1443,甘,153739,80.98676 ,
1444,佩,153498,80.85980 ,
1445,莱,152961,80.57692 ,
1446,享,152710,80.44470 ,
1447,吼,152621,80.39782 ,
1448,构,152528,80.34883 ,
1449,粉,151878,80.00642 ,
1450,萨,151844,79.98851 ,
1451,吻,151655,79.88895 ,
1452,潜,151581,79.84997 ,
1453,瓶,151362,79.73460 ,
1454,偶,150991,79.53917 ,
1455,戒,150905,79.49386 ,
1456,浓,150479,79.26945 ,
1457,毁,150469,79.26419 ,
1458,销,150456,79.25734 ,
1459,迪,150391,79.22310 ,
1460,拒,150199,79.12195 ,
1461,绕,150071,79.05453 ,
1462,勒,149722,78.87068 ,
1463,朗,149504,78.75584 ,
1464,嘻,149024,78.50299 ,
1465,尾,148960,78.46927 ,
1466,帐,148792,78.38077 ,
1467,废,148745,78.35602 ,
1468,延,148658,78.31019 ,
1469,敲,148518,78.23644 ,
1470,烂,148472,78.21220 ,
1471,曼,148287,78.11475 ,
1472,厌,148169,78.05259 ,
1473,宜,148148,78.04153 ,
1474,羞,148102,78.01730 ,
1475,喂,148044,77.98674 ,
1476,吟,147887,77.90404 ,
1477,滴,147754,77.83398 ,
1478,洲,147589,77.74706 ,
1479,爹,147569,77.73652 ,
1480,艳,147563,77.73336 ,
1481,晴,147525,77.71334 ,
1482,抚,147135,77.50790 ,
1483,缩,146921,77.39517 ,
1484,协,146638,77.24609 ,
1485,央,146296,77.06593 ,
1486,悔,146037,76.92949 ,
1487,肖,145163,76.46909 ,
1488,缠,145147,76.46066 ,
1489,脆,145125,76.44907 ,
1490,痕,144963,76.36373 ,
1491,伍,144670,76.20938 ,
1492,寂,144616,76.18094 ,
1493,启,143593,75.64204 ,
1494,翔,143540,75.61412 ,
1495,薄,143289,75.48190 ,
1496,侯,142640,75.14002 ,
1497,劝,142540,75.08734 ,
1498,郭,142211,74.91403 ,
1499,奴,142209,74.91298 ,
1500,鸣,142206,74.91140 ,
1501,倾,141937,74.76969 ,
1502,彼,141382,74.47733 ,
1503,扔,141002,74.27715 ,
1504,撒,140910,74.22869 ,
1505,豫,140767,74.15336 ,
1506,检,140353,73.93527 ,
1507,针,140264,73.88839 ,
1508,耀,140263,73.88786 ,
1509,痴,140246,73.87891 ,
1510,姆,140194,73.85151 ,
1511,篇,140190,73.84941 ,
1512,椅,140068,73.78514 ,
1513,厂,140040,73.77039 ,
1514,董,139885,73.68874 ,
1515,熊,139726,73.60498 ,
1516,埋,139624,73.55125 ,
1517,乖,139563,73.51911 ,
1518,狐,139523,73.49804 ,
1519,蒋,139409,73.43799 ,
1520,踏,139340,73.40164 ,
1521,隆,139138,73.29523 ,
1522,括,139127,73.28944 ,
1523,潮,139090,73.26995 ,
1524,唉,139034,73.24045 ,
1525,穷,138792,73.11297 ,
1526,聪,138731,73.08083 ,
1527,唤,138357,72.88382 ,
1528,泰,138290,72.84852 ,
1529,版,138140,72.76950 ,
1530,末,137858,72.62095 ,
1531,旗,137444,72.40287 ,
1532,仪,137332,72.34387 ,
1533,焦,137278,72.31542 ,
1534,猫,137136,72.24062 ,
1535,盗,136597,71.95668 ,
1536,侍,136559,71.93666 ,
1537,挤,136500,71.90558 ,
1538,款,136499,71.90506 ,
1539,拾,136402,71.85396 ,
1540,荒,136353,71.82815 ,
1541,姿,135544,71.40198 ,
1542,域,135460,71.35773 ,
1543,搭,135458,71.35668 ,
1544,脉,134301,70.74719 ,
1545,授,134240,70.71506 ,
1546,俗,134099,70.64078 ,
1547,融,133868,70.51910 ,
1548,狱,133801,70.48380 ,
1549,欺,133789,70.47748 ,
1550,访,133498,70.32419 ,
1551,桥,133377,70.26045 ,
1552,锁,133243,70.18986 ,
1553,霸,133104,70.11664 ,
1554,牵,132558,69.82901 ,
1555,池,132332,69.70996 ,
1556,钻,132223,69.65254 ,
1557,港,132167,69.62304 ,
1558,喃,132068,69.57089 ,
1559,廷,132059,69.56615 ,
1560,乘,131984,69.52664 ,
1561,玛,131821,69.44078 ,
1562,奉,131631,69.34069 ,
1563,扯,131478,69.26009 ,
1564,岳,131477,69.25956 ,
1565,减,131292,69.16211 ,
1566,弯,130605,68.80021 ,
1567,夹,130443,68.71487 ,
1568,辞,130150,68.56053 ,
1569,岸,129872,68.41408 ,
1570,岂,129475,68.20495 ,
1571,屈,129274,68.09907 ,
1572,恼,128907,67.90574 ,
1573,哲,128653,67.77194 ,
1574,季,128550,67.71768 ,
1575,召,128448,67.66394 ,
1576,丧,128277,67.57387 ,
1577,尝,127841,67.34419 ,
1578,恭,127784,67.31416 ,
1579,载,127412,67.11820 ,
1580,瘦,127216,67.01495 ,
1581,皆,127084,66.94542 ,
1582,颇,127012,66.90749 ,
1583,茫,126870,66.83268 ,
1584,染,126552,66.66517 ,
1585,肃,126387,66.57825 ,
1586,爽,126265,66.51398 ,
1587,亏,126054,66.40283 ,
1588,吞,125696,66.21424 ,
1589,惹,125358,66.03619 ,
1590,哀,125269,65.98931 ,
1591,乔,124865,65.77649 ,
1592,趁,124805,65.74488 ,
1593,铺,124784,65.73382 ,
1594,脏,124291,65.47412 ,
1595,吕,124280,65.46832 ,
1596,奖,124266,65.46095 ,
1597,倍,124204,65.42829 ,
1598,汤,124040,65.34190 ,
1599,振,124002,65.32188 ,
1600,婷,123852,65.24286 ,
1601,牢,122871,64.72609 ,
1602,扰,122869,64.72503 ,
1603,溜,122662,64.61599 ,
1604,庞,122515,64.53855 ,
1605,臭,122493,64.52697 ,
1606,悦,122437,64.49747 ,
1607,赫,122145,64.34365 ,
1608,赢,122118,64.32942 ,
1609,跪,121795,64.15927 ,
1610,麦,121753,64.13715 ,
1611,枝,121572,64.04180 ,
1612,侠,121181,63.83583 ,
1613,泉,121061,63.77261 ,
1614,劫,120969,63.72415 ,
1615,炎,120855,63.66410 ,
1616,泥,120657,63.55980 ,
1617,赌,120539,63.49764 ,
1618,弓,120521,63.48815 ,
1619,魏,120376,63.41177 ,
1620,罩,120318,63.38122 ,
1621,疾,120121,63.27744 ,
1622,饰,119944,63.18420 ,
1623,符,119925,63.17419 ,
1624,垂,119904,63.16313 ,
1625,映,119292,62.84074 ,
1626,漠,119153,62.76752 ,
1627,脖,119048,62.71221 ,
1628,饮,118969,62.67059 ,
1629,沿,118963,62.66743 ,
1630,懒,118774,62.56787 ,
1631,肤,118772,62.56681 ,
1632,桑,118729,62.54416 ,
1633,堪,118698,62.52783 ,
1634,燃,118687,62.52204 ,
1635,卓,118671,62.51361 ,
1636,祝,118176,62.25285 ,
1637,赖,118093,62.20913 ,
1638,宾,117598,61.94837 ,
1639,贾,117313,61.79824 ,
1640,喘,117078,61.67445 ,
1641,焰,117059,61.66444 ,
1642,吵,117058,61.66391 ,
1643,冥,116978,61.62177 ,
1644,鞋,116843,61.55065 ,
1645,逸,116826,61.54170 ,
1646,均,116506,61.37313 ,
1647,库,116418,61.32677 ,
1648,裤,116368,61.30043 ,
1649,碗,116150,61.18559 ,
1650,航,116067,61.14187 ,
1651,踢,115921,61.06496 ,
1652,姨,115750,60.97488 ,
1653,酸,115604,60.89797 ,
1654,啸,115578,60.88428 ,
1655,龄,115480,60.83265 ,
1656,阁,115474,60.82949 ,
1657,舌,115405,60.79314 ,
1658,箱,115256,60.71465 ,
1659,冯,115225,60.69832 ,
1660,邦,114842,60.49656 ,
1661,钢,114590,60.36382 ,
1662,霞,114414,60.27110 ,
1663,促,114240,60.17944 ,
1664,泡,114183,60.14942 ,
1665,盾,113909,60.00508 ,
1666,羊,113627,59.85653 ,
1667,碧,113618,59.85179 ,
1668,援,113598,59.84125 ,
1669,忌,113527,59.80385 ,
1670,抹,113249,59.65740 ,
1671,倩,112856,59.45038 ,
1672,锐,112841,59.44248 ,
1673,喷,112711,59.37399 ,
1674,拦,112670,59.35240 ,
1675,嘉,112633,59.33291 ,
1676,袖,112531,59.27917 ,
1677,殊,112194,59.10165 ,
1678,辰,112021,59.01052 ,
1679,繁,111669,58.82509 ,
1680,络,111535,58.75450 ,
1681,抛,111366,58.66547 ,
1682,嫁,111212,58.58435 ,
1683,咒,111198,58.57698 ,
1684,撤,111118,58.53483 ,
1685,键,110933,58.43738 ,
1686,湿,110683,58.30568 ,
1687,恰,110670,58.29884 ,
1688,虫,110359,58.13501 ,
1689,审,110344,58.12710 ,
1690,献,110306,58.10709 ,
1691,媚,110163,58.03176 ,
1692,贤,109707,57.79155 ,
1693,葛,109554,57.71095 ,
1694,刹,109543,57.70515 ,
1695,袁,109370,57.61402 ,
1696,摔,109217,57.53342 ,
1697,序,109198,57.52341 ,
1698,筑,108668,57.24422 ,
1699,斜,108597,57.20682 ,
1700,瓦,108370,57.08724 ,
1701,涂,108136,56.96397 ,
1702,湾,107989,56.88654 ,
1703,莎,107897,56.83807 ,
1704,崇,107803,56.78855 ,
1705,猎,107720,56.74483 ,
1706,刑,107683,56.72534 ,
1707,墨,107669,56.71797 ,
1708,娃,107391,56.57152 ,
1709,梯,107297,56.52200 ,
1710,桃,107204,56.47301 ,
1711,豆,107185,56.46300 ,
1712,驾,107183,56.46195 ,
1713,浅,106957,56.34290 ,
1714,径,106709,56.21226 ,
1715,饿,106677,56.19540 ,
1716,疲,106623,56.16695 ,
1717,搬,106566,56.13693 ,
1718,瓜,106525,56.11533 ,
1719,莹,106488,56.09584 ,
1720,滋,106362,56.02946 ,
1721,润,106301,55.99733 ,
1722,铃,106214,55.95150 ,
1723,蛮,105867,55.76871 ,
1724,蒂,105801,55.73394 ,
1725,拨,105755,55.70971 ,
1726,涛,105605,55.63069 ,
1727,予,105542,55.59750 ,
1728,勾,105524,55.58802 ,
1729,惠,105489,55.56958 ,
1730,析,105460,55.55431 ,
1731,砍,105218,55.42683 ,
1732,撑,105150,55.39101 ,
1733,截,105111,55.37046 ,
1734,措,104929,55.27459 ,
1735,币,104705,55.15659 ,
1736,薇,104428,55.01067 ,
1737,愈,103820,54.69039 ,
1738,督,103779,54.66879 ,
1739,酷,103579,54.56343 ,
1740,祥,103572,54.55974 ,
1741,怖,103474,54.50812 ,
1742,侵,103019,54.26844 ,
1743,岩,102961,54.23788 ,
1744,扮,102939,54.22629 ,
1745,糟,102902,54.20680 ,
1746,盈,102878,54.19416 ,
1747,腹,102733,54.11778 ,
1748,斩,102461,53.97449 ,
1749,尺,102253,53.86492 ,
1750,签,102159,53.81540 ,
1751,稀,102120,53.79486 ,
1752,掏,102071,53.76905 ,
1753,夸,102041,53.75324 ,
1754,汽,102025,53.74481 ,
1755,液,101930,53.69477 ,
1756,姬,101929,53.69424 ,
1757,愧,101918,53.68845 ,
1758,汇,101717,53.58257 ,
1759,柱,101550,53.49459 ,
1760,粮,101018,53.21435 ,
1761,堡,100994,53.20170 ,
1762,仗,100976,53.19222 ,
1763,笨,100829,53.11479 ,
1764,奏,100818,53.10899 ,
1765,歉,100666,53.02892 ,
1766,甩,100637,53.01364 ,
1767,怔,100634,53.01206 ,
1768,允,100455,52.91777 ,
1769,竞,100299,52.83559 ,
1770,祸,100219,52.79345 ,
1771,耶,100191,52.77870 ,
1772,爵,99014,52.15868 ,
1773,绩,99008,52.15552 ,
1774,诱,98758,52.02382 ,
1775,呜,98630,51.95639 ,
1776,穴,98539,51.90846 ,
1777,黎,98444,51.85841 ,
1778,租,98428,51.84998 ,
1779,培,98414,51.84261 ,
1780,砸,98411,51.84103 ,
1781,麽,98350,51.80890 ,
1782,井,98246,51.75411 ,
1783,窝,98104,51.67931 ,
1784,弥,97735,51.48493 ,
1785,返,97646,51.43804 ,
1786,匹,97644,51.43699 ,
1787,啥,97619,51.42382 ,
1788,凑,97611,51.41960 ,
1789,奸,97555,51.39010 ,
1790,陌,97194,51.19994 ,
1791,叛,97192,51.19888 ,
1792,核,96965,51.07930 ,
1793,卧,96870,51.02926 ,
1794,幅,96800,50.99239 ,
1795,眨,96795,50.98975 ,
1796,耗,96793,50.98870 ,
1797,洒,96761,50.97184 ,
1798,怡,96402,50.78273 ,
1799,详,96353,50.75691 ,
1800,卢,96170,50.66051 ,
1801,扣,96155,50.65261 ,
1802,哇,96108,50.62785 ,
1803,丑,95998,50.56991 ,
1804,勉,95918,50.52776 ,
1805,孝,95871,50.50301 ,
1806,矛,95725,50.42610 ,
1807,氛,95504,50.30968 ,
1808,衡,95483,50.29861 ,
1809,陶,95450,50.28123 ,
1810,购,95339,50.22276 ,
1811,汪,95118,50.10634 ,
1812,僵,94955,50.02047 ,
1813,疗,94630,49.84927 ,
1814,妃,94415,49.73601 ,
1815,罚,94402,49.72916 ,
1816,棋,94079,49.55901 ,
1817,缝,94012,49.52372 ,
1818,咐,93482,49.24453 ,
1819,躯,93458,49.23188 ,
1820,泛,93454,49.22978 ,
1821,愁,93376,49.18869 ,
1822,搜,93119,49.05330 ,
1823,慈,93047,49.01538 ,
1824,肥,93039,49.01116 ,
1825,笼,92617,48.78886 ,
1826,篮,92437,48.69404 ,
1827,俱,92404,48.67666 ,
1828,惟,92036,48.48280 ,
1829,柜,91808,48.36270 ,
1830,捉,91410,48.15304 ,
1831,悬,91146,48.01397 ,
1832,霍,91016,47.94548 ,
1833,泄,90918,47.89386 ,
1834,咽,90794,47.82854 ,
1835,齿,90782,47.82222 ,
1836,秒,90580,47.71581 ,
1837,勤,89958,47.38815 ,
1838,扩,89799,47.30439 ,
1839,屏,89750,47.27858 ,
1840,霜,89624,47.21221 ,
1841,袍,89409,47.09895 ,
1842,蝶,89194,46.98569 ,
1843,祭,89101,46.93670 ,
1844,厨,89003,46.88507 ,
1845,胁,88886,46.82344 ,
1846,璃,88749,46.75127 ,
1847,劈,88694,46.72230 ,
1848,赚,88692,46.72125 ,
1849,锦,88660,46.70439 ,
1850,尬,88603,46.67436 ,
1851,尴,88570,46.65698 ,
1852,熙,88330,46.53055 ,
1853,寺,88284,46.50632 ,
1854,昌,87938,46.32405 ,
1855,贺,87683,46.18972 ,
1856,巾,87648,46.17129 ,
1857,描,87436,46.05961 ,
1858,捕,87090,45.87734 ,
1859,陵,86608,45.62343 ,
1860,咳,86470,45.55074 ,
1861,扇,86396,45.51176 ,
1862,虹,86362,45.49385 ,
1863,绵,86358,45.49174 ,
1864,撕,86284,45.45276 ,
1865,蔡,86233,45.42589 ,
1866,催,86151,45.38270 ,
1867,彭,86069,45.33950 ,
1868,宠,86062,45.33581 ,
1869,贪,85988,45.29683 ,
1870,辱,85827,45.21202 ,
1871,誓,85826,45.21149 ,
1872,盒,85795,45.19516 ,
1873,寸,85513,45.04661 ,
1874,披,85497,45.03818 ,
1875,搂,85409,44.99182 ,
1876,饶,85409,44.99182 ,
1877,跌,85274,44.92071 ,
1878,欠,85134,44.84696 ,
1879,肌,85083,44.82009 ,
1880,售,85067,44.81167 ,
1881,巡,85023,44.78849 ,
1882,抑,84901,44.72422 ,
1883,纹,84809,44.67576 ,
1884,宏,84747,44.64310 ,
1885,幼,84744,44.64152 ,
1886,萍,84637,44.58515 ,
1887,驻,84625,44.57883 ,
1888,丛,84509,44.51772 ,
1889,亿,84365,44.44187 ,
1890,播,84353,44.43554 ,
1891,俄,84261,44.38708 ,
1892,刃,84243,44.37760 ,
1893,蕾,83954,44.22536 ,
1894,挨,83876,44.18427 ,
1895,仲,83817,44.15319 ,
1896,迈,83798,44.14318 ,
1897,违,83636,44.05784 ,
1898,辩,83564,44.01991 ,
1899,埃,83548,44.01149 ,
1900,艘,83282,43.87136 ,
1901,琪,83147,43.80025 ,
1902,灾,83099,43.77496 ,
1903,僧,83065,43.75705 ,
1904,渡,83062,43.75547 ,
1905,卑,82925,43.68330 ,
1906,雕,82838,43.63747 ,
1907,鼠,82778,43.60586 ,
1908,讯,82709,43.56952 ,
1909,辣,82598,43.51104 ,
1910,刷,82427,43.42096 ,
1911,艰,82206,43.30455 ,
1912,斥,82160,43.28031 ,
1913,裙,82091,43.24397 ,
1914,翠,82046,43.22026 ,
1915,饱,82039,43.21657 ,
1916,掠,81961,43.17548 ,
1917,询,81882,43.13387 ,
1918,勃,81808,43.09489 ,
1919,夕,81778,43.07908 ,
1920,矮,81728,43.05274 ,
1921,瑶,81683,43.02904 ,
1922,赐,81549,42.95845 ,
1923,捏,81503,42.93422 ,
1924,闯,81440,42.90103 ,
1925,姚,81369,42.86363 ,
1926,瑟,81347,42.85204 ,
1927,渴,81029,42.68452 ,
1928,谅,80996,42.66714 ,
1929,昂,80972,42.65450 ,
1930,串,80922,42.62816 ,
1931,沟,80789,42.55810 ,
1932,涉,80705,42.51385 ,
1933,咕,80611,42.46433 ,
1934,驶,80574,42.44484 ,
1935,摄,80547,42.43062 ,
1936,贫,80408,42.35739 ,
1937,辕,80157,42.22517 ,
1938,婉,80016,42.15090 ,
1939,鹏,79602,41.93281 ,
1940,姜,79591,41.92701 ,
1941,碍,79505,41.88171 ,
1942,荷,79485,41.87117 ,
1943,冠,79415,41.83430 ,
1944,魅,79400,41.82640 ,
1945,玫,79367,41.80901 ,
1946,裁,79360,41.80533 ,
1947,坡,79228,41.73579 ,
1948,鸿,79055,41.64466 ,
1949,邓,78843,41.53298 ,
1950,歪,78305,41.24957 ,
1951,乏,78100,41.14158 ,
1952,申,78049,41.11472 ,
1953,割,77561,40.85765 ,
1954,巫,77547,40.85027 ,
1955,衫,77529,40.84079 ,
1956,棒,77284,40.71173 ,
1957,阔,77181,40.65747 ,
1958,泣,77103,40.61638 ,
1959,韦,77085,40.60690 ,
1960,恍,76884,40.50102 ,
1961,贯,76864,40.49048 ,
1962,魄,76856,40.48627 ,
1963,柄,76845,40.48047 ,
1964,患,76682,40.39461 ,
1965,覆,76596,40.34931 ,
1966,蜜,76559,40.32981 ,
1967,婴,76456,40.27556 ,
1968,励,76447,40.27081 ,
1969,锅,76325,40.20655 ,
1970,陛,76314,40.20075 ,
1971,遮,76029,40.05062 ,
1972,帕,75768,39.91313 ,
1973,咖,75455,39.74825 ,
1974,嫌,75438,39.73929 ,
1975,胳,75288,39.66028 ,
1976,挖,75265,39.64816 ,
1977,啪,75251,39.64078 ,
1978,矿,75241,39.63552 ,
1979,凄,75047,39.53332 ,
1980,爪,74674,39.33683 ,
1981,眠,74642,39.31998 ,
1982,穆,74572,39.28310 ,
1983,啡,74499,39.24465 ,
1984,吾,74366,39.17458 ,
1985,坛,74267,39.12243 ,
1986,脾,74235,39.10558 ,
1987,恒,74155,39.06343 ,
1988,屠,74112,39.04078 ,
1989,玻,74100,39.03446 ,
1990,蓉,74083,39.02550 ,
1991,础,74017,38.99074 ,
1992,曰,74013,38.98863 ,
1993,耸,74009,38.98652 ,
1994,膊,73983,38.97283 ,
1995,後,73938,38.94912 ,
1996,逆,73790,38.87116 ,
1997,寿,73701,38.82427 ,
1998,驱,73684,38.81532 ,
1999,猴,73614,38.77844 ,
2000,佣,73609,38.77581 ,
2001,毅,73576,38.75843 ,
2002,舅,73540,38.73946 ,
2003,铜,73454,38.69416 ,
2004,娟,73343,38.63569 ,
2005,眯,73287,38.60619 ,
2006,淫,73135,38.52612 ,
2007,吩,72921,38.41339 ,
2008,匪,72837,38.36914 ,
2009,牧,72623,38.25640 ,
2010,役,72621,38.25535 ,
2011,寄,72560,38.22322 ,
2012,诡,72548,38.21690 ,
2013,纤,72315,38.09416 ,
2014,腐,72243,38.05623 ,
2015,姻,72158,38.01145 ,
2016,晰,72136,37.99986 ,
2017,渊,72136,37.99986 ,
2018,亭,72135,37.99934 ,
2019,邀,72128,37.99565 ,
2020,哄,72071,37.96562 ,
2021,骚,72015,37.93612 ,
2022,墓,71994,37.92506 ,
2023,柯,71973,37.91400 ,
2024,筋,71688,37.76386 ,
2025,崔,71661,37.74964 ,
2026,灿,71504,37.66694 ,
2027,捷,71379,37.60109 ,
2028,淋,71208,37.51101 ,
2029,弗,71101,37.45464 ,
2030,辑,71050,37.42778 ,
2031,棍,70829,37.31136 ,
2032,绳,70768,37.27923 ,
2033,频,70697,37.24182 ,
2034,廊,70608,37.19494 ,
2035,畏,70481,37.12804 ,
2036,歇,70470,37.12225 ,
2037,裹,70440,37.10644 ,
2038,苗,70433,37.10275 ,
2039,盼,70327,37.04692 ,
2040,咯,70258,37.01057 ,
2041,耍,70234,36.99793 ,
2042,煞,70229,36.99529 ,
2043,寝,70179,36.96895 ,
2044,瞒,70085,36.91943 ,
2045,添,69960,36.85359 ,
2046,嫂,69851,36.79617 ,
2047,纠,69730,36.73243 ,
2048,慨,69723,36.72874 ,
2049,嚷,69716,36.72505 ,
2050,驰,69666,36.69871 ,
2051,拐,69575,36.65078 ,
2052,宴,69541,36.63287 ,
2053,津,69527,36.62549 ,
2054,岚,69463,36.59178 ,
2055,浴,69322,36.51750 ,
2056,耻,69286,36.49854 ,
2057,挽,69193,36.44955 ,
2058,页,69130,36.41636 ,
2059,誉,69067,36.38317 ,
2060,牲,68954,36.32365 ,
2061,乳,68901,36.29573 ,
2062,仓,68847,36.26728 ,
2063,逝,68598,36.13611 ,
2064,喉,68460,36.06342 ,
2065,逛,68458,36.06236 ,
2066,樱,68359,36.01021 ,
2067,兼,68324,35.99177 ,
2068,戈,68258,35.95701 ,
2069,哗,68257,35.95648 ,
2070,涯,68222,35.93804 ,
2071,捧,68202,35.92751 ,
2072,铭,68150,35.90011 ,
2073,障,67983,35.81214 ,
2074,摊,67974,35.80740 ,
2075,跨,67967,35.80371 ,
2076,妥,67901,35.76895 ,
2077,揉,67835,35.73418 ,
2078,晋,67736,35.68203 ,
2079,寞,67695,35.66043 ,
2080,寨,67653,35.63830 ,
2081,漆,67629,35.62566 ,
2082,污,67424,35.51767 ,
2083,嘲,67228,35.41442 ,
2084,枚,67198,35.39862 ,
2085,吊,67131,35.36332 ,
2086,乾,67122,35.35858 ,
2087,馨,67101,35.34752 ,
2088,伪,66990,35.28905 ,
2089,嗓,66941,35.26324 ,
2090,呈,66909,35.24638 ,
2091,卿,66819,35.19897 ,
2092,楠,66793,35.18527 ,
2093,籍,66610,35.08887 ,
2094,裸,66535,35.04936 ,
2095,链,66506,35.03409 ,
2096,灌,66346,34.94980 ,
2097,昆,66326,34.93927 ,
2098,畅,66298,34.92452 ,
2099,逍,66286,34.91819 ,
2100,帽,66271,34.91029 ,
2101,阅,66255,34.90186 ,
2102,逗,66171,34.85761 ,
2103,蹲,66158,34.85077 ,
2104,踩,66021,34.77860 ,
2105,窜,65974,34.75384 ,
2106,哑,65950,34.74120 ,
2107,趴,65882,34.70538 ,
2108,逢,65867,34.69747 ,
2109,植,65774,34.64848 ,
2110,媒,65752,34.63689 ,
2111,韵,65628,34.57157 ,
2112,昭,65610,34.56209 ,
2113,尹,65600,34.55682 ,
2114,谦,65522,34.51573 ,
2115,档,65508,34.50836 ,
2116,趟,65492,34.49993 ,
2117,沾,65300,34.39879 ,
2118,兔,65122,34.30502 ,
2119,订,65104,34.29554 ,
2120,朴,65002,34.24181 ,
2121,瞎,64955,34.21705 ,
2122,鞭,64899,34.18755 ,
2123,俺,64855,34.16437 ,
2124,斤,64823,34.14751 ,
2125,翅,64425,33.93786 ,
2126,肠,64217,33.82829 ,
2127,雀,64212,33.82565 ,
2128,慎,64154,33.79510 ,
2129,盆,64086,33.75928 ,
2130,迁,64084,33.75822 ,
2131,镖,64000,33.71397 ,
2132,芬,63866,33.64338 ,
2133,崖,63804,33.61072 ,
2134,丘,63759,33.58702 ,
2135,蠢,63523,33.46270 ,
2136,庙,63493,33.44690 ,
2137,潘,63492,33.44637 ,
2138,颖,63259,33.32363 ,
2139,拓,63143,33.26252 ,
2140,娶,63133,33.25725 ,
2141,纱,63048,33.21248 ,
2142,漏,62997,33.18561 ,
2143,谨,62778,33.07025 ,
2144,珊,62734,33.04707 ,
2145,仆,62312,32.82477 ,
2146,宙,62098,32.71204 ,
2147,尉,62071,32.69781 ,
2148,屑,62044,32.68359 ,
2149,叮,62022,32.67200 ,
2150,捂,61932,32.62459 ,
2151,涩,61921,32.61880 ,
2152,诧,61708,32.50659 ,
2153,柴,61680,32.49184 ,
2154,杆,61570,32.43390 ,
2155,涵,61454,32.37279 ,
2156,坠,61401,32.34487 ,
2157,赔,61380,32.33381 ,
2158,涨,61366,32.32643 ,
2159,嘟,61299,32.29114 ,
2160,崩,61288,32.28534 ,
2161,薛,61265,32.27323 ,
2162,藤,61231,32.25532 ,
2163,税,61205,32.24162 ,
2164,枯,61044,32.15681 ,
2165,译,60762,32.00826 ,
2166,帘,60741,31.99719 ,
2167,糖,60725,31.98877 ,
2168,愉,60639,31.94346 ,
2169,骄,60597,31.92134 ,
2170,羡,60457,31.84759 ,
2171,糕,60411,31.82336 ,
2172,彬,60398,31.81651 ,
2173,愚,60381,31.80755 ,
2174,疏,60274,31.75119 ,
2175,翰,60202,31.71326 ,
2176,堵,60165,31.69377 ,
2177,腕,60083,31.65057 ,
2178,眸,59961,31.58631 ,
2179,芸,59910,31.55944 ,
2180,溪,59612,31.40246 ,
2181,殷,59421,31.30184 ,
2182,谎,59414,31.29816 ,
2183,鼎,59165,31.16699 ,
2184,稿,59162,31.16541 ,
2185,哟,59051,31.10694 ,
2186,冤,59019,31.09008 ,
2187,症,58943,31.05004 ,
2188,棵,58780,30.96418 ,
2189,狄,58778,30.96312 ,
2190,咧,58774,30.96102 ,
2191,湘,58673,30.90781 ,
2192,宛,58603,30.87094 ,
2193,嫩,58594,30.86620 ,
2194,肆,58585,30.86146 ,
2195,宰,58463,30.79719 ,
2196,憾,58412,30.77032 ,
2197,偿,58352,30.73872 ,
2198,腔,58166,30.64073 ,
2199,哩,58164,30.63968 ,
2200,豹,58129,30.62124 ,
2201,瑰,58092,30.60175 ,
2202,鉴,58039,30.57383 ,
2203,绑,58012,30.55961 ,
2204,潇,57966,30.53538 ,
2205,戚,57840,30.46900 ,
2206,郡,57742,30.41738 ,
2207,澡,57698,30.39420 ,
2208,桂,57604,30.34468 ,
2209,兮,57566,30.32467 ,
2210,雯,57561,30.32203 ,
2211,颠,57525,30.30307 ,
2212,狮,57466,30.27199 ,
2213,邻,57417,30.24618 ,
2214,契,57408,30.24143 ,
2215,骇,57380,30.22668 ,
2216,卜,57367,30.21984 ,
2217,揭,57148,30.10447 ,
2218,妄,56997,30.02493 ,
2219,坑,56879,29.96277 ,
2220,伐,56861,29.95329 ,
2221,矩,56720,29.87901 ,
2222,烁,56718,29.87796 ,
2223,葬,56577,29.80368 ,
2224,诀,56532,29.77997 ,
2225,鄙,56240,29.62615 ,
2226,鹿,56206,29.60824 ,
2227,柏,56086,29.54503 ,
2228,溃,56002,29.50078 ,
2229,朕,55860,29.42598 ,
2230,舟,55739,29.36224 ,
2231,妆,55685,29.33379 ,
2232,躁,55588,29.28269 ,
2233,霉,55470,29.22053 ,
2234,侦,55445,29.20736 ,
2235,冻,55112,29.03195 ,
2236,娅,55108,29.02984 ,
2237,庸,55082,29.01614 ,
2238,筹,54932,28.93712 ,
2239,削,54894,28.91711 ,
2240,砰,54753,28.84283 ,
2241,耿,54708,28.81913 ,
2242,牺,54587,28.75539 ,
2243,筒,54584,28.75381 ,
2244,遂,54528,28.72431 ,
2245,旭,54482,28.70007 ,
2246,胎,54438,28.67690 ,
2247,惶,54202,28.55257 ,
2248,淑,54159,28.52992 ,
2249,叉,54152,28.52624 ,
2250,痒,54133,28.51623 ,
2251,竖,54125,28.51201 ,
2252,龟,54063,28.47935 ,
2253,斑,53974,28.43247 ,
2254,儒,53866,28.37558 ,
2255,嫣,53722,28.29972 ,
2256,宅,53376,28.11745 ,
2257,押,53350,28.10376 ,
2258,胃,53113,27.97891 ,
2259,旨,53094,27.96890 ,
2260,册,53084,27.96363 ,
2261,膝,52944,27.88988 ,
2262,浸,52615,27.71657 ,
2263,弦,52599,27.70815 ,
2264,栏,52541,27.67759 ,
2265,衷,52515,27.66390 ,
2266,刮,52316,27.55907 ,
2267,艇,52284,27.54221 ,
2268,岗,52253,27.52588 ,
2269,赴,52184,27.48953 ,
2270,囊,52069,27.42895 ,
2271,斧,52064,27.42632 ,
2272,颊,52050,27.41894 ,
2273,疆,51900,27.33993 ,
2274,炉,51848,27.31253 ,
2275,塌,51754,27.26302 ,
2276,乞,51739,27.25511 ,
2277,旺,51739,27.25511 ,
2278,烤,51737,27.25406 ,
2279,黛,51658,27.21244 ,
2280,逊,51585,27.17399 ,
2281,贱,51519,27.13922 ,
2282,辨,51442,27.09866 ,
2283,狸,51416,27.08496 ,
2284,叙,51398,27.07548 ,
2285,愕,51262,27.00384 ,
2286,叠,51212,26.97750 ,
2287,遣,51164,26.95221 ,
2288,晌,51129,26.93378 ,
2289,麟,51074,26.90480 ,
2290,腥,51054,26.89427 ,
2291,粒,50991,26.86108 ,
2292,拟,50704,26.70990 ,
2293,俏,50651,26.68198 ,
2294,杖,50648,26.68040 ,
2295,芝,50352,26.52447 ,
2296,夷,50315,26.50498 ,
2297,衬,50272,26.48233 ,
2298,佐,50271,26.48180 ,
2299,巷,50218,26.45388 ,
2300,捡,50151,26.41859 ,
2301,遵,50067,26.37434 ,
2302,塑,49903,26.28794 ,
2303,桶,49900,26.28636 ,
2304,泼,49867,26.26898 ,
2305,滩,49853,26.26161 ,
2306,琼,49778,26.22210 ,
2307,昊,49733,26.19839 ,
2308,帆,49724,26.19365 ,
2309,搏,49712,26.18733 ,
2310,颈,49665,26.16257 ,
2311,噢,49608,26.13254 ,
2312,蹦,49581,26.11832 ,
2313,寡,49558,26.10620 ,
2314,贞,49540,26.09672 ,
2315,凰,49489,26.06986 ,
2316,哨,49486,26.06828 ,
2317,拆,49444,26.04615 ,
2318,茹,49430,26.03878 ,
2319,劣,49371,26.00770 ,
2320,嘱,49354,25.99874 ,
2321,沃,49337,25.98979 ,
2322,厢,49241,25.93922 ,
2323,摘,49225,25.93079 ,
2324,咋,49191,25.91288 ,
2325,坤,49143,25.88759 ,
2326,俯,49115,25.87284 ,
2327,媳,49077,25.85282 ,
2328,赋,48946,25.78381 ,
2329,嘶,48914,25.76696 ,
2330,贡,48905,25.76222 ,
2331,碌,48886,25.75221 ,
2332,匙,48847,25.73166 ,
2333,拢,48821,25.71797 ,
2334,谭,48779,25.69584 ,
2335,翁,48774,25.69321 ,
2336,辜,48645,25.62525 ,
2337,竭,48555,25.57784 ,
2338,廉,48551,25.57574 ,
2339,械,48533,25.56625 ,
2340,贸,48254,25.41928 ,
2341,辅,48161,25.37029 ,
2342,讽,48150,25.36450 ,
2343,呐,48065,25.31972 ,
2344,斌,48027,25.29970 ,
2345,辽,47836,25.19909 ,
2346,填,47816,25.18855 ,
2347,窃,47730,25.14325 ,
2348,抄,47668,25.11059 ,
2349,溢,47668,25.11059 ,
2350,妒,47550,25.04843 ,
2351,吁,47540,25.04316 ,
2352,嗦,47528,25.03684 ,
2353,掀,47524,25.03473 ,
2354,芙,47397,24.96783 ,
2355,祈,47360,24.94834 ,
2356,栋,47210,24.86932 ,
2357,吱,47132,24.82823 ,
2358,撇,47004,24.76081 ,
2359,胞,46906,24.70918 ,
2360,轿,46864,24.68706 ,
2361,禅,46691,24.59592 ,
2362,妨,46595,24.54535 ,
2363,拂,46508,24.49952 ,
2364,倦,46376,24.42999 ,
2365,衰,46360,24.42156 ,
2366,靖,46359,24.42103 ,
2367,循,46243,24.35993 ,
2368,挪,46163,24.31778 ,
2369,蓬,46160,24.31620 ,
2370,惩,46147,24.30936 ,
2371,垃,46134,24.30251 ,
2372,账,46126,24.29829 ,
2373,驳,46073,24.27037 ,
2374,署,46050,24.25826 ,
2375,甫,46012,24.23824 ,
2376,顽,45970,24.21612 ,
2377,姥,45943,24.20189 ,
2378,圾,45932,24.19610 ,
2379,熬,45832,24.14342 ,
2380,枕,45747,24.09864 ,
2381,丐,45707,24.07757 ,
2382,茜,45676,24.06124 ,
2383,咦,45558,23.99908 ,
2384,厕,45544,23.99171 ,
2385,攀,45399,23.91532 ,
2386,彤,45357,23.89320 ,
2387,妍,45256,23.83999 ,
2388,拽,45251,23.83736 ,
2389,荆,45203,23.81207 ,
2390,妓,45162,23.79048 ,
2391,壶,45112,23.76414 ,
2392,於,45065,23.73938 ,
2393,寇,45004,23.70724 ,
2394,鹤,44828,23.61453 ,
2395,钥,44779,23.58872 ,
2396,骤,44774,23.58609 ,
2397,渺,44689,23.54131 ,
2398,刊,44631,23.51076 ,
2399,肢,44527,23.45597 ,
2400,烛,44470,23.42594 ,
2401,孕,44402,23.39012 ,
2402,绽,44371,23.37379 ,
2403,彦,44325,23.34956 ,
2404,棉,44297,23.33481 ,
2405,俘,44283,23.32744 ,
2406,盔,44274,23.32269 ,
2407,剪,44250,23.31005 ,
2408,诞,44248,23.30900 ,
2409,兜,44209,23.28845 ,
2410,凛,44092,23.22682 ,
2411,岭,44076,23.21839 ,
2412,嚣,44058,23.20891 ,
2413,溅,44042,23.20048 ,
2414,笛,43923,23.13779 ,
2415,舱,43880,23.11514 ,
2416,罕,43875,23.11251 ,
2417,鸭,43846,23.09723 ,
2418,债,43823,23.08512 ,
2419,噬,43821,23.08406 ,
2420,钉,43726,23.03402 ,
2421,躬,43678,23.00873 ,
2422,倚,43627,22.98187 ,
2423,缕,43622,22.97923 ,
2424,咚,43570,22.95184 ,
2425,撼,43501,22.91549 ,
2426,蕊,43461,22.89442 ,
2427,侄,43424,22.87493 ,
2428,佑,43281,22.79960 ,
2429,雁,43201,22.75746 ,
2430,隶,43103,22.70583 ,
2431,践,43098,22.70320 ,
2432,拱,43077,22.69214 ,
2433,沐,43038,22.67159 ,
2434,菊,43031,22.66791 ,
2435,蜂,43028,22.66633 ,
2436,裕,43025,22.66475 ,
2437,兆,42927,22.61312 ,
2438,搅,42862,22.57888 ,
2439,尿,42861,22.57835 ,
2440,黯,42786,22.53884 ,
2441,歹,42757,22.52357 ,
2442,蓄,42731,22.50987 ,
2443,朦,42683,22.48459 ,
2444,嘀,42614,22.44824 ,
2445,怯,42612,22.44719 ,
2446,叨,42609,22.44560 ,
2447,纽,42599,22.44034 ,
2448,聘,42542,22.41031 ,
2449,腻,42294,22.27967 ,
2450,剥,42275,22.26966 ,
2451,彪,42248,22.25544 ,
2452,沸,42184,22.22172 ,
2453,氓,42109,22.18221 ,
2454,榜,41985,22.11689 ,
2455,逻,41947,22.09688 ,
2456,壳,41877,22.06000 ,
2457,储,41834,22.03735 ,
2458,憋,41712,21.97308 ,
2459,啤,41686,21.95939 ,
2460,匠,41638,21.93410 ,
2461,悍,41628,21.92883 ,
2462,昧,41576,21.90144 ,
2463,泊,41521,21.87247 ,
2464,篷,41474,21.84771 ,
2465,烫,41461,21.84086 ,
2466,狡,41377,21.79661 ,
2467,轨,41123,21.66281 ,
2468,汹,41021,21.60908 ,
2469,携,41009,21.60276 ,
2470,磊,40900,21.54534 ,
2471,隙,40876,21.53269 ,
2472,仑,40840,21.51373 ,
2473,摧,40766,21.47475 ,
2474,瞄,40747,21.46474 ,
2475,胧,40688,21.43366 ,
2476,趋,40579,21.37624 ,
2477,挠,40573,21.37308 ,
2478,煌,40547,21.35938 ,
2479,擅,40475,21.32145 ,
2480,卒,40372,21.26720 ,
2481,饼,40371,21.26667 ,
2482,狭,40342,21.25139 ,
2483,丸,40281,21.21926 ,
2484,惫,40277,21.21715 ,
2485,瞅,40255,21.20556 ,
2486,犬,40178,21.16500 ,
2487,砖,40050,21.09757 ,
2488,矣,40045,21.09494 ,
2489,楞,40000,21.07123 ,
2490,昔,39983,21.06228 ,
2491,裳,39939,21.03910 ,
2492,骆,39888,21.01223 ,
2493,雇,39820,20.97641 ,
2494,阎,39776,20.95323 ,
2495,骷,39696,20.91109 ,
2496,鸦,39645,20.88423 ,
2497,妞,39626,20.87422 ,
2498,墅,39604,20.86263 ,
2499,焚,39561,20.83998 ,
2500,谱,39455,20.78414 ,
2501,绘,39443,20.77782 ,
2502,梳,39377,20.74305 ,
2503,肿,39306,20.70565 ,
2504,魁,39294,20.69933 ,
2505,耽,39196,20.64770 ,
2506,擒,39189,20.64401 ,
2507,陡,39114,20.60451 ,
2508,璋,38930,20.50758 ,
2509,茂,38926,20.50547 ,
2510,蹄,38922,20.50336 ,
2511,瞥,38910,20.49704 ,
2512,瞳,38812,20.44542 ,
2513,髅,38797,20.43752 ,
2514,绣,38793,20.43541 ,
2515,硕,38779,20.42803 ,
2516,肺,38759,20.41750 ,
2517,兹,38585,20.32584 ,
2518,炒,38581,20.32373 ,
2519,邮,38473,20.26684 ,
2520,弘,38264,20.15674 ,
2521,嫉,38200,20.12303 ,
2522,届,38051,20.04454 ,
2523,嗡,38010,20.02294 ,
2524,娱,37970,20.00187 ,
2525,喧,37906,19.96815 ,
2526,脂,37878,19.95340 ,
2527,膛,37836,19.93128 ,
2528,沧,37794,19.90915 ,
2529,疚,37765,19.89388 ,
2530,盐,37729,19.87491 ,
2531,扁,37657,19.83699 ,
2532,搁,37572,19.79221 ,
2533,茅,37567,19.78958 ,
2534,滔,37516,19.76271 ,
2535,坟,37471,19.73900 ,
2536,掐,37391,19.69686 ,
2537,瑜,37277,19.63681 ,
2538,邱,37273,19.63470 ,
2539,桐,37139,19.56411 ,
2540,茵,37135,19.56201 ,
2541,苹,37052,19.51828 ,
2542,旷,37033,19.50827 ,
2543,翘,37030,19.50669 ,
2544,郝,36991,19.48615 ,
2545,蓦,36965,19.47245 ,
2546,诈,36959,19.46929 ,
2547,沫,36929,19.45349 ,
2548,菁,36920,19.44875 ,
2549,粹,36862,19.41820 ,
2550,琢,36857,19.41556 ,
2551,腊,36785,19.37763 ,
2552,钦,36673,19.31863 ,
2553,喻,36595,19.27754 ,
2554,宪,36534,19.24541 ,
2555,锻,36524,19.24014 ,
2556,睹,36521,19.23856 ,
2557,郊,36462,19.20748 ,
2558,饥,36390,19.16955 ,
2559,侃,36358,19.15270 ,
2560,粘,36321,19.13321 ,
2561,媛,36310,19.12741 ,
2562,谊,36241,19.09106 ,
2563,恳,36239,19.09001 ,
2564,厮,36225,19.08264 ,
2565,锤,36163,19.04998 ,
2566,凳,36123,19.02890 ,
2567,淮,36109,19.02153 ,
2568,蔽,36096,19.01468 ,
2569,聂,36076,19.00415 ,
2570,贩,35971,18.94883 ,
2571,潭,35887,18.90458 ,
2572,翩,35855,18.88773 ,
2573,呻,35841,18.88035 ,
2574,枉,35783,18.84980 ,
2575,拘,35775,18.84558 ,
2576,煮,35755,18.83505 ,
2577,焉,35627,18.76762 ,
2578,址,35618,18.76288 ,
2579,匕,35573,18.73917 ,
2580,渗,35558,18.73127 ,
2581,览,35433,18.66543 ,
2582,敦,35424,18.66068 ,
2583,厦,35375,18.63487 ,
2584,蕴,35330,18.61117 ,
2585,冉,35293,18.59168 ,
2586,薪,35145,18.51371 ,
2587,呃,35105,18.49264 ,
2588,峻,35003,18.43891 ,
2589,荐,34960,18.41626 ,
2590,栽,34930,18.40045 ,
2591,嚎,34929,18.39993 ,
2592,汁,34923,18.39677 ,
2593,傍,34850,18.35831 ,
2594,秃,34762,18.31196 ,
2595,磕,34654,18.25506 ,
2596,禀,34572,18.21187 ,
2597,珑,34559,18.20502 ,
2598,坎,34469,18.15761 ,
2599,邵,34414,18.12864 ,
2600,萌,34408,18.12548 ,
2601,窄,34397,18.11968 ,
2602,阮,34363,18.10177 ,
2603,蹈,34345,18.09229 ,
2604,碑,34260,18.04751 ,
2605,婶,34226,18.02960 ,
2606,煤,34203,18.01748 ,
2607,寓,34060,17.94216 ,
2608,栈,34054,17.93899 ,
2609,滞,34050,17.93689 ,
2610,倘,34043,17.93320 ,
2611,杭,34033,17.92793 ,
2612,暇,33980,17.90001 ,
2613,狈,33949,17.88368 ,
2614,峡,33938,17.87789 ,
2615,侣,33933,17.87525 ,
2616,芦,33912,17.86419 ,
2617,蔓,33854,17.83364 ,
2618,蒸,33714,17.75989 ,
2619,禄,33704,17.75462 ,
2620,胀,33681,17.74251 ,
2621,醋,33580,17.68930 ,
2622,淌,33568,17.68298 ,
2623,伞,33523,17.65927 ,
2624,姊,33464,17.62819 ,
2625,钩,33452,17.62187 ,
2626,衍,33445,17.61819 ,
2627,妾,33441,17.61608 ,
2628,嘎,33414,17.60185 ,
2629,蜀,33368,17.57762 ,
2630,蝴,33327,17.55602 ,
2631,萝,33284,17.53337 ,
2632,莽,33238,17.50914 ,
2633,弩,33228,17.50387 ,
2634,祷,33213,17.49597 ,
2635,稚,33182,17.47964 ,
2636,圳,33157,17.46647 ,
2637,徽,33080,17.42591 ,
2638,衙,33073,17.42222 ,
2639,咸,33066,17.41854 ,
2640,陋,32986,17.37639 ,
2641,奢,32985,17.37587 ,
2642,罐,32951,17.35796 ,
2643,霄,32916,17.33952 ,
2644,毙,32880,17.32055 ,
2645,汝,32816,17.28684 ,
2646,敞,32687,17.21889 ,
2647,暮,32619,17.18306 ,
2648,嘘,32604,17.17516 ,
2649,灼,32550,17.14672 ,
2650,澜,32436,17.08666 ,
2651,姗,32428,17.08245 ,
2652,倪,32398,17.06665 ,
2653,挫,32364,17.04874 ,
2654,咪,32218,16.97183 ,
2655,钧,32200,16.96234 ,
2656,捣,32179,16.95128 ,
2657,燥,32172,16.94759 ,
2658,泳,32131,16.92600 ,
2659,眶,32097,16.90808 ,
2660,乙,32048,16.88227 ,
2661,澈,32041,16.87858 ,
2662,焕,31989,16.85119 ,
2663,酬,31980,16.84645 ,
2664,筷,31937,16.82380 ,
2665,宵,31872,16.78956 ,
2666,缚,31819,16.76164 ,
2667,揪,31819,16.76164 ,
2668,蚁,31812,16.75795 ,
2669,喇,31719,16.70896 ,
2670,丞,31714,16.70633 ,
2671,拎,31698,16.69790 ,
2672,棠,31633,16.66366 ,
2673,咙,31569,16.62994 ,
2674,梭,31489,16.58780 ,
2675,哧,31474,16.57990 ,
2676,棺,31464,16.57463 ,
2677,璇,31459,16.57200 ,
2678,瀚,31450,16.56726 ,
2679,肝,31440,16.56199 ,
2680,敛,31390,16.53565 ,
2681,剂,31371,16.52564 ,
2682,疤,31337,16.50773 ,
2683,渔,31185,16.42766 ,
2684,嗔,31168,16.41871 ,
2685,沮,31095,16.38025 ,
2686,廖,31067,16.36550 ,
2687,虏,30976,16.31756 ,
2688,皓,30879,16.26647 ,
2689,勋,30855,16.25382 ,
2690,恕,30848,16.25014 ,
2691,虐,30741,16.19377 ,
2692,虞,30560,16.09842 ,
2693,综,30488,16.06049 ,
2694,瘾,30459,16.04522 ,
2695,驴,30458,16.04469 ,
2696,晒,30437,16.03363 ,
2697,卦,30403,16.01572 ,
2698,迦,30382,16.00466 ,
2699,陀,30349,15.98727 ,
2700,窥,30314,15.96883 ,
2701,堕,30285,15.95356 ,
2702,哆,30257,15.93881 ,
2703,葡,30236,15.92775 ,
2704,帖,30180,15.89825 ,
2705,垫,30164,15.88982 ,
2706,屡,30025,15.81659 ,
2707,鹅,29947,15.77551 ,
2708,蛛,29896,15.74864 ,
2709,盲,29895,15.74811 ,
2710,碟,29736,15.66435 ,
2711,狞,29726,15.65909 ,
2712,囚,29642,15.61484 ,
2713,诊,29637,15.61220 ,
2714,揽,29599,15.59219 ,
2715,裴,29595,15.59008 ,
2716,捞,29577,15.58060 ,
2717,吏,29539,15.56058 ,
2718,铮,29527,15.55426 ,
2719,萄,29505,15.54267 ,
2720,盏,29500,15.54003 ,
2721,霆,29470,15.52423 ,
2722,喔,29429,15.50263 ,
2723,贷,29412,15.49368 ,
2724,勿,29378,15.47577 ,
2725,吭,29375,15.47419 ,
2726,淘,29357,15.46471 ,
2727,辟,29251,15.40887 ,
2728,蔑,29247,15.40676 ,
2729,淹,29158,15.35988 ,
2730,麒,29156,15.35882 ,
2731,喽,29096,15.32722 ,
2732,栗,29059,15.30772 ,
2733,绷,29020,15.28718 ,
2734,惚,28986,15.26927 ,
2735,桓,28953,15.25189 ,
2736,坊,28892,15.21975 ,
2737,桩,28892,15.21975 ,
2738,嗽,28817,15.18024 ,
2739,履,28690,15.11334 ,
2740,璐,28683,15.10965 ,
2741,菩,28652,15.09332 ,
2742,巢,28649,15.09174 ,
2743,畜,28647,15.09069 ,
2744,兀,28642,15.08806 ,
2745,樊,28633,15.08332 ,
2746,锡,28576,15.05329 ,
2747,棚,28567,15.04855 ,
2748,仕,28553,15.04117 ,
2749,倏,28537,15.03274 ,
2750,芹,28424,14.97322 ,
2751,僻,28410,14.96584 ,
2752,絮,28392,14.95636 ,
2753,杏,28315,14.91580 ,
2754,浆,28279,14.89684 ,
2755,瘫,28249,14.88103 ,
2756,啧,28249,14.88103 ,
2757,磁,28220,14.86576 ,
2758,冈,28197,14.85364 ,
2759,逮,28151,14.82941 ,
2760,搓,28103,14.80412 ,
2761,赠,28101,14.80307 ,
2762,胶,28063,14.78305 ,
2763,脊,28041,14.77146 ,
2764,噩,27969,14.73353 ,
2765,绰,27937,14.71668 ,
2766,呕,27879,14.68612 ,
2767,嚼,27876,14.68454 ,
2768,谐,27747,14.61659 ,
2769,歼,27594,14.53599 ,
2770,揣,27568,14.52229 ,
2771,殖,27563,14.51966 ,
2772,拧,27504,14.48858 ,
2773,伺,27405,14.43643 ,
2774,霖,27387,14.42695 ,
2775,驼,27386,14.42642 ,
2776,襄,27380,14.42326 ,
2777,衔,27315,14.38902 ,
2778,惕,27307,14.38480 ,
2779,掷,27287,14.37427 ,
2780,卸,27285,14.37322 ,
2781,炽,27194,14.32528 ,
2782,敖,27108,14.27997 ,
2783,惭,27081,14.26575 ,
2784,框,27076,14.26312 ,
2785,捆,27010,14.22835 ,
2786,眩,26994,14.21992 ,
2787,蝉,26987,14.21623 ,
2788,谜,26947,14.19516 ,
2789,炫,26933,14.18779 ,
2790,塘,26894,14.16724 ,
2791,阱,26888,14.16408 ,
2792,膜,26833,14.13511 ,
2793,亨,26827,14.13195 ,
2794,奕,26802,14.11878 ,
2795,蚂,26697,14.06347 ,
2796,猩,26668,14.04819 ,
2797,滨,26667,14.04766 ,
2798,沁,26604,14.01448 ,
2799,跋,26559,13.99077 ,
2800,藩,26539,13.98024 ,
2801,舔,26424,13.91966 ,
2802,捐,26418,13.91650 ,
2803,歧,26398,13.90596 ,
2804,隋,26353,13.88226 ,
2805,蹭,26351,13.88120 ,
2806,甄,26342,13.87646 ,
2807,蜡,26302,13.85539 ,
2808,嗤,26283,13.84538 ,
2809,缸,26248,13.82694 ,
2810,嬉,26210,13.80693 ,
2811,哮,26173,13.78743 ,
2812,熄,26172,13.78691 ,
2813,窍,26141,13.77058 ,
2814,俞,26139,13.76952 ,
2815,豁,26107,13.75267 ,
2816,垒,26075,13.73581 ,
2817,掘,26017,13.70526 ,
2818,琦,26016,13.70473 ,
2819,屎,25988,13.68998 ,
2820,乍,25921,13.65469 ,
2821,孽,25919,13.65363 ,
2822,毯,25831,13.60728 ,
2823,弧,25808,13.59516 ,
2824,槐,25776,13.57830 ,
2825,铠,25757,13.56829 ,
2826,挟,25752,13.56566 ,
2827,襟,25730,13.55407 ,
2828,梨,25679,13.52721 ,
2829,嗅,25646,13.50982 ,
2830,祁,25566,13.46768 ,
2831,纲,25530,13.44871 ,
2832,渠,25514,13.44029 ,
2833,矢,25495,13.43028 ,
2834,捅,25436,13.39920 ,
2835,扛,25430,13.39604 ,
2836,朽,25425,13.39340 ,
2837,忖,25374,13.36654 ,
2838,匈,25364,13.36127 ,
2839,扒,25334,13.34547 ,
2840,雍,25297,13.32597 ,
2841,莺,25291,13.32281 ,
2842,侮,25279,13.31649 ,
2843,闺,25255,13.30385 ,
2844,霓,25232,13.29173 ,
2845,稽,25200,13.27488 ,
2846,斋,25200,13.27488 ,
2847,夭,25128,13.23695 ,
2848,沦,25113,13.22905 ,
2849,揍,25073,13.20798 ,
2850,瞟,25058,13.20007 ,
2851,苟,25037,13.18901 ,
2852,琉,24975,13.15635 ,
2853,漪,24948,13.14213 ,
2854,暑,24941,13.13844 ,
2855,窟,24923,13.12896 ,
2856,钓,24913,13.12369 ,
2857,鳞,24864,13.09788 ,
2858,瓷,24855,13.09314 ,
2859,萱,24846,13.08840 ,
2860,株,24834,13.08208 ,
2861,倭,24818,13.07365 ,
2862,鞘,24815,13.07207 ,
2863,沛,24758,13.04204 ,
2864,噜,24633,12.97619 ,
2865,绞,24554,12.93458 ,
2866,颓,24497,12.90455 ,
2867,睿,24474,12.89243 ,
2868,噗,24442,12.87558 ,
2869,唔,24276,12.78813 ,
2870,幢,24268,12.78392 ,
2871,喀,24238,12.76811 ,
2872,诅,24236,12.76706 ,
2873,涕,24195,12.74546 ,
2874,拣,24189,12.74230 ,
2875,谣,24186,12.74072 ,
2876,叽,24178,12.73651 ,
2877,葱,24137,12.71491 ,
2878,拭,24060,12.67435 ,
2879,婢,24051,12.66961 ,
2880,铸,24048,12.66803 ,
2881,绮,23912,12.59638 ,
2882,剿,23891,12.58532 ,
2883,胤,23866,12.57215 ,
2884,秩,23852,12.56478 ,
2885,畔,23833,12.55477 ,
2886,粥,23792,12.53317 ,
2887,奎,23789,12.53159 ,
2888,绸,23778,12.52579 ,
2889,茨,23761,12.51684 ,
2890,熏,23690,12.47944 ,
2891,蹬,23651,12.45889 ,
2892,诏,23643,12.45468 ,
2893,岔,23623,12.44414 ,
2894,叭,23566,12.41412 ,
2895,咆,23494,12.37619 ,
2896,滥,23420,12.33721 ,
2897,梧,23401,12.32720 ,
2898,垮,23378,12.31508 ,
2899,澳,23261,12.25345 ,
2900,浙,23244,12.24449 ,
2901,甸,23242,12.24344 ,
2902,绯,23150,12.19498 ,
2903,诛,23141,12.19024 ,
2904,鲍,23115,12.17654 ,
2905,刁,23103,12.17022 ,
2906,厥,23082,12.15916 ,
2907,蚊,23018,12.12544 ,
2908,鞠,23015,12.12386 ,
2909,歆,22876,12.05064 ,
2910,拙,22860,12.04221 ,
2911,茗,22789,12.00481 ,
2912,眷,22751,11.98479 ,
2913,戮,22742,11.98005 ,
2914,唬,22716,11.96635 ,
2915,骏,22698,11.95687 ,
2916,扳,22636,11.92421 ,
2917,踹,22631,11.92158 ,
2918,漓,22606,11.90841 ,
2919,蝇,22560,11.88418 ,
2920,擂,22548,11.87785 ,
2921,涡,22478,11.84098 ,
2922,沌,22474,11.83887 ,
2923,凸,22455,11.82886 ,
2924,蚩,22424,11.81253 ,
2925,酿,22424,11.81253 ,
2926,唾,22408,11.80410 ,
2927,琐,22361,11.77935 ,
2928,犀,22356,11.77671 ,
2929,澄,22349,11.77302 ,
2930,哉,22334,11.76512 ,
2931,猾,22221,11.70560 ,
2932,煎,22180,11.68400 ,
2933,窒,22175,11.68137 ,
2934,虾,22165,11.67610 ,
2935,蝠,22099,11.64133 ,
2936,钞,22089,11.63606 ,
2937,瓣,22056,11.61868 ,
2938,唧,22052,11.61657 ,
2939,觑,22005,11.59181 ,
2940,哽,21976,11.57654 ,
2941,娥,21944,11.55968 ,
2942,婿,21914,11.54388 ,
2943,讪,21892,11.53229 ,
2944,耕,21786,11.47645 ,
2945,葫,21733,11.44853 ,
2946,暧,21715,11.43905 ,
2947,浇,21700,11.43114 ,
2948,嗨,21687,11.42430 ,
2949,诵,21654,11.40691 ,
2950,疫,21652,11.40586 ,
2951,兢,21643,11.40112 ,
2952,箫,21626,11.39216 ,
2953,颅,21616,11.38689 ,
2954,啼,21533,11.34317 ,
2955,绅,21513,11.33264 ,
2956,杉,21508,11.33000 ,
2957,嗜,21476,11.31315 ,
2958,券,21437,11.29260 ,
2959,遁,21435,11.29155 ,
2960,炯,21405,11.27574 ,
2961,霎,21405,11.27574 ,
2962,讥,21392,11.26890 ,
2963,迭,21389,11.26732 ,
2964,彷,21360,11.25204 ,
2965,觅,21336,11.23940 ,
2966,娴,21333,11.23782 ,
2967,抿,21329,11.23571 ,
2968,剔,21278,11.20884 ,
2969,稻,21277,11.20832 ,
2970,敷,21263,11.20094 ,
2971,泻,21251,11.19462 ,
2972,怠,21247,11.19251 ,
2973,龚,21246,11.19199 ,
2974,绒,21218,11.17724 ,
2975,讳,21199,11.16723 ,
2976,勺,21195,11.16512 ,
2977,函,21187,11.16091 ,
2978,喳,21141,11.13667 ,
2979,颂,21103,11.11666 ,
2980,搀,21047,11.08716 ,
2981,撩,21011,11.06819 ,
2982,擎,20931,11.02605 ,
2983,巍,20904,11.01183 ,
2984,脯,20878,10.99813 ,
2985,镶,20858,10.98759 ,
2986,寥,20857,10.98707 ,
2987,漾,20836,10.97601 ,
2988,缴,20827,10.97126 ,
2989,藉,20781,10.94703 ,
2990,弊,20759,10.93544 ,
2991,逞,20757,10.93439 ,
2992,膏,20747,10.92912 ,
2993,戳,20671,10.88909 ,
2994,呛,20665,10.88593 ,
2995,凹,20644,10.87486 ,
2996,叩,20625,10.86485 ,
2997,禽,20600,10.85169 ,
2998,懊,20550,10.82535 ,
2999,懈,20521,10.81007 ,
3000,蛟,20489,10.79321 ,
3001,亢,20459,10.77741 ,
3002,呸,20447,10.77109 ,
3003,芊,20334,10.71156 ,
3004,慑,20266,10.67574 ,
3005,跺,20222,10.65256 ,
3006,跄,20209,10.64571 ,
3007,蚀,20185,10.63307 ,
3008,栖,20169,10.62464 ,
3009,蔚,20152,10.61569 ,
3010,铲,20146,10.61253 ,
3011,坪,20132,10.60515 ,
3012,筝,20129,10.60357 ,
3013,顷,20103,10.58988 ,
3014,腮,20075,10.57513 ,
3015,踉,20003,10.53720 ,
3016,狰,19977,10.52350 ,
3017,踱,19897,10.48136 ,
3018,嗖,19887,10.47609 ,
3019,苑,19838,10.45028 ,
3020,秉,19831,10.44659 ,
3021,猿,19821,10.44132 ,
3022,堤,19816,10.43869 ,
3023,佟,19785,10.42236 ,
3024,悯,19771,10.41498 ,
3025,唠,19757,10.40761 ,
3026,憨,19728,10.39233 ,
3027,肘,19724,10.39023 ,
3028,拇,19655,10.35388 ,
3029,僚,19624,10.33755 ,
3030,霹,19613,10.33175 ,
3031,婕,19606,10.32807 ,
3032,禹,19590,10.31964 ,
3033,啃,19567,10.30752 ,
3034,匀,19505,10.27486 ,
3035,晖,19478,10.26064 ,
3036,怅,19456,10.24905 ,
3037,聋,19397,10.21797 ,
3038,拯,19388,10.21323 ,
3039,忿,19358,10.19742 ,
3040,韧,19327,10.18109 ,
3041,邹,19321,10.17793 ,
3042,梢,19244,10.13737 ,
3043,肋,19237,10.13368 ,
3044,窘,19223,10.12631 ,
3045,嵌,19221,10.12525 ,
3046,婪,19194,10.11103 ,
3047,辖,19178,10.10260 ,
3048,浦,19174,10.10050 ,
3049,炭,19147,10.08627 ,
3050,曦,19125,10.07468 ,
3051,簇,19096,10.05941 ,
3052,螺,19077,10.04940 ,
3053,酱,19063,10.04202 ,
3054,屯,19049,10.03465 ,
3055,悴,19029,10.02411 ,
3056,匡,18999,10.00831 ,
3057,冀,18988,10.00251 ,
3058,橙,18984,10.00041 ,
3059,倔,18984,10.00041 ,
3060,陕,18975,9.99567 ,
3061,筱,18974,9.99514 ,
3062,叱,18954,9.98460 ,
3063,髓,18935,9.97460 ,
3064,淳,18919,9.96617 ,
3065,矜,18885,9.94826 ,
3066,詹,18852,9.93087 ,
3067,菱,18846,9.92771 ,
3068,芷,18836,9.92244 ,
3069,惺,18833,9.92086 ,
3070,浊,18800,9.90348 ,
3071,囔,18778,9.89189 ,
3072,朔,18750,9.87714 ,
3073,憔,18746,9.87503 ,
3074,睫,18742,9.87293 ,
3075,睬,18741,9.87240 ,
3076,鸽,18712,9.85712 ,
3077,臀,18687,9.84395 ,
3078,吨,18670,9.83500 ,
3079,笙,18633,9.81551 ,
3080,戟,18632,9.81498 ,
3081,沼,18625,9.81129 ,
3082,谍,18611,9.80392 ,
3083,昕,18598,9.79707 ,
3084,蛊,18584,9.78970 ,
3085,煜,18582,9.78864 ,
3086,祀,18571,9.78285 ,
3087,罡,18553,9.77336 ,
3088,伶,18546,9.76968 ,
3089,荫,18542,9.76757 ,
3090,酥,18511,9.75124 ,
3091,懦,18464,9.72648 ,
3092,厄,18380,9.68223 ,
3093,峨,18374,9.67907 ,
3094,轴,18321,9.65115 ,
3095,伽,18295,9.63746 ,
3096,雳,18289,9.63429 ,
3097,卵,18272,9.62534 ,
3098,捶,18237,9.60690 ,
3099,檐,18211,9.59321 ,
3100,棘,18152,9.56213 ,
3101,嗣,18110,9.54000 ,
3102,钗,18040,9.50313 ,
3103,袜,18039,9.50260 ,
3104,妩,18020,9.49259 ,
3105,炕,18018,9.49154 ,
3106,偎,18007,9.48574 ,
3107,窦,17985,9.47415 ,
3108,蝎,17947,9.45414 ,
3109,溶,17932,9.44623 ,
3110,幺,17926,9.44307 ,
3111,膨,17894,9.42622 ,
3112,峙,17869,9.41305 ,
3113,缉,17853,9.40462 ,
3114,徊,17842,9.39882 ,
3115,呗,17817,9.38565 ,
3116,衅,17813,9.38355 ,
3117,砂,17805,9.37933 ,
3118,舵,17755,9.35299 ,
3119,昼,17728,9.33877 ,
3120,迸,17662,9.30400 ,
3121,斟,17602,9.27240 ,
3122,舆,17587,9.26449 ,
3123,椒,17541,9.24026 ,
3124,靓,17479,9.20760 ,
3125,旬,17475,9.20550 ,
3126,厘,17464,9.19970 ,
3127,窑,17450,9.19233 ,
3128,萎,17426,9.17968 ,
3129,涟,17410,9.17125 ,
3130,疙,17365,9.14755 ,
3131,芠,17349,9.13912 ,
3132,瘩,17347,9.13807 ,
3133,梵,17305,9.11594 ,
3134,靴,17283,9.10435 ,
3135,侥,17262,9.09329 ,
3136,匿,17242,9.08276 ,
3137,挚,17228,9.07538 ,
3138,镯,17202,9.06168 ,
3139,兑,17197,9.05905 ,
3140,尧,17147,9.03271 ,
3141,徘,17122,9.01954 ,
3142,芽,17121,9.01901 ,
3143,狙,17116,9.01638 ,
3144,闵,17114,9.01533 ,
3145,辫,17059,8.98635 ,
3146,瀑,17047,8.98003 ,
3147,嗷,17032,8.97213 ,
3148,庐,17027,8.96950 ,
3149,芯,17023,8.96739 ,
3150,禾,16993,8.95159 ,
3151,澎,16976,8.94263 ,
3152,邢,16955,8.93157 ,
3153,绊,16942,8.92472 ,
3154,蜘,16934,8.92051 ,
3155,憎,16932,8.91945 ,
3156,靡,16931,8.91893 ,
3157,褚,16900,8.90260 ,
3158,湛,16846,8.87415 ,
3159,蒲,16804,8.85203 ,
3160,嚓,16791,8.84518 ,
3161,珂,16769,8.83359 ,
3162,崽,16768,8.83306 ,
3163,贬,16755,8.82621 ,
3164,惮,16732,8.81410 ,
3165,婵,16719,8.80725 ,
3166,嗒,16686,8.78987 ,
3167,悸,16672,8.78249 ,
3168,晦,16662,8.77722 ,
3169,涅,16639,8.76511 ,
3170,恬,16632,8.76142 ,
3171,慷,16623,8.75668 ,
3172,穹,16599,8.74404 ,
3173,渣,16543,8.71454 ,
3174,屉,16514,8.69926 ,
3175,缭,16457,8.66923 ,
3176,绢,16444,8.66238 ,
3177,嬴,16436,8.65817 ,
3178,袱,16411,8.64500 ,
3179,黝,16397,8.63763 ,
3180,袅,16381,8.62920 ,
3181,淇,16379,8.62814 ,
3182,茄,16373,8.62498 ,
3183,寅,16337,8.60602 ,
3184,赦,16333,8.60391 ,
3185,悻,16292,8.58231 ,
3186,祟,16287,8.57968 ,
3187,榻,16283,8.57757 ,
3188,蛙,16283,8.57757 ,
3189,苇,16237,8.55334 ,
3190,嵩,16210,8.53912 ,
3191,茉,16199,8.53332 ,
3192,唰,16179,8.52279 ,
3193,咏,16144,8.50435 ,
3194,凿,16089,8.47538 ,
3195,粪,16072,8.46642 ,
3196,噪,16010,8.43376 ,
3197,菌,16008,8.43271 ,
3198,蝙,16004,8.43060 ,
3199,庶,15986,8.42112 ,
3200,邸,15950,8.40215 ,
3201,晟,15923,8.38793 ,
3202,禧,15854,8.35158 ,
3203,攒,15835,8.34157 ,
3204,旱,15826,8.33683 ,
3205,虔,15826,8.33683 ,
3206,琛,15726,8.28416 ,
3207,榴,15726,8.28416 ,
3208,漱,15713,8.27731 ,
3209,忑,15706,8.27362 ,
3210,匣,15699,8.26993 ,
3211,忐,15677,8.25834 ,
3212,谬,15676,8.25782 ,
3213,蟒,15665,8.25202 ,
3214,棱,15662,8.25044 ,
3215,钝,15645,8.24149 ,
3216,悚,15579,8.20672 ,
3217,廓,15567,8.20040 ,
3218,惘,15566,8.19987 ,
3219,漉,15539,8.18565 ,
3220,蟹,15529,8.18038 ,
3221,佬,15514,8.17248 ,
3222,曳,15503,8.16668 ,
3223,赎,15491,8.16036 ,
3224,壤,15483,8.15615 ,
3225,忡,15459,8.14350 ,
3226,倡,15456,8.14192 ,
3227,冶,15455,8.14140 ,
3228,姝,15426,8.12612 ,
3229,筠,15378,8.10084 ,
3230,竿,15347,8.08451 ,
3231,蜷,15341,8.08134 ,
3232,癌,15319,8.06976 ,
3233,嘈,15262,8.03973 ,
3234,蚕,15234,8.02498 ,
3235,剖,15232,8.02393 ,
3236,颁,15165,7.98863 ,
3237,缀,15121,7.96545 ,
3238,汀,15090,7.94912 ,
3239,谕,15061,7.93385 ,
3240,牡,15032,7.91857 ,
3241,斐,15019,7.91172 ,
3242,懵,15002,7.90277 ,
3243,皙,14920,7.85957 ,
3244,缪,14901,7.84956 ,
3245,蔷,14896,7.84693 ,
3246,诫,14892,7.84482 ,
3247,恤,14830,7.81216 ,
3248,咄,14825,7.80953 ,
3249,馒,14818,7.80584 ,
3250,矫,14800,7.79636 ,
3251,痞,14766,7.77845 ,
3252,橘,14755,7.77265 ,
3253,氧,14746,7.76791 ,
3254,贿,14729,7.75895 ,
3255,肮,14717,7.75263 ,
3256,瑾,14682,7.73420 ,
3257,璧,14608,7.69521 ,
3258,烙,14608,7.69521 ,
3259,攘,14580,7.68046 ,
3260,攥,14543,7.66097 ,
3261,汰,14511,7.64412 ,
3262,溺,14495,7.63569 ,
3263,铅,14443,7.60830 ,
3264,咔,14414,7.59302 ,
3265,芭,14409,7.59039 ,
3266,戎,14391,7.58090 ,
3267,褐,14390,7.58038 ,
3268,巩,14361,7.56510 ,
3269,吆,14326,7.54666 ,
3270,彰,14222,7.49188 ,
3271,漩,14215,7.48819 ,
3272,聆,14208,7.48450 ,
3273,蒜,14174,7.46659 ,
3274,棕,14156,7.45711 ,
3275,鹃,14136,7.44657 ,
3276,帜,14102,7.42866 ,
3277,鄂,14061,7.40707 ,
3278,搐,14053,7.40285 ,
3279,蔼,14033,7.39232 ,
3280,怦,14012,7.38125 ,
3281,穗,13995,7.37230 ,
3282,亩,13986,7.36756 ,
3283,撰,13976,7.36229 ,
3284,绎,13969,7.35860 ,
3285,牟,13962,7.35491 ,
3286,咨,13954,7.35070 ,
3287,奄,13947,7.34701 ,
3288,梓,13927,7.33648 ,
3289,绚,13848,7.29486 ,
3290,阀,13821,7.28064 ,
3291,烘,13793,7.26589 ,
3292,炙,13778,7.25799 ,
3293,翎,13767,7.25219 ,
3294,惋,13737,7.23639 ,
3295,驯,13729,7.23217 ,
3296,栩,13693,7.21321 ,
3297,逾,13686,7.20952 ,
3298,墟,13672,7.20215 ,
3299,鬟,13671,7.20162 ,
3300,茬,13642,7.18634 ,
3301,褪,13537,7.13103 ,
3302,鑫,13522,7.12313 ,
3303,骸,13516,7.11997 ,
3304,峭,13505,7.11418 ,
3305,缅,13481,7.10153 ,
3306,灶,13458,7.08942 ,
3307,洽,13409,7.06360 ,
3308,祯,13395,7.05623 ,
3309,暄,13336,7.02515 ,
3310,裔,13332,7.02304 ,
3311,韶,13303,7.00777 ,
3312,缎,13277,6.99407 ,
3313,砚,13267,6.98880 ,
3314,锥,13235,6.97194 ,
3315,辙,13190,6.94824 ,
3316,惦,13189,6.94771 ,
3317,铛,13183,6.94455 ,
3318,枣,13173,6.93928 ,
3319,桦,13149,6.92664 ,
3320,邃,13142,6.92295 ,
3321,橱,13139,6.92137 ,
3322,搔,13130,6.91663 ,
3323,腑,13129,6.91611 ,
3324,萤,13116,6.90926 ,
3325,枢,13115,6.90873 ,
3326,遏,13099,6.90030 ,
3327,募,13095,6.89820 ,
3328,憬,13093,6.89714 ,
3329,庵,13087,6.89398 ,
3330,叼,13048,6.87344 ,
3331,嫖,13042,6.87028 ,
3332,苛,13000,6.84815 ,
3333,锣,12995,6.84552 ,
3334,蹑,12942,6.81760 ,
3335,拌,12927,6.80970 ,
3336,奠,12902,6.79653 ,
3337,秽,12887,6.78862 ,
3338,殴,12875,6.78230 ,
3339,喋,12871,6.78020 ,
3340,糙,12840,6.76387 ,
3341,貂,12832,6.75965 ,
3342,揖,12821,6.75386 ,
3343,葵,12818,6.75228 ,
3344,榆,12802,6.74385 ,
3345,颐,12797,6.74121 ,
3346,皂,12776,6.73015 ,
3347,眈,12773,6.72857 ,
3348,扼,12762,6.72278 ,
3349,眺,12749,6.71593 ,
3350,孜,12741,6.71171 ,
3351,簌,12731,6.70645 ,
3352,玺,12725,6.70329 ,
3353,偌,12710,6.69538 ,
3354,蹿,12631,6.65377 ,
3355,蓓,12618,6.64692 ,
3356,弛,12591,6.63270 ,
3357,庇,12566,6.61953 ,
3358,檀,12516,6.59319 ,
3359,枭,12512,6.59108 ,
3360,螂,12502,6.58581 ,
3361,趾,12471,6.56948 ,
3362,崭,12461,6.56422 ,
3363,妲,12460,6.56369 ,
3364,掂,12450,6.55842 ,
3365,醇,12444,6.55526 ,
3366,掺,12439,6.55263 ,
3367,驿,12436,6.55105 ,
3368,槽,12412,6.53840 ,
3369,惬,12404,6.53419 ,
3370,镰,12380,6.52155 ,
3371,抡,12347,6.50416 ,
3372,憧,12337,6.49890 ,
3373,删,12335,6.49784 ,
3374,鸳,12321,6.49047 ,
3375,酣,12314,6.48678 ,
3376,宦,12302,6.48046 ,
3377,筐,12286,6.47203 ,
3378,琅,12283,6.47045 ,
3379,瞻,12261,6.45886 ,
3380,焱,12242,6.44885 ,
3381,飙,12231,6.44306 ,
3382,湃,12221,6.43779 ,
3383,俨,12202,6.42778 ,
3384,跷,12194,6.42357 ,
3385,栅,12177,6.41461 ,
3386,撅,12167,6.40934 ,
3387,煽,12159,6.40513 ,
3388,呱,12127,6.38827 ,
3389,缰,12118,6.38353 ,
3390,猝,12077,6.36193 ,
3391,衮,12074,6.36035 ,
3392,肴,12069,6.35772 ,
3393,殆,12048,6.34666 ,
3394,谴,12039,6.34191 ,
3395,蔬,12038,6.34139 ,
3396,飒,12008,6.32558 ,
3397,婧,11970,6.30557 ,
3398,阐,11957,6.29872 ,
3399,荧,11955,6.29766 ,
3400,侈,11948,6.29398 ,
3401,霏,11940,6.28976 ,
3402,瘟,11924,6.28133 ,
3403,芜,11922,6.28028 ,
3404,俭,11871,6.25342 ,
3405,崎,11863,6.24920 ,
3406,亥,11845,6.23972 ,
3407,俐,11827,6.23024 ,
3408,屿,11826,6.22971 ,
3409,譬,11807,6.21970 ,
3410,饺,11790,6.21075 ,
3411,垄,11782,6.20653 ,
3412,畴,11750,6.18967 ,
3413,杠,11743,6.18599 ,
3414,鬓,11728,6.17809 ,
3415,讼,11726,6.17703 ,
3416,晏,11688,6.15701 ,
3417,弈,11679,6.15227 ,
3418,鞍,11579,6.09960 ,
3419,瘸,11577,6.09854 ,
3420,钮,11556,6.08748 ,
3421,珏,11522,6.06957 ,
3422,钰,11516,6.06641 ,
3423,傀,11508,6.06219 ,
3424,噔,11503,6.05956 ,
3425,驭,11486,6.05060 ,
3426,靶,11461,6.03744 ,
3427,萦,11437,6.02479 ,
3428,韬,11434,6.02321 ,
3429,恙,11433,6.02269 ,
3430,懿,11429,6.02058 ,
3431,竺,11419,6.01531 ,
3432,吝,11418,6.01478 ,
3433,羁,11396,6.00319 ,
3434,荀,11378,5.99371 ,
3435,癫,11357,5.98265 ,
3436,嘭,11327,5.96685 ,
3437,菇,11316,5.96105 ,
3438,恃,11258,5.93050 ,
3439,瘪,11246,5.92418 ,
3440,儡,11246,5.92418 ,
3441,踌,11238,5.91996 ,
3442,呦,11228,5.91470 ,
3443,榕,11223,5.91206 ,
3444,昵,11208,5.90416 ,
3445,躇,11200,5.89995 ,
3446,烬,11199,5.89942 ,
3447,啰,11175,5.88678 ,
3448,酌,11174,5.88625 ,
3449,丙,11170,5.88414 ,
3450,涎,11149,5.87308 ,
3451,哒,11140,5.86834 ,
3452,冽,11108,5.85148 ,
3453,鸾,11088,5.84095 ,
3454,砌,11088,5.84095 ,
3455,烨,11080,5.83673 ,
3456,翟,11050,5.82093 ,
3457,辗,11050,5.82093 ,
3458,噎,11030,5.81039 ,
3459,驹,11020,5.80512 ,
3460,噼,11014,5.80196 ,
3461,咎,11012,5.80091 ,
3462,亵,11009,5.79933 ,
3463,陨,11006,5.79775 ,
3464,蠕,11004,5.79670 ,
3465,冕,10994,5.79143 ,
3466,雌,10979,5.78353 ,
3467,茸,10963,5.77510 ,
3468,瑛,10948,5.76720 ,
3469,剃,10941,5.76351 ,
3470,掰,10932,5.75877 ,
3471,蹙,10904,5.74402 ,
3472,橡,10887,5.73506 ,
3473,佯,10873,5.72769 ,
3474,笃,10832,5.70609 ,
3475,崛,10826,5.70293 ,
3476,勘,10761,5.66869 ,
3477,稼,10734,5.65447 ,
3478,桀,10702,5.63761 ,
3479,渝,10653,5.61180 ,
3480,拚,10652,5.61127 ,
3481,汐,10645,5.60758 ,
3482,锈,10628,5.59863 ,
3483,磅,10605,5.58651 ,
3484,壕,10556,5.56070 ,
3485,娄,10553,5.55912 ,
3486,撮,10534,5.54911 ,
3487,玑,10523,5.54331 ,
3488,祠,10484,5.52277 ,
3489,鹫,10470,5.51540 ,
3490,娲,10470,5.51540 ,
3491,黏,10465,5.51276 ,
3492,珀,10455,5.50749 ,
3493,睽,10448,5.50381 ,
3494,栓,10429,5.49380 ,
3495,绫,10425,5.49169 ,
3496,阑,10423,5.49064 ,
3497,邑,10420,5.48906 ,
3498,瑕,10419,5.48853 ,
3499,磋,10397,5.47694 ,
3500,粟,10358,5.45640 ,
3501,薯,10341,5.44744 ,
3502,沪,10326,5.43954 ,
3503,讷,10324,5.43849 ,
3504,岑,10316,5.43427 ,
3505,炜,10301,5.42637 ,
3506,玮,10284,5.41741 ,
3507,娼,10278,5.41425 ,
3508,迂,10277,5.41373 ,
3509,伎,10269,5.40951 ,
3510,鲸,10246,5.39740 ,
3511,翡,10243,5.39582 ,
3512,坝,10236,5.39213 ,
3513,铐,10235,5.39160 ,
3514,洼,10233,5.39055 ,
3515,蹊,10230,5.38897 ,
3516,寐,10214,5.38054 ,
3517,肾,10212,5.37949 ,
3518,鸯,10164,5.35420 ,
3519,這,10162,5.35315 ,
3520,敝,10151,5.34735 ,
3521,涧,10131,5.33682 ,
3522,崆,10115,5.32839 ,
3523,甭,10111,5.32628 ,
3524,笠,10084,5.31206 ,
3525,扈,10073,5.30626 ,
3526,哝,10044,5.29099 ,
3527,芮,10037,5.28730 ,
3528,卉,10030,5.28361 ,
3529,靳,10010,5.27308 ,
3530,诬,9995,5.26517 ,
3531,札,9993,5.26412 ,
3532,婊,9991,5.26307 ,
3533,裘,9991,5.26307 ,
3534,扉,9977,5.25569 ,
3535,疮,9968,5.25095 ,
3536,巅,9967,5.25042 ,
3537,坞,9944,5.23831 ,
3538,膳,9913,5.22198 ,
3539,剌,9911,5.22092 ,
3540,鳄,9891,5.21039 ,
3541,捺,9881,5.20512 ,
3542,悼,9880,5.20459 ,
3543,茧,9861,5.19459 ,
3544,毋,9854,5.19090 ,
3545,曙,9845,5.18616 ,
3546,馅,9845,5.18616 ,
3547,簸,9837,5.18194 ,
3548,忒,9833,5.17984 ,
3549,妳,9800,5.16245 ,
3550,叟,9797,5.16087 ,
3551,拴,9790,5.15718 ,
3552,嬷,9757,5.13980 ,
3553,稣,9756,5.13927 ,
3554,痹,9748,5.13506 ,
3555,垣,9743,5.13243 ,
3556,蛤,9735,5.12821 ,
3557,谏,9725,5.12294 ,
3558,羹,9720,5.12031 ,
3559,沥,9716,5.11820 ,
3560,蛾,9694,5.10661 ,
3561,瑚,9681,5.09977 ,
3562,個,9663,5.09028 ,
3563,熔,9661,5.08923 ,
3564,惆,9648,5.08238 ,
3565,雏,9648,5.08238 ,
3566,饷,9645,5.08080 ,
3567,拗,9593,5.05341 ,
3568,燎,9587,5.05025 ,
3569,熠,9579,5.04603 ,
3570,薰,9574,5.04340 ,
3571,蕃,9570,5.04129 ,
3572,捋,9568,5.04024 ,
3573,籁,9564,5.03813 ,
3574,髦,9531,5.02075 ,
3575,飓,9487,4.99757 ,
3576,簿,9481,4.99441 ,
3577,迢,9447,4.97650 ,
3578,汩,9441,4.97334 ,
3579,闸,9438,4.97176 ,
3580,狩,9422,4.96333 ,
3581,鲨,9416,4.96017 ,
3582,蜥,9410,4.95701 ,
3583,惴,9403,4.95332 ,
3584,胯,9397,4.95016 ,
3585,侨,9375,4.93857 ,
3586,劭,9369,4.93541 ,
3587,烹,9367,4.93436 ,
3588,咣,9351,4.92593 ,
3589,攸,9343,4.92171 ,
3590,锄,9338,4.91908 ,
3591,硝,9321,4.91012 ,
3592,颔,9307,4.90275 ,
3593,鸥,9276,4.88642 ,
3594,滕,9254,4.87483 ,
3595,寰,9242,4.86851 ,
3596,紊,9236,4.86535 ,
3597,蕉,9223,4.85850 ,
3598,稠,9216,4.85481 ,
3599,蟆,9205,4.84902 ,
3600,垢,9175,4.83321 ,
3601,楷,9165,4.82795 ,
3602,炊,9154,4.82215 ,
3603,忻,9151,4.82057 ,
3604,炳,9133,4.81109 ,
3605,腆,9132,4.81056 ,
3606,褒,9130,4.80951 ,
3607,酋,9128,4.80846 ,
3608,赃,9126,4.80740 ,
3609,拈,9106,4.79687 ,
3610,抒,9105,4.79634 ,
3611,孰,9098,4.79265 ,
3612,袄,9096,4.79160 ,
3613,褂,9095,4.79107 ,
3614,孺,9093,4.79002 ,
3615,胭,9088,4.78738 ,
3616,赘,9084,4.78528 ,
3617,嫡,9082,4.78422 ,
3618,礁,9082,4.78422 ,
3619,珉,9079,4.78264 ,
3620,啜,9057,4.77105 ,
3621,钳,9039,4.76157 ,
3622,晾,9012,4.74735 ,
3623,茎,9007,4.74472 ,
3624,隧,9003,4.74261 ,
3625,窿,9002,4.74208 ,
3626,骋,8977,4.72891 ,
3627,嫦,8971,4.72575 ,
3628,槛,8970,4.72522 ,
3629,掳,8970,4.72522 ,
3630,莞,8969,4.72470 ,
3631,瓢,8967,4.72364 ,
3632,曜,8963,4.72154 ,
3633,锯,8953,4.71627 ,
3634,猖,8948,4.71363 ,
3635,遐,8944,4.71153 ,
3636,蹋,8940,4.70942 ,
3637,飕,8930,4.70415 ,
3638,麾,8918,4.69783 ,
3639,渍,8918,4.69783 ,
3640,猥,8898,4.68730 ,
3641,篝,8896,4.68624 ,
3642,殉,8878,4.67676 ,
3643,枷,8877,4.67623 ,
3644,蜒,8877,4.67623 ,
3645,皎,8869,4.67202 ,
3646,霁,8842,4.65780 ,
3647,诩,8833,4.65306 ,
3648,窖,8831,4.65200 ,
3649,咫,8825,4.64884 ,
3650,檬,8818,4.64515 ,
3651,乒,8803,4.63725 ,
3652,奚,8800,4.63567 ,
3653,淤,8794,4.63251 ,
3654,溯,8725,4.59616 ,
3655,凋,8718,4.59248 ,
3656,纺,8718,4.59248 ,
3657,篱,8716,4.59142 ,
3658,泌,8695,4.58036 ,
3659,刨,8691,4.57825 ,
3660,樵,8689,4.57720 ,
3661,忏,8687,4.57615 ,
3662,盎,8678,4.57140 ,
3663,戾,8677,4.57088 ,
3664,咀,8667,4.56561 ,
3665,屹,8644,4.55349 ,
3666,挎,8629,4.54559 ,
3667,羔,8622,4.54190 ,
3668,殃,8611,4.53611 ,
3669,庚,8607,4.53400 ,
3670,淼,8593,4.52663 ,
3671,淀,8590,4.52505 ,
3672,隘,8588,4.52399 ,
3673,绛,8578,4.51873 ,
3674,缨,8574,4.51662 ,
3675,焘,8565,4.51188 ,
3676,璨,8551,4.50450 ,
3677,跤,8546,4.50187 ,
3678,锵,8532,4.49449 ,
3679,摁,8517,4.48659 ,
3680,痊,8478,4.46605 ,
3681,嫔,8467,4.46025 ,
3682,來,8459,4.45604 ,
3683,臻,8443,4.44761 ,
3684,泯,8435,4.44340 ,
3685,糜,8423,4.43707 ,
3686,睦,8412,4.43128 ,
3687,喵,8410,4.43023 ,
3688,缥,8410,4.43023 ,
3689,褥,8394,4.42180 ,
3690,魇,8387,4.41811 ,
3691,汶,8380,4.41442 ,
3692,馋,8379,4.41390 ,
3693,渎,8378,4.41337 ,
3694,蜿,8376,4.41232 ,
3695,抠,8375,4.41179 ,
3696,诶,8361,4.40441 ,
3697,墩,8359,4.40336 ,
3698,棣,8329,4.38756 ,
3699,沓,8322,4.38387 ,
3700,喏,8320,4.38282 ,
3701,诲,8309,4.37702 ,
3702,琶,8308,4.37650 ,
3703,缈,8275,4.35911 ,
3704,缔,8273,4.35806 ,
3705,酝,8265,4.35384 ,
3706,耷,8256,4.34910 ,
3707,弼,8249,4.34542 ,
3708,柬,8238,4.33962 ,
3709,浏,8234,4.33751 ,
3710,拷,8224,4.33225 ,
3711,剁,8222,4.33119 ,
3712,柿,8210,4.32487 ,
3713,琵,8200,4.31960 ,
3714,沂,8174,4.30591 ,
3715,蕙,8173,4.30538 ,
3716,捻,8152,4.29432 ,
3717,帛,8139,4.28747 ,
3718,柠,8126,4.28062 ,
3719,饵,8125,4.28009 ,
3720,撂,8107,4.27061 ,
3721,娓,8105,4.26956 ,
3722,乓,8098,4.26587 ,
3723,轲,8080,4.25639 ,
3724,髯,8077,4.25481 ,
3725,娉,8067,4.24954 ,
3726,圭,8052,4.24164 ,
3727,璀,8045,4.23795 ,
3728,苔,8045,4.23795 ,
3729,肪,8036,4.23321 ,
3730,吮,8032,4.23110 ,
3731,瞩,8028,4.22900 ,
3732,啄,8026,4.22794 ,
3733,帷,8007,4.21793 ,
3734,箍,8001,4.21477 ,
3735,蟑,7998,4.21319 ,
3736,炖,7982,4.20476 ,
3737,梗,7980,4.20371 ,
3738,捎,7956,4.19107 ,
3739,瞿,7952,4.18896 ,
3740,嗬,7948,4.18685 ,
3741,蘑,7944,4.18475 ,
3742,唏,7925,4.17474 ,
3743,鹊,7905,4.16420 ,
3744,矶,7901,4.16210 ,
3745,羌,7900,4.16157 ,
3746,骼,7894,4.15841 ,
3747,筛,7883,4.15261 ,
3748,鲤,7849,4.13470 ,
3749,羲,7847,4.13365 ,
3750,祺,7841,4.13049 ,
3751,馈,7839,4.12943 ,
3752,伫,7835,4.12733 ,
3753,羿,7834,4.12680 ,
3754,苞,7827,4.12311 ,
3755,犁,7823,4.12101 ,
3756,铎,7819,4.11890 ,
3757,啬,7814,4.11627 ,
3758,舷,7809,4.11363 ,
3759,矗,7808,4.11310 ,
3760,癖,7798,4.10784 ,
3761,掣,7797,4.10731 ,
3762,匾,7782,4.09941 ,
3763,谧,7781,4.09888 ,
3764,瀛,7781,4.09888 ,
3765,珞,7779,4.09783 ,
3766,衲,7778,4.09730 ,
3767,毓,7778,4.09730 ,
3768,恺,7748,4.08150 ,
3769,纬,7715,4.06411 ,
3770,惰,7669,4.03988 ,
3771,嘤,7662,4.03619 ,
3772,诣,7648,4.02882 ,
3773,谛,7639,4.02408 ,
3774,藻,7612,4.00986 ,
3775,啷,7603,4.00511 ,
3776,佘,7584,3.99511 ,
3777,黠,7541,3.97245 ,
3778,饲,7519,3.96087 ,
3779,虬,7518,3.96034 ,
3780,涤,7510,3.95612 ,
3781,骡,7509,3.95560 ,
3782,钵,7494,3.94770 ,
3783,邯,7487,3.94401 ,
3784,笋,7472,3.93611 ,
3785,瑀,7470,3.93505 ,
3786,芥,7468,3.93400 ,
3787,醺,7468,3.93400 ,
3788,佼,7460,3.92979 ,
3789,舜,7460,3.92979 ,
3790,龌,7451,3.92504 ,
3791,簪,7448,3.92346 ,
3792,痰,7445,3.92188 ,
3793,蹂,7440,3.91925 ,
3794,恻,7439,3.91872 ,
3795,簧,7430,3.91398 ,
3796,甥,7427,3.91240 ,
3797,腼,7396,3.89607 ,
3798,驮,7367,3.88079 ,
3799,缤,7365,3.87974 ,
3800,潺,7363,3.87869 ,
3801,獠,7356,3.87500 ,
3802,筏,7349,3.87131 ,
3803,锭,7341,3.86710 ,
3804,阙,7335,3.86394 ,
3805,粤,7314,3.85288 ,
3806,瞌,7311,3.85129 ,
3807,髻,7307,3.84919 ,
3808,琏,7307,3.84919 ,
3809,龊,7295,3.84287 ,
3810,椎,7273,3.83128 ,
3811,唆,7269,3.82917 ,
3812,煦,7265,3.82706 ,
3813,嵋,7261,3.82496 ,
3814,幡,7256,3.82232 ,
3815,翌,7243,3.81547 ,
3816,毡,7222,3.80441 ,
3817,碳,7195,3.79019 ,
3818,鸨,7173,3.77860 ,
3819,闽,7169,3.77649 ,
3820,躏,7166,3.77491 ,
3821,蜓,7149,3.76596 ,
3822,咻,7148,3.76543 ,
3823,捍,7135,3.75858 ,
3824,睨,7131,3.75647 ,
3825,鼾,7130,3.75595 ,
3826,桔,7128,3.75489 ,
3827,娆,7099,3.73962 ,
3828,抉,7091,3.73540 ,
3829,玟,7088,3.73382 ,
3830,蜻,7088,3.73382 ,
3831,徨,7081,3.73014 ,
3832,嗲,7063,3.72065 ,
3833,碾,7058,3.71802 ,
3834,哐,7050,3.71380 ,
3835,粼,7049,3.71328 ,
3836,啐,7044,3.71064 ,
3837,谑,7031,3.70380 ,
3838,嚏,7017,3.69642 ,
3839,甬,7009,3.69221 ,
3840,鳖,6999,3.68694 ,
3841,榨,6994,3.68431 ,
3842,倜,6979,3.67640 ,
3843,稷,6957,3.66481 ,
3844,妤,6923,3.64690 ,
3845,篡,6922,3.64638 ,
3846,晤,6919,3.64480 ,
3847,肇,6900,3.63479 ,
3848,咂,6899,3.63426 ,
3849,帚,6894,3.63163 ,
3850,瘤,6892,3.63057 ,
3851,瞠,6874,3.62109 ,
3852,嚅,6865,3.61635 ,
3853,怆,6862,3.61477 ,
3854,镔,6859,3.61319 ,
3855,撵,6857,3.61214 ,
3856,裆,6838,3.60213 ,
3857,腺,6833,3.59949 ,
3858,骁,6831,3.59844 ,
3859,坷,6828,3.59686 ,
3860,箐,6828,3.59686 ,
3861,螃,6823,3.59423 ,
3862,冢,6812,3.58843 ,
3863,锢,6805,3.58474 ,
3864,晁,6804,3.58422 ,
3865,濒,6797,3.58053 ,
3866,蝗,6770,3.56631 ,
3867,烽,6755,3.55840 ,
3868,辘,6743,3.55208 ,
3869,莘,6743,3.55208 ,
3870,撬,6740,3.55050 ,
3871,澹,6736,3.54840 ,
3872,瓮,6733,3.54682 ,
3873,亘,6726,3.54313 ,
3874,钊,6725,3.54260 ,
3875,篓,6723,3.54155 ,
3876,缇,6721,3.54049 ,
3877,宸,6716,3.53786 ,
3878,泓,6716,3.53786 ,
3879,鞑,6703,3.53101 ,
3880,胄,6703,3.53101 ,
3881,羚,6686,3.52206 ,
3882,绥,6678,3.51784 ,
3883,笺,6662,3.50941 ,
3884,荤,6658,3.50731 ,
3885,迄,6616,3.48518 ,
3886,踞,6612,3.48307 ,
3887,桨,6608,3.48097 ,
3888,慵,6576,3.46411 ,
3889,噤,6575,3.46358 ,
3890,幌,6566,3.45884 ,
3891,荻,6563,3.45726 ,
3892,跚,6556,3.45358 ,
3893,袒,6547,3.44883 ,
3894,浣,6534,3.44199 ,
3895,榄,6522,3.43566 ,
3896,痪,6519,3.43408 ,
3897,荼,6513,3.43092 ,
3898,晗,6491,3.41933 ,
3899,阉,6489,3.41828 ,
3900,腋,6487,3.41723 ,
3901,骰,6460,3.40300 ,
3902,曝,6457,3.40142 ,
3903,涮,6454,3.39984 ,
3904,踵,6451,3.39826 ,
3905,炬,6448,3.39668 ,
3906,涣,6445,3.39510 ,
3907,俟,6435,3.38983 ,
3908,皑,6424,3.38404 ,
3909,瞑,6405,3.37403 ,
3910,渲,6400,3.37140 ,
3911,擞,6388,3.36508 ,
3912,赂,6380,3.36086 ,
3913,湮,6374,3.35770 ,
3914,麓,6365,3.35296 ,
3915,铿,6349,3.34453 ,
3916,埔,6340,3.33979 ,
3917,峦,6336,3.33768 ,
3918,噘,6333,3.33610 ,
3919,涓,6331,3.33505 ,
3920,掬,6329,3.33400 ,
3921,莓,6323,3.33084 ,
3922,怏,6323,3.33084 ,
3923,萃,6318,3.32820 ,
3924,呲,6309,3.32346 ,
3925,蹒,6305,3.32135 ,
3926,鳌,6289,3.31292 ,
3927,睐,6282,3.30924 ,
3928,昱,6273,3.30450 ,
3929,旌,6251,3.29291 ,
3930,摞,6250,3.29238 ,
3931,們,6244,3.28922 ,
3932,吠,6242,3.28817 ,
3933,濮,6228,3.28079 ,
3934,卞,6201,3.26657 ,
3935,琬,6185,3.25814 ,
3936,谙,6174,3.25234 ,
3937,啕,6152,3.24076 ,
3938,轶,6150,3.23970 ,
3939,搪,6143,3.23601 ,
3940,陇,6141,3.23496 ,
3941,纨,6138,3.23338 ,
3942,膺,6134,3.23127 ,
3943,皋,6131,3.22969 ,
3944,霭,6123,3.22548 ,
3945,呓,6086,3.20599 ,
3946,橄,6085,3.20546 ,
3947,纶,6061,3.19282 ,
3948,垛,6052,3.18808 ,
3949,嗫,6049,3.18650 ,
3950,盅,6047,3.18544 ,
3951,拄,6044,3.18386 ,
3952,踝,6039,3.18123 ,
3953,臧,6025,3.17385 ,
3954,淅,6023,3.17280 ,
3955,岌,6018,3.17017 ,
3956,岱,6015,3.16859 ,
3957,璞,6014,3.16806 ,
3958,缄,6013,3.16753 ,
3959,秧,5967,3.14330 ,
3960,翱,5945,3.13171 ,
3961,卤,5943,3.13066 ,
3962,逅,5938,3.12802 ,
3963,靥,5938,3.12802 ,
3964,磐,5916,3.11644 ,
3965,壑,5914,3.11538 ,
3966,斓,5911,3.11380 ,
3967,翊,5899,3.10748 ,
3968,挛,5894,3.10485 ,
3969,琰,5886,3.10063 ,
3970,叁,5883,3.09905 ,
3971,佗,5875,3.09484 ,
3972,阖,5863,3.08852 ,
3973,戬,5852,3.08272 ,
3974,怂,5852,3.08272 ,
3975,汲,5849,3.08114 ,
3976,垠,5840,3.07640 ,
3977,迥,5833,3.07271 ,
3978,咛,5821,3.06639 ,
3979,邂,5821,3.06639 ,
3980,杞,5807,3.05902 ,
3981,痘,5797,3.05375 ,
3982,臊,5795,3.05269 ,
3983,藕,5784,3.04690 ,
3984,湄,5774,3.04163 ,
3985,媲,5774,3.04163 ,
3986,癞,5773,3.04111 ,
3987,辄,5766,3.03742 ,
3988,獒,5756,3.03215 ,
3989,恪,5751,3.02952 ,
3990,砾,5747,3.02741 ,
3991,痉,5743,3.02530 ,
3992,吒,5743,3.02530 ,
3993,蜕,5742,3.02478 ,
3994,椰,5739,3.02320 ,
3995,仨,5719,3.01266 ,
3996,纣,5710,3.00792 ,
3997,馁,5700,3.00265 ,
3998,镐,5696,3.00054 ,
3999,蜈,5696,3.00054 ,
4000,窈,5693,2.99896 ,
4001,說,5687,2.99580 ,
4002,秤,5682,2.99317 ,
4003,桢,5681,2.99264 ,
4004,粱,5673,2.98843 ,
4005,辐,5668,2.98579 ,
4006,悖,5666,2.98474 ,
4007,涔,5665,2.98421 ,
4008,偕,5650,2.97631 ,
4009,渭,5648,2.97526 ,
4010,汴,5636,2.96894 ,
4011,蜴,5628,2.96472 ,
4012,桅,5611,2.95577 ,
4013,隅,5608,2.95419 ,
4014,卯,5587,2.94312 ,
4015,骜,5585,2.94207 ,
4016,孚,5574,2.93628 ,
4017,禺,5565,2.93154 ,
4018,琥,5562,2.92996 ,
4019,阚,5558,2.92785 ,
4020,杵,5556,2.92679 ,
4021,掖,5553,2.92521 ,
4022,畸,5545,2.92100 ,
4023,晔,5540,2.91837 ,
4024,婀,5532,2.91415 ,
4025,菡,5512,2.90362 ,
4026,噶,5511,2.90309 ,
4027,昙,5506,2.90046 ,
4028,坍,5505,2.89993 ,
4029,俑,5497,2.89571 ,
4030,滤,5489,2.89150 ,
4031,侏,5485,2.88939 ,
4032,潦,5483,2.88834 ,
4033,挲,5475,2.88413 ,
4034,覃,5474,2.88360 ,
4035,硫,5471,2.88202 ,
4036,俸,5469,2.88096 ,
4037,蟠,5464,2.87833 ,
4038,弋,5460,2.87622 ,
4039,梆,5442,2.86674 ,
4040,驸,5442,2.86674 ,
4041,馀,5430,2.86042 ,
4042,笈,5428,2.85937 ,
4043,忱,5425,2.85779 ,
4044,恿,5406,2.84778 ,
4045,胥,5376,2.83197 ,
4046,垦,5358,2.82249 ,
4047,滢,5356,2.82144 ,
4048,窕,5351,2.81880 ,
4049,滇,5347,2.81670 ,
4050,珅,5345,2.81564 ,
4051,邬,5345,2.81564 ,
4052,圃,5339,2.81248 ,
4053,咿,5338,2.81196 ,
4054,徙,5331,2.80827 ,
4055,瘴,5331,2.80827 ,
4056,舫,5324,2.80458 ,
4057,嗝,5321,2.80300 ,
4058,泞,5314,2.79931 ,
4059,藐,5308,2.79615 ,
4060,赣,5305,2.79457 ,
4061,鹦,5289,2.78614 ,
4062,逵,5273,2.77772 ,
4063,戍,5272,2.77719 ,
4064,榭,5270,2.77614 ,
4065,牠,5251,2.76613 ,
4066,揩,5243,2.76191 ,
4067,熹,5242,2.76139 ,
4068,蟾,5236,2.75822 ,
4069,霾,5226,2.75296 ,
4070,蔫,5224,2.75190 ,
4071,跛,5214,2.74664 ,
4072,岐,5207,2.74295 ,
4073,脐,5200,2.73926 ,
4074,糗,5197,2.73768 ,
4075,螳,5195,2.73663 ,
4076,哺,5193,2.73557 ,
4077,鹭,5180,2.72872 ,
4078,蚣,5167,2.72188 ,
4079,炀,5157,2.71661 ,
4080,嵬,5144,2.70976 ,
4081,褶,5141,2.70818 ,
4082,恸,5121,2.69764 ,
4083,隽,5109,2.69132 ,
4084,飚,5096,2.68448 ,
4085,玥,5094,2.68342 ,
4086,籽,5088,2.68026 ,
4087,釜,5081,2.67657 ,
4088,剐,5067,2.66920 ,
4089,鸠,5066,2.66867 ,
4090,磷,5058,2.66446 ,
4091,沒,5057,2.66393 ,
4092,娑,5056,2.66340 ,
4093,谄,5048,2.65919 ,
4094,巳,5048,2.65919 ,
4095,恣,5030,2.64971 ,
4096,猬,5025,2.64707 ,
4097,酪,5022,2.64549 ,
4098,溟,5020,2.64444 ,
4099,丕,5020,2.64444 ,
4100,隼,5018,2.64339 ,
4101,峒,4991,2.62916 ,
4102,芋,4991,2.62916 ,
4103,觊,4987,2.62706 ,
4104,旖,4980,2.62337 ,
4105,筵,4970,2.61810 ,
4106,娣,4964,2.61494 ,
4107,婠,4956,2.61073 ,
4108,盹,4945,2.60493 ,
4109,涸,4944,2.60440 ,
4110,劾,4941,2.60282 ,
4111,颌,4941,2.60282 ,
4112,趔,4928,2.59598 ,
4113,殇,4925,2.59440 ,
4114,噌,4924,2.59387 ,
4115,轧,4919,2.59123 ,
4116,沽,4913,2.58807 ,
4117,愫,4908,2.58544 ,
4118,鸢,4907,2.58491 ,
4119,龇,4897,2.57965 ,
4120,玷,4894,2.57807 ,
4121,掸,4870,2.56542 ,
4122,趄,4866,2.56332 ,
4123,溥,4858,2.55910 ,
4124,疵,4857,2.55857 ,
4125,皖,4854,2.55699 ,
4126,邺,4850,2.55489 ,
4127,杳,4833,2.54593 ,
4128,聿,4831,2.54488 ,
4129,镀,4821,2.53961 ,
4130,祎,4800,2.52855 ,
4131,鹉,4795,2.52591 ,
4132,匍,4791,2.52381 ,
4133,崴,4790,2.52328 ,
4134,岖,4782,2.51907 ,
4135,幔,4776,2.51591 ,
4136,蝈,4761,2.50800 ,
4137,雒,4753,2.50379 ,
4138,镑,4747,2.50063 ,
4139,臆,4735,2.49431 ,
4140,偃,4730,2.49167 ,
4141,蜗,4726,2.48957 ,
4142,瞰,4717,2.48483 ,
4143,侬,4715,2.48377 ,
4144,郸,4714,2.48324 ,
4145,搡,4714,2.48324 ,
4146,缆,4706,2.47903 ,
4147,袂,4693,2.47218 ,
4148,楮,4690,2.47060 ,
4149,麼,4687,2.46902 ,
4150,诠,4687,2.46902 ,
4151,洵,4681,2.46586 ,
4152,犊,4679,2.46481 ,
4153,摹,4677,2.46375 ,
4154,蟀,4666,2.45796 ,
4155,邋,4653,2.45111 ,
4156,瓒,4653,2.45111 ,
4157,苻,4648,2.44848 ,
4158,荦,4636,2.44216 ,
4159,竣,4635,2.44163 ,
4160,骥,4627,2.43741 ,
4161,泗,4611,2.42899 ,
4162,痣,4604,2.42530 ,
4163,贲,4601,2.42372 ,
4164,胴,4599,2.42267 ,
4165,潼,4597,2.42161 ,
4166,弑,4591,2.41845 ,
4167,匐,4587,2.41634 ,
4168,姣,4585,2.41529 ,
4169,谤,4578,2.41160 ,
4170,蘸,4576,2.41055 ,
4171,蟋,4573,2.40897 ,
4172,渥,4566,2.40528 ,
4173,浒,4561,2.40265 ,
4174,蛐,4560,2.40212 ,
4175,阂,4558,2.40107 ,
4176,糯,4552,2.39791 ,
4177,愠,4548,2.39580 ,
4178,嵇,4533,2.38790 ,
4179,谒,4524,2.38316 ,
4180,绾,4521,2.38158 ,
4181,舀,4517,2.37947 ,
4182,呤,4508,2.37473 ,
4183,噙,4495,2.36788 ,
4184,槟,4489,2.36472 ,
4185,嘣,4487,2.36367 ,
4186,诃,4484,2.36209 ,
4187,宓,4473,2.35629 ,
4188,脓,4472,2.35576 ,
4189,樟,4468,2.35366 ,
4190,忪,4465,2.35208 ,
4191,蛰,4463,2.35102 ,
4192,咤,4443,2.34049 ,
4193,捱,4439,2.33838 ,
4194,阜,4437,2.33733 ,
4195,峥,4434,2.33575 ,
4196,濡,4432,2.33469 ,
4197,遢,4429,2.33311 ,
4198,瑙,4424,2.33048 ,
4199,碉,4403,2.31942 ,
4200,荃,4385,2.30993 ,
4201,孵,4384,2.30941 ,
4202,讹,4383,2.30888 ,
4203,嗵,4379,2.30677 ,
4204,彝,4376,2.30519 ,
4205,颀,4370,2.30203 ,
4206,苓,4355,2.29413 ,
4207,咝,4343,2.28781 ,
4208,臾,4333,2.28254 ,
4209,篆,4333,2.28254 ,
4210,椭,4309,2.26990 ,
4211,沏,4304,2.26726 ,
4212,颦,4297,2.26358 ,
4213,蛆,4296,2.26305 ,
4214,淆,4293,2.26147 ,
4215,揄,4290,2.25989 ,
4216,嗑,4272,2.25041 ,
4217,辎,4265,2.24672 ,
4218,踮,4259,2.24356 ,
4219,犷,4249,2.23829 ,
4220,荔,4246,2.23671 ,
4221,鳅,4246,2.23671 ,
4222,會,4241,2.23408 ,
4223,闫,4234,2.23039 ,
4224,徵,4233,2.22986 ,
4225,隗,4223,2.22460 ,
4226,渤,4217,2.22143 ,
4227,馍,4217,2.22143 ,
4228,锏,4191,2.20774 ,
4229,楣,4189,2.20668 ,
4230,蜃,4184,2.20405 ,
4231,遛,4181,2.20247 ,
4232,倌,4168,2.19562 ,
4233,氤,4163,2.19299 ,
4234,戌,4145,2.18351 ,
4235,嶙,4142,2.18193 ,
4236,馗,4134,2.17771 ,
4237,匮,4129,2.17508 ,
4238,揶,4117,2.16876 ,
4239,胚,4101,2.16033 ,
4240,啻,4090,2.15453 ,
4241,敕,4087,2.15295 ,
4242,夙,4086,2.15243 ,
4243,珈,4077,2.14769 ,
4244,锹,4077,2.14769 ,
4245,跂,4067,2.14242 ,
4246,摒,4066,2.14189 ,
4247,迩,4064,2.14084 ,
4248,啾,4063,2.14031 ,
4249,峪,4061,2.13926 ,
4250,靼,4059,2.13820 ,
4251,菠,4056,2.13662 ,
4252,蓟,4056,2.13662 ,
4253,沅,4051,2.13399 ,
4254,馥,4049,2.13294 ,
4255,槌,4044,2.13030 ,
4256,燮,4044,2.13030 ,
4257,褛,4042,2.12925 ,
4258,為,4042,2.12925 ,
4259,贻,4040,2.12819 ,
4260,礴,4039,2.12767 ,
4261,豚,4039,2.12767 ,
4262,氲,4028,2.12187 ,
4263,湍,4026,2.12082 ,
4264,腌,4020,2.11766 ,
4265,蚱,4020,2.11766 ,
4266,殡,4016,2.11555 ,
4267,毗,3984,2.09869 ,
4268,耙,3977,2.09501 ,
4269,诽,3969,2.09079 ,
4270,褴,3959,2.08553 ,
4271,恁,3956,2.08394 ,
4272,呷,3954,2.08289 ,
4273,蚌,3936,2.07341 ,
4274,瘁,3936,2.07341 ,
4275,铝,3934,2.07236 ,
4276,蔻,3925,2.06761 ,
4277,憩,3905,2.05708 ,
4278,锚,3900,2.05445 ,
4279,濑,3872,2.03970 ,
4280,耘,3869,2.03812 ,
4281,俾,3864,2.03548 ,
4282,鬃,3860,2.03337 ,
4283,裟,3853,2.02969 ,
4284,祢,3851,2.02863 ,
4285,苒,3850,2.02811 ,
4286,蘅,3849,2.02758 ,
4287,鱿,3849,2.02758 ,
4288,唷,3835,2.02020 ,
4289,傥,3834,2.01968 ,
4290,袈,3831,2.01810 ,
4291,豺,3825,2.01494 ,
4292,町,3824,2.01441 ,
4293,掇,3820,2.01230 ,
4294,坯,3815,2.00967 ,
4295,阏,3812,2.00809 ,
4296,戛,3808,2.00598 ,
4297,贮,3787,1.99492 ,
4298,塾,3783,1.99281 ,
4299,剽,3778,1.99018 ,
4300,孬,3769,1.98544 ,
4301,衩,3768,1.98491 ,
4302,镣,3760,1.98070 ,
4303,戊,3757,1.97912 ,
4304,犟,3756,1.97859 ,
4305,酉,3752,1.97648 ,
4306,夥,3748,1.97437 ,
4307,斡,3740,1.97016 ,
4308,過,3735,1.96753 ,
4309,珩,3734,1.96700 ,
4310,匝,3734,1.96700 ,
4311,诘,3733,1.96647 ,
4312,攫,3728,1.96384 ,
4313,潢,3727,1.96331 ,
4314,黔,3727,1.96331 ,
4315,臃,3726,1.96279 ,
4316,罂,3720,1.95962 ,
4317,轼,3719,1.95910 ,
4318,酗,3709,1.95383 ,
4319,嘹,3699,1.94856 ,
4320,時,3698,1.94804 ,
4321,阪,3695,1.94646 ,
4322,璎,3679,1.93803 ,
4323,冗,3678,1.93750 ,
4324,桧,3676,1.93645 ,
4325,闳,3673,1.93487 ,
4326,皿,3662,1.92907 ,
4327,囡,3654,1.92486 ,
4328,辍,3649,1.92222 ,
4329,觎,3643,1.91906 ,
4330,浚,3635,1.91485 ,
4331,闰,3632,1.91327 ,
4332,臼,3624,1.90905 ,
4333,蹩,3620,1.90695 ,
4334,煲,3617,1.90537 ,
4335,怵,3616,1.90484 ,
4336,囤,3613,1.90326 ,
4337,罔,3613,1.90326 ,
4338,蚓,3612,1.90273 ,
4339,碴,3602,1.89746 ,
4340,姒,3601,1.89694 ,
4341,灸,3571,1.88113 ,
4342,蚯,3554,1.87218 ,
4343,嗥,3548,1.86902 ,
4344,堑,3544,1.86691 ,
4345,箴,3543,1.86638 ,
4346,谗,3541,1.86533 ,
4347,嵘,3539,1.86428 ,
4348,箩,3538,1.86375 ,
4349,艮,3524,1.85638 ,
4350,碱,3521,1.85480 ,
4351,葆,3519,1.85374 ,
4352,還,3510,1.84900 ,
4353,旎,3505,1.84637 ,
4354,谆,3505,1.84637 ,
4355,粽,3503,1.84531 ,
4356,牒,3502,1.84479 ,
4357,泸,3499,1.84321 ,
4358,蔺,3498,1.84268 ,
4359,刽,3494,1.84057 ,
4360,锷,3471,1.82846 ,
4361,诋,3468,1.82688 ,
4362,惇,3466,1.82582 ,
4363,缜,3455,1.82003 ,
4364,爻,3448,1.81634 ,
4365,贰,3444,1.81423 ,
4366,坳,3440,1.81213 ,
4367,睑,3438,1.81107 ,
4368,葭,3436,1.81002 ,
4369,昀,3423,1.80317 ,
4370,經,3418,1.80054 ,
4371,噫,3418,1.80054 ,
4372,妪,3418,1.80054 ,
4373,镂,3408,1.79527 ,
4374,癸,3405,1.79369 ,
4375,沣,3396,1.78895 ,
4376,笆,3384,1.78263 ,
4377,壬,3379,1.77999 ,
4378,绉,3377,1.77894 ,
4379,抨,3371,1.77578 ,
4380,箕,3366,1.77314 ,
4381,叵,3366,1.77314 ,
4382,坨,3361,1.77051 ,
4383,颉,3359,1.76946 ,
4384,姹,3350,1.76472 ,
4385,赳,3339,1.75892 ,
4386,琮,3330,1.75418 ,
4387,焊,3324,1.75102 ,
4388,淬,3322,1.74997 ,
4389,纭,3322,1.74997 ,
4390,埠,3319,1.74839 ,
4391,泱,3316,1.74681 ,
4392,恹,3306,1.74154 ,
4393,淙,3304,1.74048 ,
4394,榛,3295,1.73574 ,
4395,酵,3290,1.73311 ,
4396,銮,3286,1.73100 ,
4397,孛,3274,1.72468 ,
4398,嗳,3273,1.72415 ,
4399,佶,3270,1.72257 ,
4400,犒,3262,1.71836 ,
4401,茱,3252,1.71309 ,
4402,饪,3245,1.70940 ,
4403,孪,3236,1.70466 ,
4404,泠,3233,1.70308 ,
4405,砺,3223,1.69781 ,
4406,遽,3222,1.69729 ,
4407,嗟,3220,1.69623 ,
4408,钙,3218,1.69518 ,
4409,鲲,3210,1.69097 ,
4410,谚,3210,1.69097 ,
4411,闾,3205,1.68833 ,
4412,谟,3201,1.68623 ,
4413,馊,3198,1.68465 ,
4414,翦,3195,1.68306 ,
4415,雉,3195,1.68306 ,
4416,虱,3191,1.68096 ,
4417,糠,3185,1.67780 ,
4418,锴,3179,1.67464 ,
4419,赈,3169,1.66937 ,
4420,骠,3168,1.66884 ,
4421,旮,3168,1.66884 ,
4422,峋,3167,1.66831 ,
4423,跆,3161,1.66515 ,
4424,飛,3160,1.66463 ,
4425,瘠,3156,1.66252 ,
4426,潸,3155,1.66199 ,
4427,饕,3154,1.66147 ,
4428,佚,3148,1.65831 ,
4429,淄,3142,1.65515 ,
4430,谀,3139,1.65357 ,
4431,镳,3137,1.65251 ,
4432,廿,3123,1.64514 ,
4433,喟,3119,1.64303 ,
4434,偻,3115,1.64092 ,
4435,绺,3112,1.63934 ,
4436,沱,3100,1.63302 ,
4437,囱,3098,1.63197 ,
4438,铳,3095,1.63039 ,
4439,袤,3094,1.62986 ,
4440,兖,3094,1.62986 ,
4441,對,3081,1.62301 ,
4442,栾,3068,1.61616 ,
4443,畿,3056,1.60984 ,
4444,诌,3056,1.60984 ,
4445,赓,3053,1.60826 ,
4446,苯,3045,1.60405 ,
4447,佻,3042,1.60247 ,
4448,繇,3040,1.60141 ,
4449,魈,3032,1.59720 ,
4450,屌,3026,1.59404 ,
4451,谲,3025,1.59351 ,
4452,泾,3020,1.59088 ,
4453,獗,3017,1.58930 ,
4454,鞅,3011,1.58614 ,
4455,蹶,3000,1.58034 ,
4456,绔,2987,1.57349 ,
4457,雹,2984,1.57191 ,
4458,旯,2979,1.56928 ,
4459,洱,2977,1.56823 ,
4460,樣,2976,1.56770 ,
4461,馄,2975,1.56717 ,
4462,粲,2974,1.56665 ,
4463,哂,2972,1.56559 ,
4464,蔗,2970,1.56454 ,
4465,饨,2968,1.56349 ,
4466,奘,2967,1.56296 ,
4467,芍,2961,1.55980 ,
4468,淞,2959,1.55874 ,
4469,腴,2956,1.55716 ,
4470,現,2949,1.55348 ,
4471,剜,2941,1.54926 ,
4472,汾,2940,1.54874 ,
4473,顼,2931,1.54399 ,
4474,濂,2917,1.53662 ,
4475,蜚,2915,1.53557 ,
4476,殒,2907,1.53135 ,
4477,麝,2895,1.52503 ,
4478,鹞,2889,1.52187 ,
4479,蚤,2887,1.52082 ,
4480,浃,2883,1.51871 ,
4481,坂,2872,1.51291 ,
4482,颚,2867,1.51028 ,
4483,忤,2866,1.50975 ,
4484,洙,2857,1.50501 ,
4485,祗,2852,1.50238 ,
4486,無,2850,1.50133 ,
4487,迤,2847,1.49975 ,
4488,眦,2845,1.49869 ,
4489,彗,2839,1.49553 ,
4490,暹,2835,1.49342 ,
4491,赧,2834,1.49290 ,
4492,佝,2829,1.49026 ,
4493,蒯,2827,1.48921 ,
4494,郦,2826,1.48868 ,
4495,僮,2826,1.48868 ,
4496,钺,2822,1.48658 ,
4497,嘞,2819,1.48500 ,
4498,硅,2811,1.48078 ,
4499,玳,2810,1.48025 ,
4500,蛹,2810,1.48025 ,
4501,睾,2807,1.47867 ,
4502,螭,2805,1.47762 ,
4503,赁,2805,1.47762 ,
4504,盂,2805,1.47762 ,
4505,瑁,2802,1.47604 ,
4506,俅,2801,1.47551 ,
4507,侗,2800,1.47499 ,
4508,骛,2799,1.47446 ,
4509,宕,2794,1.47183 ,
4510,纂,2790,1.46972 ,
4511,堰,2783,1.46603 ,
4512,厩,2777,1.46287 ,
4513,萋,2776,1.46234 ,
4514,鄢,2776,1.46234 ,
4515,帔,2772,1.46024 ,
4516,蓁,2763,1.45550 ,
4517,杈,2758,1.45286 ,
4518,熨,2753,1.45023 ,
4519,挞,2751,1.44917 ,
4520,觐,2749,1.44812 ,
4521,開,2749,1.44812 ,
4522,阗,2749,1.44812 ,
4523,钏,2743,1.44496 ,
4524,煊,2743,1.44496 ,
4525,泫,2739,1.44285 ,
4526,迳,2733,1.43969 ,
4527,夔,2715,1.43021 ,
4528,缮,2715,1.43021 ,
4529,燧,2712,1.42863 ,
4530,嘁,2705,1.42494 ,
4531,孱,2698,1.42125 ,
4532,懑,2697,1.42073 ,
4533,邕,2691,1.41757 ,
4534,彧,2681,1.41230 ,
4535,柩,2679,1.41125 ,
4536,耆,2666,1.40440 ,
4537,漕,2663,1.40282 ,
4538,鹄,2662,1.40229 ,
4539,龛,2662,1.40229 ,
4540,饯,2660,1.40124 ,
4541,餮,2648,1.39492 ,
4542,幄,2644,1.39281 ,
4543,鹘,2636,1.38859 ,
4544,爰,2633,1.38701 ,
4545,噻,2629,1.38491 ,
4546,倨,2628,1.38438 ,
4547,汜,2617,1.37859 ,
4548,诙,2611,1.37542 ,
4549,锃,2610,1.37490 ,
4550,颧,2608,1.37384 ,
4551,璟,2603,1.37121 ,
4552,纰,2598,1.36858 ,
4553,绡,2597,1.36805 ,
4554,鏖,2590,1.36436 ,
4555,瞭,2590,1.36436 ,
4556,氢,2589,1.36384 ,
4557,颢,2580,1.35909 ,
4558,楔,2580,1.35909 ,
4559,藜,2576,1.35699 ,
4560,郢,2567,1.35225 ,
4561,妫,2566,1.35172 ,
4562,栀,2564,1.35067 ,
4563,岫,2562,1.34961 ,
4564,谥,2561,1.34909 ,
4565,骧,2552,1.34434 ,
4566,犄,2549,1.34276 ,
4567,葳,2548,1.34224 ,
4568,辇,2547,1.34171 ,
4569,珪,2546,1.34118 ,
4570,魑,2543,1.33960 ,
4571,璜,2543,1.33960 ,
4572,聒,2542,1.33908 ,
4573,椿,2532,1.33381 ,
4574,谩,2531,1.33328 ,
4575,伢,2531,1.33328 ,
4576,琊,2528,1.33170 ,
4577,骅,2520,1.32749 ,
4578,鹜,2519,1.32696 ,
4579,禛,2519,1.32696 ,
4580,闩,2512,1.32327 ,
4581,颍,2512,1.32327 ,
4582,翕,2511,1.32275 ,
4583,濠,2508,1.32117 ,
4584,仞,2506,1.32011 ,
4585,鳗,2505,1.31959 ,
4586,玖,2503,1.31853 ,
4587,踊,2502,1.31801 ,
4588,皈,2501,1.31748 ,
4589,骊,2501,1.31748 ,
4590,痿,2501,1.31748 ,
4591,芑,2497,1.31537 ,
4592,孑,2490,1.31168 ,
4593,帼,2484,1.30852 ,
4594,撸,2484,1.30852 ,
4595,檄,2484,1.30852 ,
4596,啵,2483,1.30800 ,
4597,昶,2483,1.30800 ,
4598,柚,2471,1.30168 ,
4599,祐,2470,1.30115 ,
4600,篑,2458,1.29483 ,
4601,陲,2456,1.29377 ,
4602,潋,2453,1.29219 ,
4603,亟,2441,1.28587 ,
4604,樽,2441,1.28587 ,
4605,遨,2435,1.28271 ,
4606,锺,2435,1.28271 ,
4607,舶,2433,1.28166 ,
4608,莆,2433,1.28166 ,
4609,蛀,2432,1.28113 ,
4610,琨,2422,1.27586 ,
4611,點,2411,1.27007 ,
4612,邈,2409,1.26902 ,
4613,棂,2399,1.26375 ,
4614,抻,2394,1.26111 ,
4615,搽,2390,1.25901 ,
4616,俪,2379,1.25321 ,
4617,铉,2376,1.25163 ,
4618,怩,2372,1.24952 ,
4619,嚯,2371,1.24900 ,
4620,茁,2369,1.24794 ,
4621,韭,2364,1.24531 ,
4622,膘,2359,1.24268 ,
4623,酩,2357,1.24162 ,
4624,榔,2354,1.24004 ,
4625,娩,2352,1.23899 ,
4626,忸,2351,1.23846 ,
4627,刎,2349,1.23741 ,
4628,彿,2346,1.23583 ,
4629,扪,2344,1.23477 ,
4630,漳,2339,1.23214 ,
4631,呶,2337,1.23109 ,
4632,瑄,2337,1.23109 ,
4633,仃,2331,1.22793 ,
4634,呯,2330,1.22740 ,
4635,佞,2329,1.22687 ,
4636,饬,2326,1.22529 ,
4637,裨,2321,1.22266 ,
4638,壹,2321,1.22266 ,
4639,黜,2320,1.22213 ,
4640,巽,2320,1.22213 ,
4641,鹂,2319,1.22160 ,
4642,滂,2319,1.22160 ,
4643,徉,2314,1.21897 ,
4644,戕,2303,1.21318 ,
4645,埂,2301,1.21212 ,
4646,倢,2300,1.21160 ,
4647,僖,2300,1.21160 ,
4648,纫,2294,1.20844 ,
4649,奂,2292,1.20738 ,
4650,溉,2289,1.20580 ,
4651,範,2257,1.18894 ,
4652,猊,2254,1.18736 ,
4653,胛,2253,1.18684 ,
4654,卟,2250,1.18526 ,
4655,锌,2246,1.18315 ,
4656,遑,2242,1.18104 ,
4657,跻,2241,1.18052 ,
4658,珣,2240,1.17999 ,
4659,妗,2231,1.17525 ,
4660,蒿,2230,1.17472 ,
4661,钛,2229,1.17419 ,
4662,岷,2214,1.16629 ,
4663,葩,2209,1.16366 ,
4664,傕,2207,1.16261 ,
4665,磺,2206,1.16208 ,
4666,魃,2205,1.16155 ,
4667,汕,2204,1.16102 ,
4668,蠡,2200,1.15892 ,
4669,苋,2198,1.15786 ,
4670,剎,2191,1.15418 ,
4671,肛,2191,1.15418 ,
4672,潞,2185,1.15102 ,
4673,阕,2173,1.14469 ,
4674,铤,2171,1.14364 ,
4675,桠,2171,1.14364 ,
4676,涿,2170,1.14311 ,
4677,薜,2167,1.14153 ,
4678,郃,2164,1.13995 ,
4679,氐,2156,1.13574 ,
4680,鲛,2154,1.13469 ,
4681,睥,2153,1.13416 ,
4682,滦,2148,1.13153 ,
4683,稔,2145,1.12994 ,
4684,頭,2144,1.12942 ,
4685,妺,2143,1.12889 ,
4686,锲,2139,1.12678 ,
4687,徜,2131,1.12257 ,
4688,哙,2126,1.11994 ,
4689,冼,2126,1.11994 ,
4690,獐,2123,1.11836 ,
4691,讧,2114,1.11361 ,
4692,喙,2114,1.11361 ,
4693,氨,2112,1.11256 ,
4694,缯,2111,1.11203 ,
4695,褓,2108,1.11045 ,
4696,赊,2108,1.11045 ,
4697,菀,2107,1.10993 ,
4698,鄱,2106,1.10940 ,
4699,炅,2096,1.10413 ,
4700,碜,2094,1.10308 ,
4701,戗,2092,1.10203 ,
4702,嫫,2089,1.10045 ,
4703,瓴,2088,1.09992 ,
4704,犍,2084,1.09781 ,
4705,酊,2082,1.09676 ,
4706,臌,2082,1.09676 ,
4707,钠,2078,1.09465 ,
4708,螓,2078,1.09465 ,
4709,镌,2064,1.08728 ,
4710,麗,2058,1.08411 ,
4711,铀,2053,1.08148 ,
4712,羯,2049,1.07937 ,
4713,挝,2048,1.07885 ,
4714,谡,2037,1.07305 ,
4715,邙,2036,1.07253 ,
4716,襁,2036,1.07253 ,
4717,渚,2031,1.06989 ,
4718,胫,2025,1.06673 ,
4719,箸,2024,1.06620 ,
4720,逖,2022,1.06515 ,
4721,雎,2014,1.06094 ,
4722,砥,2013,1.06041 ,
4723,衢,2011,1.05936 ,
4724,狒,2002,1.05462 ,
4725,骞,2002,1.05462 ,
4726,荟,2001,1.05409 ,
4727,汛,1994,1.05040 ,
4728,盥,1987,1.04671 ,
4729,睚,1984,1.04513 ,
4730,栎,1981,1.04355 ,
4731,祚,1977,1.04145 ,
4732,砣,1967,1.03618 ,
4733,烩,1966,1.03565 ,
4734,氣,1963,1.03407 ,
4735,夯,1961,1.03302 ,
4736,拮,1954,1.02933 ,
4737,驷,1950,1.02722 ,
4738,掴,1944,1.02406 ,
4739,蘩,1942,1.02301 ,
4740,禩,1941,1.02248 ,
4741,蜞,1940,1.02195 ,
4742,乜,1936,1.01985 ,
4743,灏,1933,1.01827 ,
4744,殓,1933,1.01827 ,
4745,發,1932,1.01774 ,
4746,哔,1931,1.01721 ,
4747,擢,1931,1.01721 ,
4748,殛,1926,1.01458 ,
4749,荪,1922,1.01247 ,
4750,徇,1922,1.01247 ,
4751,蹴,1919,1.01089 ,
4752,忾,1914,1.00826 ,
4753,谯,1914,1.00826 ,
4754,鸵,1914,1.00826 ,
4755,疹,1914,1.00826 ,
4756,韫,1912,1.00720 ,
4757,祛,1909,1.00562 ,
4758,膻,1908,1.00510 ,
4759,黢,1907,1.00457 ,
4760,仄,1896,0.99878 ,
4761,唳,1892,0.99667 ,
4762,炁,1892,0.99667 ,
4763,烊,1882,0.99140 ,
4764,孀,1881,0.99087 ,
4765,斫,1880,0.99035 ,
4766,腚,1878,0.98929 ,
4767,牍,1877,0.98877 ,
4768,佃,1870,0.98508 ,
4769,懋,1870,0.98508 ,
4770,赡,1869,0.98455 ,
4771,鹗,1868,0.98403 ,
4772,秣,1868,0.98403 ,
4773,榷,1857,0.97823 ,
4774,镭,1854,0.97665 ,
4775,铄,1850,0.97454 ,
4776,庾,1850,0.97454 ,
4777,媾,1833,0.96559 ,
4778,嫒,1829,0.96348 ,
4779,饽,1827,0.96243 ,
4780,佥,1821,0.95927 ,
4781,谌,1820,0.95874 ,
4782,尕,1817,0.95716 ,
4783,啮,1810,0.95347 ,
4784,蝼,1805,0.95084 ,
4785,闱,1805,0.95084 ,
4786,篙,1804,0.95031 ,
4787,逡,1804,0.95031 ,
4788,膑,1802,0.94926 ,
4789,問,1801,0.94873 ,
4790,荥,1800,0.94821 ,
4791,隍,1797,0.94663 ,
4792,蕨,1796,0.94610 ,
4793,罄,1796,0.94610 ,
4794,郓,1795,0.94557 ,
4795,囵,1793,0.94452 ,
4796,橹,1792,0.94399 ,
4797,诰,1786,0.94083 ,
4798,蹇,1785,0.94030 ,
4799,睢,1785,0.94030 ,
4800,喱,1783,0.93925 ,
4801,縯,1781,0.93820 ,
4802,間,1772,0.93346 ,
4803,話,1771,0.93293 ,
4804,肓,1770,0.93240 ,
4805,榈,1768,0.93135 ,
4806,绶,1764,0.92924 ,
4807,罹,1763,0.92871 ,
4808,槊,1763,0.92871 ,
4809,瑗,1759,0.92661 ,
4810,槁,1758,0.92608 ,
4811,秸,1750,0.92187 ,
4812,裱,1746,0.91976 ,
4813,牦,1744,0.91871 ,
4814,荑,1744,0.91871 ,
4815,滓,1741,0.91713 ,
4816,腓,1737,0.91502 ,
4817,谶,1734,0.91344 ,
4818,砝,1734,0.91344 ,
4819,舐,1734,0.91344 ,
4820,嗎,1731,0.91186 ,
4821,秆,1730,0.91133 ,
4822,荏,1725,0.90870 ,
4823,邝,1723,0.90764 ,
4824,芈,1723,0.90764 ,
4825,給,1720,0.90606 ,
4826,斛,1720,0.90606 ,
4827,暨,1716,0.90396 ,
4828,狻,1715,0.90343 ,
4829,滟,1712,0.90185 ,
4830,恫,1710,0.90080 ,
4831,麋,1708,0.89974 ,
4832,纾,1708,0.89974 ,
4833,锟,1706,0.89869 ,
4834,粑,1704,0.89763 ,
4835,诳,1699,0.89500 ,
4836,氅,1698,0.89447 ,
4837,寮,1698,0.89447 ,
4838,鹑,1695,0.89289 ,
4839,驽,1694,0.89237 ,
4840,囫,1691,0.89079 ,
4841,炷,1690,0.89026 ,
4842,缙,1688,0.88921 ,
4843,徕,1681,0.88552 ,
4844,弭,1669,0.87920 ,
4845,聲,1667,0.87814 ,
4846,橇,1666,0.87762 ,
4847,痢,1662,0.87551 ,
4848,撺,1661,0.87498 ,
4849,柑,1661,0.87498 ,
4850,圜,1661,0.87498 ,
4851,儆,1659,0.87393 ,
4852,魉,1659,0.87393 ,
4853,妊,1657,0.87288 ,
4854,婳,1640,0.86392 ,
4855,兩,1637,0.86234 ,
4856,矍,1634,0.86076 ,
4857,犸,1633,0.86023 ,
4858,哓,1623,0.85497 ,
4859,酶,1616,0.85128 ,
4860,當,1614,0.85022 ,
4861,庖,1610,0.84812 ,
4862,缢,1608,0.84706 ,
4863,俎,1606,0.84601 ,
4864,墉,1605,0.84548 ,
4865,鲫,1604,0.84496 ,
4866,藓,1602,0.84390 ,
4867,佰,1600,0.84285 ,
4868,痔,1598,0.84180 ,
4869,觥,1596,0.84074 ,
4870,闇,1583,0.83389 ,
4871,哞,1583,0.83389 ,
4872,旃,1581,0.83284 ,
4873,讓,1580,0.83231 ,
4874,伉,1579,0.83179 ,
4875,猷,1577,0.83073 ,
4876,怄,1573,0.82863 ,
4877,牯,1571,0.82757 ,
4878,茀,1569,0.82652 ,
4879,烜,1568,0.82599 ,
4880,锨,1566,0.82494 ,
4881,長,1565,0.82441 ,
4882,豢,1562,0.82283 ,
4883,轱,1556,0.81967 ,
4884,泵,1553,0.81809 ,
4885,擀,1549,0.81598 ,
4886,蝌,1549,0.81598 ,
4887,绻,1547,0.81493 ,
4888,呔,1546,0.81440 ,
4889,绌,1543,0.81282 ,
4890,蓑,1539,0.81072 ,
4891,纥,1538,0.81019 ,
4892,釉,1538,0.81019 ,
4893,翳,1536,0.80914 ,
4894,殁,1535,0.80861 ,
4895,讫,1527,0.80439 ,
4896,濛,1526,0.80387 ,
4897,從,1522,0.80176 ,
4898,蜇,1521,0.80123 ,
4899,砧,1520,0.80071 ,
4900,殄,1518,0.79965 ,
4901,萼,1513,0.79702 ,
4902,覺,1509,0.79491 ,
4903,辔,1509,0.79491 ,
4904,诮,1506,0.79333 ,
4905,胰,1505,0.79281 ,
4906,蜍,1503,0.79175 ,
4907,浔,1503,0.79175 ,
4908,緂,1501,0.79070 ,
4909,钜,1496,0.78806 ,
4910,瘌,1496,0.78806 ,
4911,趿,1496,0.78806 ,
4912,瘀,1494,0.78701 ,
4913,鸪,1492,0.78596 ,
4914,霰,1490,0.78490 ,
4915,婥,1484,0.78174 ,
4916,赟,1478,0.77858 ,
4917,邊,1477,0.77806 ,
4918,祇,1477,0.77806 ,
4919,鹧,1477,0.77806 ,
4920,诨,1476,0.77753 ,
4921,掼,1475,0.77700 ,
4922,僭,1472,0.77542 ,
4923,礽,1470,0.77437 ,
4924,動,1466,0.77226 ,
4925,弁,1461,0.76963 ,
4926,體,1459,0.76857 ,
4927,湎,1455,0.76647 ,
4928,蹉,1454,0.76594 ,
4929,汨,1454,0.76594 ,
4930,栉,1454,0.76594 ,
4931,醍,1453,0.76541 ,
4932,磬,1448,0.76278 ,
4933,铂,1444,0.76067 ,
4934,蓼,1444,0.76067 ,
4935,泷,1444,0.76067 ,
4936,梏,1443,0.76014 ,
4937,祜,1442,0.75962 ,
4938,摺,1439,0.75804 ,
4939,鸩,1439,0.75804 ,
4940,虺,1438,0.75751 ,
4941,豌,1436,0.75646 ,
4942,嘬,1426,0.75119 ,
4943,疡,1426,0.75119 ,
4944,杲,1425,0.75066 ,
4945,荞,1425,0.75066 ,
4946,煨,1424,0.75014 ,
4947,蛔,1423,0.74961 ,
4948,涝,1423,0.74961 ,
4949,焖,1422,0.74908 ,
4950,祉,1421,0.74856 ,
4951,魍,1420,0.74803 ,
4952,锉,1419,0.74750 ,
4953,跎,1419,0.74750 ,
4954,桎,1418,0.74698 ,
4955,娠,1417,0.74645 ,
4956,诿,1417,0.74645 ,
4957,喆,1417,0.74645 ,
4958,瓯,1414,0.74487 ,
4959,偈,1413,0.74434 ,
4960,殚,1412,0.74381 ,
4961,镁,1409,0.74223 ,
4962,邳,1407,0.74118 ,
4963,胱,1405,0.74013 ,
4964,痂,1405,0.74013 ,
4965,刍,1403,0.73907 ,
4966,醐,1401,0.73802 ,
4967,糅,1397,0.73591 ,
4968,亞,1391,0.73275 ,
4969,岿,1390,0.73223 ,
4970,愎,1389,0.73170 ,
4971,赝,1389,0.73170 ,
4972,禇,1383,0.72854 ,
4973,笳,1383,0.72854 ,
4974,唁,1383,0.72854 ,
4975,齑,1382,0.72801 ,
4976,崂,1382,0.72801 ,
4977,狎,1380,0.72696 ,
4978,踽,1379,0.72643 ,
4979,揆,1377,0.72538 ,
4980,鳍,1377,0.72538 ,
4981,钹,1376,0.72485 ,
4982,侩,1375,0.72432 ,
4983,帧,1370,0.72169 ,
4984,裾,1369,0.72116 ,
4985,椁,1368,0.72064 ,
4986,姮,1368,0.72064 ,
4987,唿,1366,0.71958 ,
4988,種,1365,0.71906 ,
4989,澍,1364,0.71853 ,
4990,崧,1363,0.71800 ,
4991,淩,1362,0.71748 ,
4992,衾,1359,0.71590 ,
4993,骈,1356,0.71431 ,
4994,仟,1354,0.71326 ,
4995,勖,1351,0.71168 ,
4996,咭,1350,0.71115 ,
4997,羸,1348,0.71010 ,
4998,谪,1348,0.71010 ,
4999,柁,1345,0.70852 ,
5000,窣,1343,0.70747 ,
5001,狲,1343,0.70747 ,
5002,槃,1340,0.70589 ,
5003,珲,1336,0.70378 ,
5004,蛭,1336,0.70378 ,
5005,痍,1335,0.70325 ,
5006,俦,1334,0.70273 ,
5007,猢,1334,0.70273 ,
5008,镫,1333,0.70220 ,
5009,戡,1331,0.70115 ,
5010,鼹,1331,0.70115 ,
5011,悌,1330,0.70062 ,
5012,嬅,1328,0.69956 ,
5013,濯,1327,0.69904 ,
5014,莅,1326,0.69851 ,
5015,懔,1326,0.69851 ,
5016,裡,1325,0.69798 ,
5017,肊,1321,0.69588 ,
5018,咩,1318,0.69430 ,
5019,誊,1318,0.69430 ,
5020,見,1316,0.69324 ,
5021,卻,1316,0.69324 ,
5022,鳝,1316,0.69324 ,
5023,韪,1315,0.69272 ,
5024,噱,1309,0.68956 ,
5025,嫪,1309,0.68956 ,
5026,亓,1309,0.68956 ,
5027,铩,1309,0.68956 ,
5028,燏,1308,0.68903 ,
5029,硌,1300,0.68482 ,
5030,俚,1300,0.68482 ,
5031,椤,1297,0.68323 ,
5032,脍,1296,0.68271 ,
5033,臉,1296,0.68271 ,
5034,汞,1292,0.68060 ,
5035,淖,1292,0.68060 ,
5036,炘,1292,0.68060 ,
5037,姘,1291,0.68007 ,
5038,聩,1284,0.67639 ,
5039,泅,1283,0.67586 ,
5040,喑,1282,0.67533 ,
5041,绦,1281,0.67481 ,
5042,铡,1281,0.67481 ,
5043,桫,1280,0.67428 ,
5044,恽,1280,0.67428 ,
5045,薏,1273,0.67059 ,
5046,遒,1272,0.67007 ,
5047,痨,1271,0.66954 ,
5048,蚪,1267,0.66743 ,
5049,屙,1267,0.66743 ,
5050,佫,1264,0.66585 ,
5051,窸,1262,0.66480 ,
5052,蒺,1258,0.66269 ,
5053,蚡,1257,0.66216 ,
5054,觞,1255,0.66111 ,
5055,葺,1253,0.66006 ,
5056,煅,1250,0.65848 ,
5057,悱,1249,0.65795 ,
5058,茕,1249,0.65795 ,
5059,肜,1247,0.65690 ,
5060,沨,1244,0.65532 ,
5061,棫,1238,0.65215 ,
5062,靛,1237,0.65163 ,
5063,诓,1236,0.65110 ,
5064,拋,1235,0.65057 ,
5065,忝,1235,0.65057 ,
5066,箔,1233,0.64952 ,
5067,璠,1232,0.64899 ,
5068,芃,1230,0.64794 ,
5069,別,1228,0.64689 ,
5070,珥,1225,0.64531 ,
5071,菅,1222,0.64373 ,
5072,嶷,1221,0.64320 ,
5073,酃,1218,0.64162 ,
5074,與,1215,0.64004 ,
5075,岬,1210,0.63740 ,
5076,臬,1210,0.63740 ,
5077,舢,1209,0.63688 ,
5078,肱,1208,0.63635 ,
5079,焙,1206,0.63530 ,
5080,逦,1198,0.63108 ,
5081,啖,1197,0.63056 ,
5082,冁,1196,0.63003 ,
5083,鸷,1189,0.62634 ,
5084,蜢,1188,0.62582 ,
5085,莠,1187,0.62529 ,
5086,級,1185,0.62424 ,
5087,茔,1180,0.62160 ,
5088,铨,1177,0.62002 ,
5089,槚,1176,0.61949 ,
5090,胺,1174,0.61844 ,
5091,旻,1174,0.61844 ,
5092,雲,1171,0.61686 ,
5093,變,1169,0.61581 ,
5094,堇,1169,0.61581 ,
5095,艽,1168,0.61528 ,
5096,湟,1167,0.61475 ,
5097,瑭,1166,0.61423 ,
5098,踅,1165,0.61370 ,
5099,芨,1164,0.61317 ,
5100,逶,1163,0.61265 ,
5101,嶂,1163,0.61265 ,
5102,幾,1161,0.61159 ,
5103,钾,1159,0.61054 ,
5104,跹,1158,0.61001 ,
5105,徭,1157,0.60949 ,
5106,鹌,1153,0.60738 ,
5107,狍,1153,0.60738 ,
5108,笞,1152,0.60685 ,
5109,埙,1145,0.60316 ,
5110,仵,1144,0.60264 ,
5111,缛,1142,0.60158 ,
5112,椽,1139,0.60000 ,
5113,暝,1136,0.59842 ,
5114,苕,1135,0.59790 ,
5115,酮,1135,0.59790 ,
5116,貉,1133,0.59684 ,
5117,婺,1133,0.59684 ,
5118,玠,1131,0.59579 ,
5119,糨,1124,0.59210 ,
5120,囿,1124,0.59210 ,
5121,铖,1123,0.59157 ,
5122,畹,1123,0.59157 ,
5123,帏,1123,0.59157 ,
5124,镝,1122,0.59105 ,
5125,缦,1117,0.58841 ,
5126,铣,1116,0.58789 ,
5127,轸,1112,0.58578 ,
5128,舂,1111,0.58525 ,
5129,將,1111,0.58525 ,
5130,碘,1109,0.58420 ,
5131,黍,1106,0.58262 ,
5132,芫,1105,0.58209 ,
5133,馔,1102,0.58051 ,
5134,碁,1101,0.57999 ,
5135,铢,1101,0.57999 ,
5136,槿,1097,0.57788 ,
5137,赭,1095,0.57683 ,
5138,涪,1092,0.57524 ,
5139,塬,1090,0.57419 ,
5140,氯,1087,0.57261 ,
5141,倬,1086,0.57208 ,
5142,酡,1084,0.57103 ,
5143,實,1083,0.57050 ,
5144,傣,1082,0.56998 ,
5145,颏,1082,0.56998 ,
5146,缱,1080,0.56892 ,
5147,媞,1080,0.56892 ,
5148,浜,1079,0.56840 ,
5149,暻,1079,0.56840 ,
5150,篾,1074,0.56576 ,
5151,鋆,1072,0.56471 ,
5152,柘,1071,0.56418 ,
5153,猕,1070,0.56366 ,
5154,桉,1066,0.56155 ,
5155,砒,1066,0.56155 ,
5156,邶,1064,0.56049 ,
5157,洌,1061,0.55891 ,
5158,衿,1059,0.55786 ,
5159,颛,1059,0.55786 ,
5160,蜮,1057,0.55681 ,
5161,骢,1056,0.55628 ,
5162,柒,1055,0.55575 ,
5163,呖,1053,0.55470 ,
5164,郅,1053,0.55470 ,
5165,饴,1052,0.55417 ,
5166,圩,1050,0.55312 ,
5167,茯,1049,0.55259 ,
5168,疱,1049,0.55259 ,
5169,圄,1046,0.55101 ,
5170,琚,1045,0.55049 ,
5171,橐,1045,0.55049 ,
5172,钿,1044,0.54996 ,
5173,枸,1043,0.54943 ,
5174,貅,1043,0.54943 ,
5175,蛎,1037,0.54627 ,
5176,嫱,1037,0.54627 ,
5177,爿,1035,0.54522 ,
5178,進,1032,0.54364 ,
5179,辂,1030,0.54258 ,
5180,綦,1029,0.54206 ,
5181,唢,1028,0.54153 ,
5182,笤,1028,0.54153 ,
5183,旸,1023,0.53890 ,
5184,鼬,1023,0.53890 ,
5185,苜,1022,0.53837 ,
5186,窠,1020,0.53732 ,
5187,嗄,1019,0.53679 ,
5188,卅,1019,0.53679 ,
5189,茏,1018,0.53626 ,
5190,艄,1018,0.53626 ,
5191,苡,1018,0.53626 ,
5192,辚,1017,0.53574 ,
5193,囹,1017,0.53574 ,
5194,撷,1015,0.53468 ,
5195,伥,1014,0.53416 ,
5196,毐,1013,0.53363 ,
5197,疟,1012,0.53310 ,
5198,骓,1012,0.53310 ,
5199,筌,1011,0.53258 ,
5200,屐,1002,0.52783 ,
5201,猁,998,0.52573 ,
5202,靈,998,0.52573 ,
5203,傩,994,0.52362 ,
5204,帶,992,0.52257 ,
5205,疽,992,0.52257 ,
5206,珙,990,0.52151 ,
5207,貊,990,0.52151 ,
5208,诟,987,0.51993 ,
5209,剛,981,0.51677 ,
5210,鬣,981,0.51677 ,
5211,鼐,981,0.51677 ,
5212,獭,975,0.51361 ,
5213,嗞,975,0.51361 ,
5214,獾,974,0.51308 ,
5215,洮,974,0.51308 ,
5216,邛,971,0.51150 ,
5217,赅,969,0.51045 ,
5218,黒,969,0.51045 ,
5219,擤,969,0.51045 ,
5220,稗,965,0.50834 ,
5221,咴,965,0.50834 ,
5222,楂,964,0.50782 ,
5223,氮,963,0.50729 ,
5224,竽,963,0.50729 ,
5225,箓,962,0.50676 ,
5226,勐,960,0.50571 ,
5227,谔,958,0.50466 ,
5228,碣,958,0.50466 ,
5229,铧,952,0.50150 ,
5230,逑,952,0.50150 ,
5231,郾,952,0.50150 ,
5232,铆,951,0.50097 ,
5233,師,951,0.50097 ,
5234,褡,950,0.50044 ,
5235,滁,949,0.49992 ,
5236,陂,947,0.49886 ,
5237,喁,945,0.49781 ,
5238,矠,944,0.49728 ,
5239,湫,943,0.49675 ,
5240,蚺,940,0.49517 ,
5241,钨,939,0.49465 ,
5242,钲,939,0.49465 ,
5243,綮,938,0.49412 ,
5244,噹,937,0.49359 ,
5245,蕲,937,0.49359 ,
5246,遴,936,0.49307 ,
5247,舛,934,0.49201 ,
5248,荠,931,0.49043 ,
5249,玕,930,0.48991 ,
5250,稞,928,0.48885 ,
5251,阄,926,0.48780 ,
5252,荚,923,0.48622 ,
5253,媪,921,0.48517 ,
5254,鎏,919,0.48411 ,
5255,笏,918,0.48358 ,
5256,迡,918,0.48358 ,
5257,悒,918,0.48358 ,
5258,晷,917,0.48306 ,
5259,郗,917,0.48306 ,
5260,宥,916,0.48253 ,
5261,戰,916,0.48253 ,
5262,豸,915,0.48200 ,
5263,摈,914,0.48148 ,
5264,儋,911,0.47990 ,
5265,葶,910,0.47937 ,
5266,瑸,906,0.47726 ,
5267,愛,905,0.47674 ,
5268,凫,904,0.47621 ,
5269,阡,899,0.47358 ,
5270,蚨,898,0.47305 ,
5271,粕,898,0.47305 ,
5272,猗,898,0.47305 ,
5273,纛,894,0.47094 ,
5274,畲,890,0.46883 ,
5275,睇,889,0.46831 ,
5276,滿,888,0.46778 ,
5277,難,888,0.46778 ,
5278,洇,888,0.46778 ,
5279,醮,886,0.46673 ,
5280,裏,886,0.46673 ,
5281,虢,885,0.46620 ,
5282,龍,885,0.46620 ,
5283,癣,885,0.46620 ,
5284,葻,883,0.46515 ,
5285,珐,878,0.46251 ,
5286,酆,878,0.46251 ,
5287,內,878,0.46251 ,
5288,诒,878,0.46251 ,
5289,踯,878,0.46251 ,
5290,颎,877,0.46199 ,
5291,馏,876,0.46146 ,
5292,莛,876,0.46146 ,
5293,髭,876,0.46146 ,
5294,龈,875,0.46093 ,
5295,锒,873,0.45988 ,
5296,钯,872,0.45935 ,
5297,楹,872,0.45935 ,
5298,贽,871,0.45883 ,
5299,菖,870,0.45830 ,
5300,灞,868,0.45725 ,
5301,虻,868,0.45725 ,
5302,苌,866,0.45619 ,
5303,聽,866,0.45619 ,
5304,躅,865,0.45567 ,
5305,牝,864,0.45514 ,
5306,钎,863,0.45461 ,
5307,珺,861,0.45356 ,
5308,畦,861,0.45356 ,
5309,欤,860,0.45303 ,
5310,桁,859,0.45250 ,
5311,腩,859,0.45250 ,
5312,吖,854,0.44987 ,
5313,該,854,0.44987 ,
5314,屍,853,0.44934 ,
5315,蠹,852,0.44882 ,
5316,眬,850,0.44776 ,
5317,夢,847,0.44618 ,
5318,張,847,0.44618 ,
5319,瓤,846,0.44566 ,
5320,淝,843,0.44408 ,
5321,鸶,843,0.44408 ,
5322,亳,842,0.44355 ,
5323,應,841,0.44302 ,
5324,楫,840,0.44250 ,
5325,薨,839,0.44197 ,
5326,訇,837,0.44092 ,
5327,祂,837,0.44092 ,
5328,镊,836,0.44039 ,
5329,陟,836,0.44039 ,
5330,炰,834,0.43934 ,
5331,靜,832,0.43828 ,
5332,镗,831,0.43775 ,
5333,樗,823,0.43354 ,
5334,苫,821,0.43249 ,
5335,阆,820,0.43196 ,
5336,莒,817,0.43038 ,
5337,罅,815,0.42933 ,
5338,稹,815,0.42933 ,
5339,豕,812,0.42775 ,
5340,涫,811,0.42722 ,
5341,螟,810,0.42669 ,
5342,骝,809,0.42617 ,
5343,連,807,0.42511 ,
5344,蓿,806,0.42459 ,
5345,祧,804,0.42353 ,
5346,苎,804,0.42353 ,
5347,擘,803,0.42301 ,
5348,犴,802,0.42248 ,
5349,玎,802,0.42248 ,
5350,侉,801,0.42195 ,
5351,仝,796,0.41932 ,
5352,學,796,0.41932 ,
5353,厝,794,0.41826 ,
5354,馐,793,0.41774 ,
5355,邰,792,0.41721 ,
5356,潍,792,0.41721 ,
5357,兕,791,0.41668 ,
5358,赍,790,0.41616 ,
5359,龅,789,0.41563 ,
5360,黩,788,0.41510 ,
5361,霂,787,0.41458 ,
5362,胪,786,0.41405 ,
5363,抟,785,0.41352 ,
5364,诤,785,0.41352 ,
5365,鬈,784,0.41300 ,
5366,結,780,0.41089 ,
5367,烺,780,0.41089 ,
5368,裝,779,0.41036 ,
5369,芪,778,0.40984 ,
5370,莳,778,0.40984 ,
5371,毽,777,0.40931 ,
5372,筇,776,0.40878 ,
5373,猞,775,0.40826 ,
5374,忺,775,0.40826 ,
5375,砭,771,0.40615 ,
5376,腱,771,0.40615 ,
5377,澧,768,0.40457 ,
5378,挈,768,0.40457 ,
5379,怼,765,0.40299 ,
5380,镞,765,0.40299 ,
5381,貔,764,0.40246 ,
5382,嬗,764,0.40246 ,
5383,醴,763,0.40193 ,
5384,搠,760,0.40035 ,
5385,杷,759,0.39983 ,
5386,薹,759,0.39983 ,
5387,杌,756,0.39825 ,
5388,並,755,0.39772 ,
5389,風,754,0.39719 ,
5390,铬,753,0.39667 ,
5391,讴,753,0.39667 ,
5392,闼,752,0.39614 ,
5393,拊,751,0.39561 ,
5394,歃,749,0.39456 ,
5395,機,747,0.39351 ,
5396,輕,745,0.39245 ,
5397,蝮,744,0.39192 ,
5398,沆,744,0.39192 ,
5399,晞,743,0.39140 ,
5400,飏,742,0.39087 ,
5401,烷,741,0.39034 ,
5402,箜,740,0.38982 ,
5403,彀,738,0.38876 ,
5404,雠,737,0.38824 ,
5405,傳,737,0.38824 ,
5406,荩,737,0.38824 ,
5407,揿,737,0.38824 ,
5408,恂,734,0.38666 ,
5409,燊,733,0.38613 ,
5410,茴,732,0.38560 ,
5411,癯,732,0.38560 ,
5412,吔,732,0.38560 ,
5413,備,730,0.38455 ,
5414,國,730,0.38455 ,
5415,闿,729,0.38402 ,
5416,衽,728,0.38350 ,
5417,鲈,727,0.38297 ,
5418,缟,726,0.38244 ,
5419,紅,726,0.38244 ,
5420,昴,726,0.38244 ,
5421,廪,725,0.38192 ,
5422,圻,725,0.38192 ,
5423,垓,723,0.38086 ,
5424,奁,722,0.38034 ,
5425,瘙,722,0.38034 ,
5426,痫,721,0.37981 ,
5427,黟,721,0.37981 ,
5428,讦,719,0.37876 ,
5429,矾,718,0.37823 ,
5430,铰,717,0.37770 ,
5431,氖,717,0.37770 ,
5432,烯,717,0.37770 ,
5433,葉,717,0.37770 ,
5434,陉,714,0.37612 ,
5435,耄,713,0.37559 ,
5436,妯,713,0.37559 ,
5437,強,709,0.37349 ,
5438,踟,702,0.36980 ,
5439,菟,702,0.36980 ,
5440,鲧,701,0.36927 ,
5441,镛,701,0.36927 ,
5442,峄,700,0.36875 ,
5443,镱,700,0.36875 ,
5444,竦,698,0.36769 ,
5445,搦,695,0.36611 ,
5446,吡,694,0.36559 ,
5447,鳏,694,0.36559 ,
5448,飨,694,0.36559 ,
5449,猡,693,0.36506 ,
5450,痼,690,0.36348 ,
5451,讣,689,0.36295 ,
5452,荭,689,0.36295 ,
5453,龢,688,0.36243 ,
5454,殺,686,0.36137 ,
5455,鯶,685,0.36084 ,
5456,馕,685,0.36084 ,
5457,枰,685,0.36084 ,
5458,黼,684,0.36032 ,
5459,檫,683,0.35979 ,
5460,氂,683,0.35979 ,
5461,鄯,683,0.35979 ,
5462,鲇,681,0.35874 ,
5463,酽,681,0.35874 ,
5464,垅,680,0.35821 ,
5465,佤,679,0.35768 ,
5466,歙,679,0.35768 ,
5467,骘,679,0.35768 ,
5468,妁,677,0.35663 ,
5469,頫,677,0.35663 ,
5470,處,676,0.35610 ,
5471,垩,676,0.35610 ,
5472,蠃,675,0.35558 ,
5473,锆,674,0.35505 ,
5474,枇,674,0.35505 ,
5475,鄞,673,0.35452 ,
5476,乩,672,0.35400 ,
5477,幂,671,0.35347 ,
5478,遠,670,0.35294 ,
5479,場,669,0.35242 ,
5480,蟊,667,0.35136 ,
5481,沭,665,0.35031 ,
5482,綪,662,0.34873 ,
5483,垭,662,0.34873 ,
5484,鹳,661,0.34820 ,
5485,萁,661,0.34820 ,
5486,伧,660,0.34768 ,
5487,苁,659,0.34715 ,
5488,恚,658,0.34662 ,
5489,盱,658,0.34662 ,
5490,鼋,657,0.34610 ,
5491,門,656,0.34557 ,
5492,钤,656,0.34557 ,
5493,矬,654,0.34451 ,
5494,帑,653,0.34399 ,
5495,關,652,0.34346 ,
5496,車,651,0.34293 ,
5497,兒,651,0.34293 ,
5498,劍,651,0.34293 ,
5499,離,648,0.34135 ,
5500,轉,648,0.34135 ,
5501,侪,647,0.34083 ,
5502,溦,647,0.34083 ,
5503,極,643,0.33872 ,
5504,穑,643,0.33872 ,
5505,脶,642,0.33819 ,
5506,煸,641,0.33767 ,
5507,娌,641,0.33767 ,
5508,砀,640,0.33714 ,
5509,陣,639,0.33661 ,
5510,孳,637,0.33556 ,
5511,吶,636,0.33503 ,
5512,蚋,636,0.33503 ,
5513,脔,635,0.33451 ,
5514,缁,635,0.33451 ,
5515,箬,633,0.33345 ,
5516,豔,632,0.33293 ,
5517,颙,632,0.33293 ,
5518,樯,631,0.33240 ,
5519,麂,630,0.33187 ,
5520,糸,629,0.33135 ,
5521,猱,628,0.33082 ,
5522,跸,627,0.33029 ,
5523,甑,627,0.33029 ,
5524,榘,625,0.32924 ,
5525,掮,625,0.32924 ,
5526,岈,625,0.32924 ,
5527,芾,624,0.32871 ,
5528,龃,624,0.32871 ,
5529,趸,623,0.32818 ,
5530,沔,623,0.32818 ,
5531,涘,623,0.32818 ,
5532,炆,623,0.32818 ,
5533,蹰,622,0.32766 ,
5534,苣,620,0.32660 ,
5535,冄,620,0.32660 ,
5536,裢,618,0.32555 ,
5537,萸,618,0.32555 ,
5538,郧,618,0.32555 ,
5539,捭,617,0.32502 ,
5540,緊,617,0.32502 ,
5541,嫇,617,0.32502 ,
5542,謇,614,0.32344 ,
5543,湉,612,0.32239 ,
5544,笫,611,0.32186 ,
5545,雖,610,0.32134 ,
5546,妣,609,0.32081 ,
5547,枞,609,0.32081 ,
5548,禟,608,0.32028 ,
5549,疥,607,0.31976 ,
5550,啁,607,0.31976 ,
5551,氰,605,0.31870 ,
5552,蒹,604,0.31818 ,
5553,驚,604,0.31818 ,
5554,檑,602,0.31712 ,
5555,誰,602,0.31712 ,
5556,莴,601,0.31660 ,
5557,禳,600,0.31607 ,
5558,缌,597,0.31449 ,
5559,婄,596,0.31396 ,
5560,夤,596,0.31396 ,
5561,鹬,596,0.31396 ,
5562,勣,595,0.31343 ,
5563,玢,592,0.31185 ,
5564,镏,592,0.31185 ,
5565,終,592,0.31185 ,
5566,狯,590,0.31080 ,
5567,馬,590,0.31080 ,
5568,傢,589,0.31027 ,
5569,焐,589,0.31027 ,
5570,縻,588,0.30975 ,
5571,屃,588,0.30975 ,
5572,魆,587,0.30922 ,
5573,莜,587,0.30922 ,
5574,腭,586,0.30869 ,
5575,鲑,586,0.30869 ,
5576,淦,585,0.30817 ,
5577,洹,584,0.30764 ,
5578,砦,584,0.30764 ,
5579,荇,583,0.30711 ,
5580,鲠,582,0.30659 ,
5581,蚝,581,0.30606 ,
5582,榉,581,0.30606 ,
5583,楝,581,0.30606 ,
5584,艨,580,0.30553 ,
5585,楸,580,0.30553 ,
5586,睃,579,0.30501 ,
5587,鹈,579,0.30501 ,
5588,棹,579,0.30501 ,
5589,昇,577,0.30395 ,
5590,瀣,576,0.30343 ,
5591,東,575,0.30290 ,
5592,龉,575,0.30290 ,
5593,鬻,575,0.30290 ,
5594,庥,574,0.30237 ,
5595,骐,573,0.30185 ,
5596,囗,573,0.30185 ,
5597,筢,568,0.29921 ,
5598,柝,567,0.29868 ,
5599,靺,566,0.29816 ,
5600,堀,565,0.29763 ,
5601,膂,565,0.29763 ,
5602,磔,565,0.29763 ,
5603,柞,565,0.29763 ,
5604,鞨,564,0.29710 ,
5605,谘,564,0.29710 ,
5606,泔,563,0.29658 ,
5607,锰,563,0.29658 ,
5608,協,563,0.29658 ,
5609,聃,561,0.29552 ,
5610,徂,560,0.29500 ,
5611,堞,560,0.29500 ,
5612,蟥,559,0.29447 ,
5613,羕,559,0.29447 ,
5614,墀,556,0.29289 ,
5615,薅,556,0.29289 ,
5616,呎,555,0.29236 ,
5617,艟,555,0.29236 ,
5618,嵯,555,0.29236 ,
5619,怿,555,0.29236 ,
5620,窳,555,0.29236 ,
5621,蛳,554,0.29184 ,
5622,彘,554,0.29184 ,
5623,迨,552,0.29078 ,
5624,犰,551,0.29026 ,
5625,荜,550,0.28973 ,
5626,篦,550,0.28973 ,
5627,跶,550,0.28973 ,
5628,橛,550,0.28973 ,
5629,焯,547,0.28815 ,
5630,儁,547,0.28815 ,
5631,趺,546,0.28762 ,
5632,倥,545,0.28710 ,
5633,鸹,544,0.28657 ,
5634,椋,544,0.28657 ,
5635,瞇,544,0.28657 ,
5636,崃,543,0.28604 ,
5637,記,542,0.28552 ,
5638,旒,542,0.28552 ,
5639,芡,542,0.28552 ,
5640,芩,542,0.28552 ,
5641,請,541,0.28499 ,
5642,耧,539,0.28393 ,
5643,蝺,539,0.28393 ,
5644,庠,538,0.28341 ,
5645,狴,536,0.28235 ,
5646,钴,536,0.28235 ,
5647,侂,536,0.28235 ,
5648,眾,536,0.28235 ,
5649,镕,535,0.28183 ,
5650,樾,535,0.28183 ,
5651,欸,534,0.28130 ,
5652,穰,534,0.28130 ,
5653,螯,533,0.28077 ,
5654,耒,532,0.28025 ,
5655,眙,532,0.28025 ,
5656,菈,531,0.27972 ,
5657,罴,531,0.27972 ,
5658,隨,531,0.27972 ,
5659,肄,531,0.27972 ,
5660,怛,530,0.27919 ,
5661,缃,530,0.27919 ,
5662,哏,529,0.27867 ,
5663,逄,529,0.27867 ,
5664,岙,528,0.27814 ,
5665,沤,528,0.27814 ,
5666,珰,527,0.27761 ,
5667,荨,527,0.27761 ,
5668,娈,526,0.27709 ,
5669,圉,526,0.27709 ,
5670,叻,525,0.27656 ,
5671,訢,525,0.27656 ,
5672,耋,524,0.27603 ,
5673,鸮,523,0.27551 ,
5674,邴,522,0.27498 ,
5675,雙,522,0.27498 ,
5676,擊,520,0.27393 ,
5677,毂,516,0.27182 ,
5678,俳,515,0.27129 ,
5679,傷,515,0.27129 ,
5680,铱,515,0.27129 ,
5681,艏,514,0.27077 ,
5682,喈,512,0.26971 ,
5683,類,511,0.26919 ,
5684,蓠,511,0.26919 ,
5685,薮,509,0.26813 ,
5686,峤,508,0.26760 ,
5687,貘,508,0.26760 ,
5688,珮,508,0.26760 ,
5689,崤,508,0.26760 ,
5690,笄,506,0.26655 ,
5691,缗,503,0.26497 ,
5692,蹁,503,0.26497 ,
5693,蕤,503,0.26497 ,
5694,條,501,0.26392 ,
5695,璁,500,0.26339 ,
5696,渑,500,0.26339 ,
5697,秫,500,0.26339 ,
5698,掾,500,0.26339 ,
5699,吋,499,0.26286 ,
5700,祆,499,0.26286 ,
5701,豉,498,0.26234 ,
5702,醪,498,0.26234 ,
5703,郿,497,0.26181 ,
5704,搧,497,0.26181 ,
5705,庑,497,0.26181 ,
5706,茛,494,0.26023 ,
5707,莼,493,0.25970 ,
5708,筮,492,0.25918 ,
5709,挹,492,0.25918 ,
5710,媸,490,0.25812 ,
5711,阒,490,0.25812 ,
5712,怫,489,0.25760 ,
5713,鲔,488,0.25707 ,
5714,許,487,0.25654 ,
5715,姰,486,0.25602 ,
5716,雱,486,0.25602 ,
5717,認,486,0.25602 ,
5718,疣,486,0.25602 ,
5719,镍,485,0.25549 ,
5720,團,485,0.25549 ,
5721,褫,484,0.25496 ,
5722,锛,483,0.25444 ,
5723,潾,483,0.25444 ,
5724,轳,483,0.25444 ,
5725,鲵,482,0.25391 ,
5726,萬,482,0.25391 ,
5727,錯,481,0.25338 ,
5728,熵,481,0.25338 ,
5729,馑,480,0.25285 ,
5730,謝,480,0.25285 ,
5731,眇,479,0.25233 ,
5732,瘆,478,0.25180 ,
5733,電,477,0.25127 ,
5734,轺,477,0.25127 ,
5735,塄,476,0.25075 ,
5736,續,476,0.25075 ,
5737,纔,475,0.25022 ,
5738,涞,475,0.25022 ,
5739,杼,474,0.24969 ,
5740,沖,472,0.24864 ,
5741,讬,472,0.24864 ,
5742,崮,471,0.24811 ,
5743,岘,470,0.24759 ,
5744,纮,468,0.24653 ,
5745,诂,463,0.24390 ,
5746,镢,463,0.24390 ,
5747,玦,462,0.24337 ,
5748,鲶,462,0.24337 ,
5749,氟,461,0.24285 ,
5750,鲮,461,0.24285 ,
5751,蔌,460,0.24232 ,
5752,椹,459,0.24179 ,
5753,鐵,459,0.24179 ,
5754,僜,457,0.24074 ,
5755,洄,457,0.24074 ,
5756,栊,456,0.24021 ,
5757,孢,455,0.23969 ,
5758,郏,455,0.23969 ,
5759,沴,455,0.23969 ,
5760,郴,454,0.23916 ,
5761,侑,454,0.23916 ,
5762,詈,453,0.23863 ,
5763,獬,453,0.23863 ,
5764,澶,453,0.23863 ,
5765,箧,452,0.23810 ,
5766,興,452,0.23810 ,
5767,語,451,0.23758 ,
5768,嗐,449,0.23652 ,
5769,鳃,449,0.23652 ,
5770,朮,449,0.23652 ,
5771,線,448,0.23600 ,
5772,矸,447,0.23547 ,
5773,讵,447,0.23547 ,
5774,枋,446,0.23494 ,
5775,璺,446,0.23494 ,
5776,幫,445,0.23442 ,
5777,鞣,445,0.23442 ,
5778,澌,445,0.23442 ,
5779,啭,445,0.23442 ,
5780,蜉,444,0.23389 ,
5781,黻,444,0.23389 ,
5782,鳥,443,0.23336 ,
5783,耦,443,0.23336 ,
5784,樘,443,0.23336 ,
5785,虛,442,0.23284 ,
5786,跖,442,0.23284 ,
5787,蛉,441,0.23231 ,
5788,箪,440,0.23178 ,
5789,璈,438,0.23073 ,
5790,逋,438,0.23073 ,
5791,歡,438,0.23073 ,
5792,扦,438,0.23073 ,
5793,孃,437,0.23020 ,
5794,愆,437,0.23020 ,
5795,跩,437,0.23020 ,
5796,鳟,436,0.22968 ,
5797,泚,435,0.22915 ,
5798,藿,435,0.22915 ,
5799,浠,435,0.22915 ,
5800,痱,434,0.22862 ,
5801,憷,432,0.22757 ,
5802,隊,432,0.22757 ,
5803,殳,432,0.22757 ,
5804,葚,431,0.22704 ,
5805,纡,431,0.22704 ,
5806,翮,429,0.22599 ,
5807,戋,428,0.22546 ,
5808,黧,428,0.22546 ,
5809,喦,428,0.22546 ,
5810,錢,428,0.22546 ,
5811,鲽,426,0.22441 ,
5812,絕,426,0.22441 ,
5813,诔,426,0.22441 ,
5814,矇,426,0.22441 ,
5815,曷,424,0.22336 ,
5816,毖,423,0.22283 ,
5817,髋,423,0.22283 ,
5818,題,423,0.22283 ,
5819,狳,423,0.22283 ,
5820,藍,422,0.22230 ,
5821,槎,419,0.22072 ,
5822,坻,419,0.22072 ,
5823,哚,419,0.22072 ,
5824,蜊,418,0.22019 ,
5825,铙,418,0.22019 ,
5826,乂,418,0.22019 ,
5827,袆,417,0.21967 ,
5828,嫘,417,0.21967 ,
5829,漯,416,0.21914 ,
5830,骟,416,0.21914 ,
5831,捌,415,0.21861 ,
5832,瓘,415,0.21861 ,
5833,椴,414,0.21809 ,
5834,溘,413,0.21756 ,
5835,墒,413,0.21756 ,
5836,蹚,413,0.21756 ,
5837,阋,413,0.21756 ,
5838,牖,413,0.21756 ,
5839,阇,412,0.21703 ,
5840,愍,412,0.21703 ,
5841,龋,412,0.21703 ,
5842,篁,410,0.21598 ,
5843,刈,410,0.21598 ,
5844,蠲,408,0.21493 ,
5845,樂,408,0.21493 ,
5846,谝,408,0.21493 ,
5847,悭,408,0.21493 ,
5848,郞,407,0.21440 ,
5849,總,407,0.21440 ,
5850,鬲,406,0.21387 ,
5851,瓠,406,0.21387 ,
5852,畠,406,0.21387 ,
5853,撄,406,0.21387 ,
5854,棰,405,0.21335 ,
5855,麸,405,0.21335 ,
5856,圪,405,0.21335 ,
5857,洺,405,0.21335 ,
5858,嬛,405,0.21335 ,
5859,錾,405,0.21335 ,
5860,笮,405,0.21335 ,
5861,轾,405,0.21335 ,
5862,杓,404,0.21282 ,
5863,砷,404,0.21282 ,
5864,衛,404,0.21282 ,
5865,辦,403,0.21229 ,
5866,剀,403,0.21229 ,
5867,疴,403,0.21229 ,
5868,餍,403,0.21229 ,
5869,锱,403,0.21229 ,
5870,寤,402,0.21177 ,
5871,糍,401,0.21124 ,
5872,瞽,401,0.21124 ,
5873,芎,401,0.21124 ,
5874,尻,399,0.21019 ,
5875,缡,399,0.21019 ,
5876,捩,399,0.21019 ,
5877,蹼,399,0.21019 ,
5878,鳕,399,0.21019 ,
5879,陸,398,0.20966 ,
5880,裰,397,0.20913 ,
5881,窨,396,0.20861 ,
5882,偬,396,0.20861 ,
5883,唸,395,0.20808 ,
5884,茑,395,0.20808 ,
5885,榫,395,0.20808 ,
5886,幛,395,0.20808 ,
5887,峁,394,0.20755 ,
5888,蓊,394,0.20755 ,
5889,鏊,393,0.20702 ,
5890,秭,392,0.20650 ,
5891,屄,391,0.20597 ,
5892,鲅,390,0.20544 ,
5893,瘢,390,0.20544 ,
5894,茼,390,0.20544 ,
5895,汊,389,0.20492 ,
5896,茝,389,0.20492 ,
5897,郜,389,0.20492 ,
5898,芰,389,0.20492 ,
5899,旄,389,0.20492 ,
5900,殍,388,0.20439 ,
5901,樨,388,0.20439 ,
5902,碇,387,0.20386 ,
5903,涑,387,0.20386 ,
5904,摭,387,0.20386 ,
5905,钡,386,0.20334 ,
5906,凼,385,0.20281 ,
5907,垆,385,0.20281 ,
5908,萘,385,0.20281 ,
5909,炔,385,0.20281 ,
5910,蟮,385,0.20281 ,
5911,蓍,385,0.20281 ,
5912,岢,384,0.20228 ,
5913,飧,384,0.20228 ,
5914,俣,383,0.20176 ,
5915,碓,382,0.20123 ,
5916,刿,381,0.20070 ,
5917,數,381,0.20070 ,
5918,龁,380,0.20018 ,
5919,孓,380,0.20018 ,
5920,谰,379,0.19965 ,
5921,蕖,379,0.19965 ,
5922,痧,379,0.19965 ,
5923,霈,378,0.19912 ,
5924,暍,378,0.19912 ,
5925,唵,377,0.19860 ,
5926,訴,377,0.19860 ,
5927,叆,376,0.19807 ,
5928,钚,376,0.19807 ,
5929,槲,376,0.19807 ,
5930,嫚,376,0.19807 ,
5931,腦,376,0.19807 ,
5932,聖,376,0.19807 ,
5933,異,376,0.19807 ,
5934,铗,375,0.19754 ,
5935,亂,375,0.19754 ,
5936,绐,373,0.19649 ,
5937,痈,373,0.19649 ,
5938,埚,372,0.19596 ,
5939,狷,372,0.19596 ,
5940,媗,372,0.19596 ,
5941,層,371,0.19544 ,
5942,酢,371,0.19544 ,
5943,阍,371,0.19544 ,
5944,漸,371,0.19544 ,
5945,梼,371,0.19544 ,
5946,螫,370,0.19491 ,
5947,欹,370,0.19491 ,
5948,準,370,0.19491 ,
5949,傈,369,0.19438 ,
5950,怙,367,0.19333 ,
5951,渌,367,0.19333 ,
5952,榊,367,0.19333 ,
5953,壅,367,0.19333 ,
5954,赀,367,0.19333 ,
5955,紒,364,0.19175 ,
5956,傒,364,0.19175 ,
5957,癔,364,0.19175 ,
5958,莪,362,0.19069 ,
5959,冴,362,0.19069 ,
5960,嚇,362,0.19069 ,
5961,吽,361,0.19017 ,
5962,視,361,0.19017 ,
5963,潆,361,0.19017 ,
5964,腳,360,0.18964 ,
5965,檩,360,0.18964 ,
5966,镠,360,0.18964 ,
5967,逯,360,0.18964 ,
5968,浞,360,0.18964 ,
5969,熱,359,0.18911 ,
5970,痤,358,0.18859 ,
5971,蔸,358,0.18859 ,
5972,嘚,357,0.18806 ,
5973,親,357,0.18806 ,
5974,翥,357,0.18806 ,
5975,毬,356,0.18753 ,
5976,菽,355,0.18701 ,
5977,鸱,353,0.18595 ,
5978,戲,352,0.18543 ,
5979,昉,351,0.18490 ,
5980,盍,351,0.18490 ,
5981,茭,351,0.18490 ,
5982,黥,351,0.18490 ,
5983,酰,351,0.18490 ,
5984,圍,350,0.18437 ,
5985,赉,349,0.18385 ,
5986,珽,349,0.18385 ,
5987,藥,349,0.18385 ,
5988,霪,349,0.18385 ,
5989,菏,348,0.18332 ,
5990,淰,348,0.18332 ,
5991,禵,347,0.18279 ,
5992,夠,346,0.18227 ,
5993,柟,346,0.18227 ,
5994,诹,346,0.18227 ,
5995,苴,345,0.18174 ,
5996,園,345,0.18174 ,
5997,粳,344,0.18121 ,
5998,滅,344,0.18121 ,
5999,溿,344,0.18121 ,
6000,復,343,0.18069 ,
6001,蹓,343,0.18069 ,
6002,樹,343,0.18069 ,
6003,欷,343,0.18069 ,
6004,糌,343,0.18069 ,
6005,亶,342,0.18016 ,
6006,惡,342,0.18016 ,
6007,義,342,0.18016 ,
6008,趵,341,0.17963 ,
6009,舸,341,0.17963 ,
6010,護,341,0.17963 ,
6011,蛩,340,0.17911 ,
6012,枥,339,0.17858 ,
6013,決,338,0.17805 ,
6014,蘼,337,0.17753 ,
6015,娰,337,0.17753 ,
6016,蕈,337,0.17753 ,
6017,搖,337,0.17753 ,
6018,襦,336,0.17700 ,
6019,膈,335,0.17647 ,
6020,芏,334,0.17594 ,
6021,畈,334,0.17594 ,
6022,笊,334,0.17594 ,
6023,艉,333,0.17542 ,
6024,燠,333,0.17542 ,
6025,阊,332,0.17489 ,
6026,厣,332,0.17489 ,
6027,傧,331,0.17436 ,
6028,鸬,331,0.17436 ,
6029,艿,330,0.17384 ,
6030,攮,330,0.17384 ,
6031,酚,329,0.17331 ,
6032,璘,328,0.17278 ,
6033,塍,327,0.17226 ,
6034,叇,327,0.17226 ,
6035,椟,326,0.17173 ,
6036,厶,326,0.17173 ,
6037,菰,325,0.17120 ,
6038,氦,325,0.17120 ,
6039,笸,325,0.17120 ,
6040,疸,324,0.17068 ,
6041,镪,324,0.17068 ,
6042,圮,323,0.17015 ,
6043,禤,323,0.17015 ,
6044,佈,322,0.16962 ,
6045,幪,322,0.16962 ,
6046,醛,322,0.16962 ,
6047,篌,320,0.16857 ,
6048,髡,320,0.16857 ,
6049,砲,320,0.16857 ,
6050,謦,320,0.16857 ,
6051,谖,320,0.16857 ,
6052,徼,319,0.16804 ,
6053,醯,319,0.16804 ,
6054,懷,318,0.16752 ,
6055,裣,318,0.16752 ,
6056,豽,318,0.16752 ,
6057,則,318,0.16752 ,
6058,枳,318,0.16752 ,
6059,蓖,317,0.16699 ,
6060,髫,317,0.16699 ,
6061,酯,317,0.16699 ,
6062,較,316,0.16646 ,
6063,暾,316,0.16646 ,
6064,訾,316,0.16646 ,
6065,勢,315,0.16594 ,
6066,趕,313,0.16488 ,
6067,確,313,0.16488 ,
6068,繼,312,0.16436 ,
6069,缳,311,0.16383 ,
6070,碛,311,0.16383 ,
6071,镒,311,0.16383 ,
6072,斷,310,0.16330 ,
6073,孥,310,0.16330 ,
6074,硖,310,0.16330 ,
6075,溧,309,0.16278 ,
6076,柢,308,0.16225 ,
6077,镬,308,0.16225 ,
6078,糁,308,0.16225 ,
6079,皴,307,0.16172 ,
6080,虼,307,0.16172 ,
6081,卺,307,0.16172 ,
6082,軍,306,0.16119 ,
6083,箝,306,0.16119 ,
6084,鋈,306,0.16119 ,
6085,帙,306,0.16119 ,
6086,鍪,305,0.16067 ,
6087,锞,304,0.16014 ,
6088,蘧,304,0.16014 ,
6089,祩,304,0.16014 ,
6090,丌,303,0.15961 ,
6091,樓,302,0.15909 ,
6092,簟,301,0.15856 ,
6093,昳,301,0.15856 ,
6094,觀,301,0.15856 ,
6095,鞫,301,0.15856 ,
6096,倆,301,0.15856 ,
6097,泮,301,0.15856 ,
6098,溱,301,0.15856 ,
6099,眭,301,0.15856 ,
6100,寶,300,0.15803 ,
6101,棽,300,0.15803 ,
6102,坩,300,0.15803 ,
6103,窫,300,0.15803 ,
6104,嬖,299,0.15751 ,
6105,旉,299,0.15751 ,
6106,鄄,299,0.15751 ,
6107,隱,299,0.15751 ,
6108,砻,298,0.15698 ,
6109,郯,297,0.15645 ,
6110,隰,297,0.15645 ,
6111,報,296,0.15593 ,
6112,劻,296,0.15593 ,
6113,衹,296,0.15593 ,
6114,熜,295,0.15540 ,
6115,單,295,0.15540 ,
6116,廋,295,0.15540 ,
6117,祼,294,0.15487 ,
6118,薙,292,0.15382 ,
6119,約,291,0.15329 ,
6120,筚,290,0.15277 ,
6121,爾,290,0.15277 ,
6122,朐,290,0.15277 ,
6123,尋,290,0.15277 ,
6124,厓,290,0.15277 ,
6125,墼,289,0.15224 ,
6126,跬,289,0.15224 ,
6127,愀,289,0.15224 ,
6128,識,289,0.15224 ,
6129,嘡,289,0.15224 ,
6130,毀,288,0.15171 ,
6131,醚,288,0.15171 ,
6132,幹,287,0.15119 ,
6133,鳜,287,0.15119 ,
6134,萑,287,0.15119 ,
6135,缍,286,0.15066 ,
6136,恆,286,0.15066 ,
6137,蚧,286,0.15066 ,
6138,遄,284,0.14961 ,
6139,達,284,0.14961 ,
6140,戆,284,0.14961 ,
6141,姽,284,0.14961 ,
6142,麇,284,0.14961 ,
6143,柰,284,0.14961 ,
6144,琤,283,0.14908 ,
6145,竑,283,0.14908 ,
6146,趱,283,0.14908 ,
6147,鲂,282,0.14855 ,
6148,黃,282,0.14855 ,
6149,湣,282,0.14855 ,
6150,壞,281,0.14803 ,
6151,螅,281,0.14803 ,
6152,細,281,0.14803 ,
6153,垸,281,0.14803 ,
6154,禔,281,0.14803 ,
6155,裎,280,0.14750 ,
6156,煇,280,0.14750 ,
6157,玭,280,0.14750 ,
6158,試,280,0.14750 ,
6159,態,280,0.14750 ,
6160,爔,280,0.14750 ,
6161,埸,280,0.14750 ,
6162,務,279,0.14697 ,
6163,槠,279,0.14697 ,
6164,儇,278,0.14645 ,
6165,靚,277,0.14592 ,
6166,淚,277,0.14592 ,
6167,肽,277,0.14592 ,
6168,顯,277,0.14592 ,
6169,卮,277,0.14592 ,
6170,绀,276,0.14539 ,
6171,顸,276,0.14539 ,
6172,盉,276,0.14539 ,
6173,筲,276,0.14539 ,
6174,崁,275,0.14486 ,
6175,倮,275,0.14486 ,
6176,菸,275,0.14486 ,
6177,媵,275,0.14486 ,
6178,弐,274,0.14434 ,
6179,岜,273,0.14381 ,
6180,澣,273,0.14381 ,
6181,谵,273,0.14381 ,
6182,褊,272,0.14328 ,
6183,創,272,0.14328 ,
6184,鲟,272,0.14328 ,
6185,瘐,272,0.14328 ,
6186,帻,272,0.14328 ,
6187,簋,271,0.14276 ,
6188,梃,271,0.14276 ,
6189,缵,271,0.14276 ,
6190,礅,270,0.14223 ,
6191,屣,270,0.14223 ,
6192,陽,270,0.14223 ,
6193,缶,269,0.14170 ,
6194,墡,269,0.14170 ,
6195,亍,268,0.14118 ,
6196,鹚,268,0.14118 ,
6197,甪,268,0.14118 ,
6198,矟,268,0.14118 ,
6199,煙,268,0.14118 ,
6200,缒,268,0.14118 ,
6201,塊,267,0.14065 ,
6202,刖,267,0.14065 ,
6203,澂,266,0.14012 ,
6204,鹡,266,0.14012 ,
6205,炻,266,0.14012 ,
6206,卬,265,0.13960 ,
6207,絲,264,0.13907 ,
6208,瞋,263,0.13854 ,
6209,焗,263,0.13854 ,
6210,荽,263,0.13854 ,
6211,磴,262,0.13802 ,
6212,砬,262,0.13802 ,
6213,锶,262,0.13802 ,
6214,鼍,262,0.13802 ,
6215,瘿,262,0.13802 ,
6216,閒,261,0.13749 ,
6217,跣,261,0.13749 ,
6218,疖,260,0.13696 ,
6219,況,260,0.13696 ,
6220,練,260,0.13696 ,
6221,閃,260,0.13696 ,
6222,迓,260,0.13696 ,
6223,炝,259,0.13644 ,
6224,鐘,259,0.13644 ,
6225,啉,258,0.13591 ,
6226,硒,258,0.13591 ,
6227,擁,258,0.13591 ,
6228,貓,257,0.13538 ,
6229,汔,257,0.13538 ,
6230,驺,256,0.13486 ,
6231,蛄,255,0.13433 ,
6232,伛,255,0.13433 ,
6233,绂,254,0.13380 ,
6234,鞯,254,0.13380 ,
6235,燹,254,0.13380 ,
6236,髀,253,0.13328 ,
6237,缫,253,0.13328 ,
6238,禦,253,0.13328 ,
6239,翀,252,0.13275 ,
6240,跗,252,0.13275 ,
6241,羖,252,0.13275 ,
6242,濬,252,0.13275 ,
6243,銎,252,0.13275 ,
6244,凇,252,0.13275 ,
6245,羏,252,0.13275 ,
6246,銀,252,0.13275 ,
6247,鏦,251,0.13222 ,
6248,襌,251,0.13222 ,
6249,綠,251,0.13222 ,
6250,調,250,0.13170 ,
6251,唎,250,0.13170 ,
6252,寫,250,0.13170 ,
6253,爲,249,0.13117 ,
6254,殂,248,0.13064 ,
6255,嗉,248,0.13064 ,
6256,铘,248,0.13064 ,
6257,鞮,247,0.13011 ,
6258,盡,247,0.13011 ,
6259,眀,247,0.13011 ,
6260,饫,247,0.13011 ,
6261,檗,246,0.12959 ,
6262,辏,246,0.12959 ,
6263,鼙,246,0.12959 ,
6264,璩,245,0.12906 ,
6265,悛,245,0.12906 ,
6266,純,244,0.12853 ,
6267,彟,244,0.12853 ,
6268,沚,244,0.12853 ,
6269,褙,243,0.12801 ,
6270,殘,243,0.12801 ,
6271,煳,243,0.12801 ,
6272,笕,243,0.12801 ,
6273,鲥,243,0.12801 ,
6274,尥,242,0.12748 ,
6275,锍,242,0.12748 ,
6276,劢,242,0.12748 ,
6277,淒,242,0.12748 ,
6278,嵊,242,0.12748 ,
6279,轫,241,0.12695 ,
6280,饧,241,0.12695 ,
6281,隻,241,0.12695 ,
6282,抺,240,0.12643 ,
6283,佾,240,0.12643 ,
6284,鲩,239,0.12590 ,
6285,鸰,239,0.12590 ,
6286,書,239,0.12590 ,
6287,谳,239,0.12590 ,
6288,棼,238,0.12537 ,
6289,苷,238,0.12537 ,
6290,觚,238,0.12537 ,
6291,萏,237,0.12485 ,
6292,熘,237,0.12485 ,
6293,媽,237,0.12485 ,
6294,佺,237,0.12485 ,
6295,嫈,237,0.12485 ,
6296,羝,236,0.12432 ,
6297,鹕,236,0.12432 ,
6298,睏,236,0.12432 ,
6299,觜,236,0.12432 ,
6300,號,235,0.12379 ,
6301,喾,235,0.12379 ,
6302,満,235,0.12379 ,
6303,蘖,235,0.12379 ,
6304,剡,235,0.12379 ,
6305,溫,235,0.12379 ,
6306,響,235,0.12379 ,
6307,譞,235,0.12379 ,
6308,爭,235,0.12379 ,
6309,椐,234,0.12327 ,
6310,鍊,234,0.12327 ,
6311,狝,234,0.12327 ,
6312,曩,233,0.12274 ,
6313,麴,233,0.12274 ,
6314,瑷,232,0.12221 ,
6315,誗,232,0.12221 ,
6316,砗,232,0.12221 ,
6317,髁,232,0.12221 ,
6318,領,232,0.12221 ,
6319,蚍,232,0.12221 ,
6320,怱,231,0.12169 ,
6321,阃,231,0.12169 ,
6322,溲,230,0.12116 ,
6323,匏,229,0.12063 ,
6324,桡,229,0.12063 ,
6325,狺,229,0.12063 ,
6326,鲢,228,0.12011 ,
6327,耨,228,0.12011 ,
6328,鋹,227,0.11958 ,
6329,煖,227,0.11958 ,
6330,豳,226,0.11905 ,
6331,傑,226,0.11905 ,
6332,燒,226,0.11905 ,
6333,舨,225,0.11853 ,
6334,缑,225,0.11853 ,
6335,猓,225,0.11853 ,
6336,愦,225,0.11853 ,
6337,蝾,225,0.11853 ,
6338,疋,225,0.11853 ,
6339,蹾,224,0.11800 ,
6340,榧,224,0.11800 ,
6341,搴,224,0.11800 ,
6342,洫,224,0.11800 ,
6343,蚜,224,0.11800 ,
6344,員,224,0.11800 ,
6345,荸,223,0.11747 ,
6346,磙,223,0.11747 ,
6347,釐,223,0.11747 ,
6348,坜,223,0.11747 ,
6349,粜,223,0.11747 ,
6350,螈,223,0.11747 ,
6351,轭,222,0.11695 ,
6352,踫,222,0.11695 ,
6353,绨,222,0.11695 ,
6354,摀,222,0.11695 ,
6355,庋,221,0.11642 ,
6356,抔,221,0.11642 ,
6357,珃,221,0.11642 ,
6358,詝,221,0.11642 ,
6359,計,220,0.11589 ,
6360,皲,220,0.11589 ,
6361,魚,220,0.11589 ,
6362,胝,220,0.11589 ,
6363,犼,219,0.11537 ,
6364,滹,219,0.11537 ,
6365,蕗,219,0.11537 ,
6366,铍,219,0.11537 ,
6367,麈,219,0.11537 ,
6368,邗,218,0.11484 ,
6369,跏,218,0.11484 ,
6370,锔,218,0.11484 ,
6371,蝣,218,0.11484 ,
6372,論,217,0.11431 ,
6373,習,217,0.11431 ,
6374,鲋,216,0.11378 ,
6375,誄,216,0.11378 ,
6376,寔,216,0.11378 ,
6377,網,216,0.11378 ,
6378,柙,216,0.11378 ,
6379,鸫,215,0.11326 ,
6380,罘,215,0.11326 ,
6381,浤,215,0.11326 ,
6382,獍,215,0.11326 ,
6383,硼,215,0.11326 ,
6384,疝,215,0.11326 ,
6385,勰,215,0.11326 ,
6386,鹾,214,0.11273 ,
6387,掛,214,0.11273 ,
6388,扃,214,0.11273 ,
6389,皤,214,0.11273 ,
6390,潲,214,0.11273 ,
6391,笥,214,0.11273 ,
6392,痋,214,0.11273 ,
6393,葸,214,0.11273 ,
6394,鲱,213,0.11220 ,
6395,旰,213,0.11220 ,
6396,燝,213,0.11220 ,
6397,賣,213,0.11220 ,
6398,溏,213,0.11220 ,
6399,險,213,0.11220 ,
6400,憶,213,0.11220 ,
6401,偾,212,0.11168 ,
6402,溽,212,0.11168 ,
6403,伲,211,0.11115 ,
6404,揎,211,0.11115 ,
6405,剞,210,0.11062 ,
6406,禮,210,0.11062 ,
6407,秾,210,0.11062 ,
6408,晳,210,0.11062 ,
6409,锗,210,0.11062 ,
6410,華,209,0.11010 ,
6411,悝,209,0.11010 ,
6412,漭,209,0.11010 ,
6413,痦,209,0.11010 ,
6414,寘,209,0.11010 ,
6415,屬,209,0.11010 ,
6416,狀,209,0.11010 ,
6417,桿,208,0.10957 ,
6418,嘏,208,0.10957 ,
6419,樛,208,0.10957 ,
6420,袢,208,0.10957 ,
6421,礻,208,0.10957 ,
6422,鳎,208,0.10957 ,
6423,嘆,208,0.10957 ,
6424,願,208,0.10957 ,
6425,昝,208,0.10957 ,
6426,咹,207,0.10904 ,
6427,滏,207,0.10904 ,
6428,釋,207,0.10904 ,
6429,薩,206,0.10852 ,
6430,廨,206,0.10852 ,
6431,觳,205,0.10799 ,
6432,璔,205,0.10799 ,
6433,綝,204,0.10746 ,
6434,戢,204,0.10746 ,
6435,桷,204,0.10746 ,
6436,舻,204,0.10746 ,
6437,黙,204,0.10746 ,
6438,郛,203,0.10694 ,
6439,羅,203,0.10694 ,
6440,彖,203,0.10694 ,
6441,袛,202,0.10641 ,
6442,裉,202,0.10641 ,
6443,買,202,0.10641 ,
6444,蓐,202,0.10641 ,
6445,脘,202,0.10641 ,
6446,疠,201,0.10588 ,
6447,艋,201,0.10588 ,
6448,嬲,200,0.10536 ,
6449,锜,200,0.10536 ,
6450,綎,200,0.10536 ,
6451,業,200,0.10536 ,
6452,獨,199,0.10483 ,
6453,郇,199,0.10483 ,
6454,粝,199,0.10483 ,
6455,參,198,0.10430 ,
6456,歷,198,0.10430 ,
6457,蠱,197,0.10378 ,
6458,厲,197,0.10378 ,
6459,鹩,197,0.10378 ,
6460,耜,197,0.10378 ,
6461,坼,196,0.10325 ,
6462,埕,196,0.10325 ,
6463,髮,196,0.10325 ,
6464,迴,196,0.10325 ,
6465,鹪,196,0.10325 ,
6466,栌,196,0.10325 ,
6467,紓,196,0.10325 ,
6468,陰,196,0.10325 ,
6469,砩,195,0.10272 ,
6470,尜,195,0.10272 ,
6471,宄,195,0.10272 ,
6472,瘊,195,0.10272 ,
6473,嫠,195,0.10272 ,
6474,蠓,195,0.10272 ,
6475,洳,195,0.10272 ,
6476,筥,194,0.10220 ,
6477,埒,194,0.10220 ,
6478,墁,194,0.10220 ,
6479,廝,194,0.10220 ,
6480,铊,194,0.10220 ,
6481,愔,194,0.10220 ,
6482,講,193,0.10167 ,
6483,锂,193,0.10167 ,
6484,脫,193,0.10167 ,
6485,蔟,192,0.10114 ,
6486,蹀,192,0.10114 ,
6487,剋,192,0.10114 ,
6488,颟,192,0.10114 ,
6489,劬,192,0.10114 ,
6490,濞,191,0.10062 ,
6491,飯,191,0.10062 ,
6492,飄,191,0.10062 ,
6493,曈,191,0.10062 ,
6494,醫,191,0.10062 ,
6495,誘,191,0.10062 ,
6496,鲎,190,0.10009 ,
6497,蠖,190,0.10009 ,
6498,悃,190,0.10009 ,
6499,祕,190,0.10009 ,
6500,係,190,0.10009 ,
6501,唣,190,0.10009 ,
6502,谮,190,0.10009 ,
6503,畀,189,0.09956 ,
6504,紛,189,0.09956 ,
6505,裒,189,0.09956 ,
6506,咥,189,0.09956 ,
6507,磾,188,0.09903 ,
6508,訞,188,0.09903 ,
6509,镲,187,0.09851 ,
6510,锝,187,0.09851 ,
6511,煩,187,0.09851 ,
6512,伕,187,0.09851 ,
6513,郫,187,0.09851 ,
6514,蚬,187,0.09851 ,
6515,淯,187,0.09851 ,
6516,邡,186,0.09798 ,
6517,奭,186,0.09798 ,
6518,嗍,186,0.09798 ,
6519,臜,186,0.09798 ,
6520,讚,186,0.09798 ,
6521,蟲,185,0.09745 ,
6522,頂,185,0.09745 ,
6523,螨,185,0.09745 ,
6524,阈,185,0.09745 ,
6525,赜,185,0.09745 ,
6526,組,185,0.09745 ,
6527,怍,185,0.09745 ,
6528,爌,184,0.09693 ,
6529,歲,184,0.09693 ,
6530,鳐,184,0.09693 ,
6531,鄣,184,0.09693 ,
6532,嚐,183,0.09640 ,
6533,敵,183,0.09640 ,
6534,陔,183,0.09640 ,
6535,歔,183,0.09640 ,
6536,遊,183,0.09640 ,
6537,狁,183,0.09640 ,
6538,拶,183,0.09640 ,
6539,擺,182,0.09587 ,
6540,汆,182,0.09587 ,
6541,矽,182,0.09587 ,
6542,觯,182,0.09587 ,
6543,鹣,181,0.09535 ,
6544,呣,181,0.09535 ,
6545,绹,181,0.09535 ,
6546,託,181,0.09535 ,
6547,卍,181,0.09535 ,
6548,卐,181,0.09535 ,
6549,涬,181,0.09535 ,
6550,肏,180,0.09482 ,
6551,呒,180,0.09482 ,
6552,袴,180,0.09482 ,
6553,钼,180,0.09482 ,
6554,磲,180,0.09482 ,
6555,颡,180,0.09482 ,
6556,勝,180,0.09482 ,
6557,湜,180,0.09482 ,
6558,顧,179,0.09429 ,
6559,皞,179,0.09429 ,
6560,換,179,0.09429 ,
6561,齮,179,0.09429 ,
6562,彈,178,0.09377 ,
6563,搛,178,0.09377 ,
6564,蝰,178,0.09377 ,
6565,冇,178,0.09377 ,
6566,眄,178,0.09377 ,
6567,慊,178,0.09377 ,
6568,劁,178,0.09377 ,
6569,畋,178,0.09377 ,
6570,棗,178,0.09377 ,
6571,肫,178,0.09377 ,
6572,貴,177,0.09324 ,
6573,夾,177,0.09324 ,
6574,崦,177,0.09324 ,
6575,幷,176,0.09271 ,
6576,慘,176,0.09271 ,
6577,陳,176,0.09271 ,
6578,瘋,176,0.09271 ,
6579,冏,176,0.09271 ,
6580,酹,176,0.09271 ,
6581,雮,176,0.09271 ,
6582,順,176,0.09271 ,
6583,塚,176,0.09271 ,
6584,簏,175,0.09219 ,
6585,胼,175,0.09219 ,
6586,術,175,0.09219 ,
6587,髒,175,0.09219 ,
6588,皝,174,0.09166 ,
6589,脩,174,0.09166 ,
6590,稱,173,0.09113 ,
6591,瘳,173,0.09113 ,
6592,锑,173,0.09113 ,
6593,蝓,173,0.09113 ,
6594,暌,172,0.09061 ,
6595,壓,172,0.09061 ,
6596,舁,172,0.09061 ,
6597,佔,172,0.09061 ,
6598,诜,171,0.09008 ,
6599,芗,171,0.09008 ,
6600,尢,171,0.09008 ,
6601,墬,170,0.08955 ,
6602,菔,170,0.08955 ,
6603,瑨,170,0.08955 ,
6604,尙,170,0.08955 ,
6605,選,170,0.08955 ,
6606,蟻,170,0.08955 ,
6607,瞾,170,0.08955 ,
6608,犨,169,0.08903 ,
6609,焓,169,0.08903 ,
6610,琍,169,0.08903 ,
6611,蒌,169,0.08903 ,
6612,旆,169,0.08903 ,
6613,愬,169,0.08903 ,
6614,胙,169,0.08903 ,
6615,畢,168,0.08850 ,
6616,癡,168,0.08850 ,
6617,靸,168,0.08850 ,
6618,癒,168,0.08850 ,
6619,浈,168,0.08850 ,
6620,觇,167,0.08797 ,
6621,缣,167,0.08797 ,
6622,簡,167,0.08797 ,
6623,颞,167,0.08797 ,
6624,唦,167,0.08797 ,
6625,碡,167,0.08797 ,
6626,補,166,0.08745 ,
6627,擔,166,0.08745 ,
6628,谠,166,0.08745 ,
6629,丟,166,0.08745 ,
6630,楙,166,0.08745 ,
6631,埽,166,0.08745 ,
6632,聯,165,0.08692 ,
6633,衝,164,0.08639 ,
6634,栲,164,0.08639 ,
6635,牆,164,0.08639 ,
6636,統,164,0.08639 ,
6637,倖,164,0.08639 ,
6638,鞬,163,0.08587 ,
6639,鑛,163,0.08587 ,
6640,猲,163,0.08587 ,
6641,俶,162,0.08534 ,
6642,踔,162,0.08534 ,
6643,鲷,162,0.08534 ,
6644,袼,162,0.08534 ,
6645,芟,162,0.08534 ,
6646,僳,162,0.08534 ,
6647,產,161,0.08481 ,
6648,磻,160,0.08428 ,
6649,槭,160,0.08428 ,
6650,討,160,0.08428 ,
6651,呡,160,0.08428 ,
6652,鲞,160,0.08428 ,
6653,蚴,160,0.08428 ,
6654,紙,160,0.08428 ,
6655,邠,159,0.08376 ,
6656,桴,159,0.08376 ,
6657,佧,159,0.08376 ,
6658,蒉,159,0.08376 ,
6659,哢,159,0.08376 ,
6660,檠,159,0.08376 ,
6661,囟,159,0.08376 ,
6662,飑,158,0.08323 ,
6663,燔,158,0.08323 ,
6664,費,158,0.08323 ,
6665,騙,158,0.08323 ,
6666,狨,158,0.08323 ,
6667,觫,158,0.08323 ,
6668,疃,158,0.08323 ,
6669,鲊,158,0.08323 ,
6670,伷,158,0.08323 ,
6671,俵,157,0.08270 ,
6672,賓,157,0.08270 ,
6673,誴,157,0.08270 ,
6674,幞,157,0.08270 ,
6675,琇,157,0.08270 ,
6676,溴,157,0.08270 ,
6677,栘,157,0.08270 ,
6678,骔,157,0.08270 ,
6679,唑,157,0.08270 ,
6680,苊,156,0.08218 ,
6681,騔,156,0.08218 ,
6682,獚,156,0.08218 ,
6683,溷,156,0.08218 ,
6684,囉,156,0.08218 ,
6685,鲆,156,0.08218 ,
6686,掊,156,0.08218 ,
6687,玡,156,0.08218 ,
6688,畚,155,0.08165 ,
6689,骖,155,0.08165 ,
6690,榇,155,0.08165 ,
6691,癜,155,0.08165 ,
6692,舉,155,0.08165 ,
6693,鮮,155,0.08165 ,
6694,塵,154,0.08112 ,
6695,堠,154,0.08112 ,
6696,泖,154,0.08112 ,
6697,浼,154,0.08112 ,
6698,硗,154,0.08112 ,
6699,質,154,0.08112 ,
6700,隹,154,0.08112 ,
6701,哿,153,0.08060 ,
6702,睺,153,0.08060 ,
6703,僦,153,0.08060 ,
6704,帥,153,0.08060 ,
6705,釭,152,0.08007 ,
6706,硷,152,0.08007 ,
6707,瑠,152,0.08007 ,
6708,隈,152,0.08007 ,
6709,碚,151,0.07954 ,
6710,劉,151,0.07954 ,
6711,盤,151,0.07954 ,
6712,馓,151,0.07954 ,
6713,沢,151,0.07954 ,
6714,側,150,0.07902 ,
6715,奮,150,0.07902 ,
6716,隳,150,0.07902 ,
6717,熦,150,0.07902 ,
6718,罱,150,0.07902 ,
6719,戀,150,0.07902 ,
6720,怃,150,0.07902 ,
6721,嵫,150,0.07902 ,
6722,採,149,0.07849 ,
6723,偙,149,0.07849 ,
6724,篼,149,0.07849 ,
6725,鐇,149,0.07849 ,
6726,揮,149,0.07849 ,
6727,凊,149,0.07849 ,
6728,僴,149,0.07849 ,
6729,捽,149,0.07849 ,
6730,彳,148,0.07796 ,
6731,觌,148,0.07796 ,
6732,揲,148,0.07796 ,
6733,辊,148,0.07796 ,
6734,垕,148,0.07796 ,
6735,篥,148,0.07796 ,
6736,垴,148,0.07796 ,
6737,區,148,0.07796 ,
6738,設,148,0.07796 ,
6739,呑,148,0.07796 ,
6740,醢,147,0.07744 ,
6741,虮,147,0.07744 ,
6742,诎,147,0.07744 ,
6743,绱,147,0.07744 ,
6744,昺,146,0.07691 ,
6745,艹,146,0.07691 ,
6746,蟗,146,0.07691 ,
6747,埘,146,0.07691 ,
6748,陬,146,0.07691 ,
6749,祓,145,0.07638 ,
6750,翚,145,0.07638 ,
6751,锩,145,0.07638 ,
6752,蠼,145,0.07638 ,
6753,弒,145,0.07638 ,
6754,菘,145,0.07638 ,
6755,養,145,0.07638 ,
6756,圯,145,0.07638 ,
6757,羑,145,0.07638 ,
6758,啫,145,0.07638 ,
6759,锕,144,0.07586 ,
6760,赑,144,0.07586 ,
6761,負,144,0.07586 ,
6762,糺,144,0.07586 ,
6763,櫻,144,0.07586 ,
6764,倧,144,0.07586 ,
6765,戥,143,0.07533 ,
6766,蚶,143,0.07533 ,
6767,佷,143,0.07533 ,
6768,課,143,0.07533 ,
6769,侔,143,0.07533 ,
6770,談,143,0.07533 ,
6771,砼,143,0.07533 ,
6772,鳳,142,0.07480 ,
6773,藁,142,0.07480 ,
6774,呙,142,0.07480 ,
6775,鏡,142,0.07480 ,
6776,靘,142,0.07480 ,
6777,偉,142,0.07480 ,
6778,絷,142,0.07480 ,
6779,豬,142,0.07480 ,
6780,檛,142,0.07480 ,
6781,镡,141,0.07428 ,
6782,擋,141,0.07428 ,
6783,崐,141,0.07428 ,
6784,牾,141,0.07428 ,
6785,丅,141,0.07428 ,
6786,硃,141,0.07428 ,
6787,釆,140,0.07375 ,
6788,籴,140,0.07375 ,
6789,佴,140,0.07375 ,
6790,瞢,140,0.07375 ,
6791,杪,140,0.07375 ,
6792,遹,140,0.07375 ,
6793,昃,140,0.07375 ,
6794,弻,139,0.07322 ,
6795,搥,139,0.07322 ,
6796,堅,139,0.07322 ,
6797,節,139,0.07322 ,
6798,鬏,139,0.07322 ,
6799,缧,139,0.07322 ,
6800,耪,139,0.07322 ,
6801,訝,139,0.07322 ,
6802,揠,139,0.07322 ,
6803,淏,138,0.07270 ,
6804,畫,138,0.07270 ,
6805,騎,138,0.07270 ,
6806,橼,138,0.07270 ,
6807,雜,138,0.07270 ,
6808,敗,137,0.07217 ,
6809,爨,137,0.07217 ,
6810,蓋,137,0.07217 ,
6811,伋,137,0.07217 ,
6812,蛶,137,0.07217 ,
6813,狃,137,0.07217 ,
6814,萩,137,0.07217 ,
6815,須,137,0.07217 ,
6816,诼,137,0.07217 ,
6817,嗌,136,0.07164 ,
6818,頓,136,0.07164 ,
6819,驩,136,0.07164 ,
6820,輪,136,0.07164 ,
6821,嘌,136,0.07164 ,
6822,蛴,136,0.07164 ,
6823,畎,136,0.07164 ,
6824,詩,136,0.07164 ,
6825,楯,136,0.07164 ,
6826,議,136,0.07164 ,
6827,雩,136,0.07164 ,
6828,鹆,136,0.07164 ,
6829,蕞,136,0.07164 ,
6830,顫,135,0.07112 ,
6831,盪,135,0.07112 ,
6832,殭,135,0.07112 ,
6833,皊,135,0.07112 ,
6834,脬,135,0.07112 ,
6835,羼,134,0.07059 ,
6836,萊,134,0.07059 ,
6837,缬,134,0.07059 ,
6838,鍼,134,0.07059 ,
6839,漶,133,0.07006 ,
6840,叡,133,0.07006 ,
6841,賞,133,0.07006 ,
6842,圖,133,0.07006 ,
6843,奼,132,0.06954 ,
6844,哕,132,0.06954 ,
6845,荛,132,0.06954 ,
6846,適,132,0.06954 ,
6847,谇,132,0.06954 ,
6848,驗,132,0.06954 ,
6849,廛,131,0.06901 ,
6850,廣,131,0.06901 ,
6851,埳,131,0.06901 ,
6852,罵,131,0.06901 ,
6853,丏,131,0.06901 ,
6854,狔,131,0.06901 ,
6855,嚴,131,0.06901 ,
6856,鑽,131,0.06901 ,
6857,氚,130,0.06848 ,
6858,蒽,130,0.06848 ,
6859,袷,130,0.06848 ,
6860,懼,130,0.06848 ,
6861,焌,130,0.06848 ,
6862,甍,130,0.06848 ,
6863,黾,130,0.06848 ,
6864,烃,130,0.06848 ,
6865,铵,129,0.06795 ,
6866,鬯,129,0.06795 ,
6867,鵰,129,0.06795 ,
6868,魽,129,0.06795 ,
6869,铓,129,0.06795 ,
6870,濃,129,0.06795 ,
6871,襻,129,0.06795 ,
6872,嗾,129,0.06795 ,
6873,躞,129,0.06795 ,
6874,緣,129,0.06795 ,
6875,柽,128,0.06743 ,
6876,镉,128,0.06743 ,
6877,遘,128,0.06743 ,
6878,诖,128,0.06743 ,
6879,绲,128,0.06743 ,
6880,岵,128,0.06743 ,
6881,環,128,0.06743 ,
6882,垍,128,0.06743 ,
6883,價,128,0.06743 ,
6884,據,128,0.06743 ,
6885,涼,128,0.06743 ,
6886,説,128,0.06743 ,
6887,氽,128,0.06743 ,
6888,責,128,0.06743 ,
6889,錱,128,0.06743 ,
6890,骯,127,0.06690 ,
6891,钣,127,0.06690 ,
6892,逭,127,0.06690 ,
6893,麍,127,0.06690 ,
6894,媺,127,0.06690 ,
6895,豨,127,0.06690 ,
6896,蹤,127,0.06690 ,
6897,徹,126,0.06637 ,
6898,徳,126,0.06637 ,
6899,栱,126,0.06637 ,
6900,漢,126,0.06637 ,
6901,觖,126,0.06637 ,
6902,莰,126,0.06637 ,
6903,崑,126,0.06637 ,
6904,茌,125,0.06585 ,
6905,疔,125,0.06585 ,
6906,茍,125,0.06585 ,
6907,潔,125,0.06585 ,
6908,圬,125,0.06585 ,
6909,禊,125,0.06585 ,
6910,虿,124,0.06532 ,
6911,刳,124,0.06532 ,
6912,蝤,124,0.06532 ,
6913,預,124,0.06532 ,
6914,嗻,124,0.06532 ,
6915,睜,124,0.06532 ,
6916,秕,123,0.06479 ,
6917,蒼,123,0.06479 ,
6918,葑,123,0.06479 ,
6919,呋,123,0.06479 ,
6920,匦,123,0.06479 ,
6921,豇,123,0.06479 ,
6922,堃,123,0.06479 ,
6923,慄,123,0.06479 ,
6924,嫽,123,0.06479 ,
6925,铯,123,0.06479 ,
6926,玹,123,0.06479 ,
6927,圓,123,0.06479 ,
6928,槍,122,0.06427 ,
6929,垧,122,0.06427 ,
6930,洧,122,0.06427 ,
6931,顏,122,0.06427 ,
6932,資,122,0.06427 ,
6933,蠪,121,0.06374 ,
6934,吣,121,0.06374 ,
6935,亻,121,0.06374 ,
6936,婑,121,0.06374 ,
6937,贇,121,0.06374 ,
6938,緾,120,0.06321 ,
6939,劃,120,0.06321 ,
6940,緩,120,0.06321 ,
6941,跡,120,0.06321 ,
6942,桕,120,0.06321 ,
6943,钪,120,0.06321 ,
6944,倐,120,0.06321 ,
6945,浯,120,0.06321 ,
6946,窬,120,0.06321 ,
6947,紜,120,0.06321 ,
6948,埴,120,0.06321 ,
6949,惝,119,0.06269 ,
6950,甙,119,0.06269 ,
6951,崞,119,0.06269 ,
6952,橫,119,0.06269 ,
6953,彊,119,0.06269 ,
6954,歐,119,0.06269 ,
6955,眚,119,0.06269 ,
6956,颃,118,0.06216 ,
6957,觔,118,0.06216 ,
6958,蛞,118,0.06216 ,
6959,憐,118,0.06216 ,
6960,臨,118,0.06216 ,
6961,昽,118,0.06216 ,
6962,牤,118,0.06216 ,
6963,貏,117,0.06163 ,
6964,蚵,117,0.06163 ,
6965,镆,117,0.06163 ,
6966,嫋,117,0.06163 ,
6967,薷,117,0.06163 ,
6968,獄,117,0.06163 ,
6969,邧,117,0.06163 ,
6970,瑧,117,0.06163 ,
6971,茺,116,0.06111 ,
6972,蕻,116,0.06111 ,
6973,闶,116,0.06111 ,
6974,爛,116,0.06111 ,
6975,騄,116,0.06111 ,
6976,瑢,116,0.06111 ,
6977,嫜,116,0.06111 ,
6978,罷,115,0.06058 ,
6979,礡,115,0.06058 ,
6980,郕,115,0.06058 ,
6981,紞,115,0.06058 ,
6982,撫,115,0.06058 ,
6983,囝,115,0.06058 ,
6984,蒗,115,0.06058 ,
6985,嗙,115,0.06058 ,
6986,骍,115,0.06058 ,
6987,厊,115,0.06058 ,
6988,蚰,115,0.06058 ,
6989,標,114,0.06005 ,
6990,鳔,114,0.06005 ,
6991,巉,114,0.06005 ,
6992,骶,114,0.06005 ,
6993,階,114,0.06005 ,
6994,褲,114,0.06005 ,
6995,圹,114,0.06005 ,
6996,焜,114,0.06005 ,
6997,敉,114,0.06005 ,
6998,呿,114,0.06005 ,
6999,徬,113,0.05953 ,
7000,幣,113,0.05953 ,
7001,簦,113,0.05953 ,
7002,枹,113,0.05953 ,
7003,鎗,113,0.05953 ,
7004,霑,113,0.05953 ,
7005,畛,113,0.05953 ,
7006,轵,113,0.05953 ,
7007,黹,113,0.05953 ,
7008,晡,112,0.05900 ,
7009,燈,112,0.05900 ,
7010,湔,112,0.05900 ,
7011,瞀,112,0.05900 ,
7012,啍,112,0.05900 ,
7013,鲀,112,0.05900 ,
7014,揚,112,0.05900 ,
7015,貐,112,0.05900 ,
7016,跦,112,0.05900 ,
7017,荘,112,0.05900 ,
7018,镚,111,0.05847 ,
7019,閉,111,0.05847 ,
7020,龀,111,0.05847 ,
7021,歸,111,0.05847 ,
7022,扌,111,0.05847 ,
7023,聞,111,0.05847 ,
7024,砉,111,0.05847 ,
7025,篪,110,0.05795 ,
7026,觸,110,0.05795 ,
7027,島,110,0.05795 ,
7028,鞔,110,0.05795 ,
7029,仳,110,0.05795 ,
7030,甡,110,0.05795 ,
7031,芄,110,0.05795 ,
7032,猃,110,0.05795 ,
7033,溆,110,0.05795 ,
7034,甾,110,0.05795 ,
7035,钭,109,0.05742 ,
7036,髑,109,0.05742 ,
7037,髙,109,0.05742 ,
7038,啯,109,0.05742 ,
7039,锘,109,0.05742 ,
7040,髂,109,0.05742 ,
7041,權,109,0.05742 ,
7042,枱,109,0.05742 ,
7043,硪,109,0.05742 ,
7044,潴,109,0.05742 ,
7045,湊,108,0.05689 ,
7046,邨,108,0.05689 ,
7047,垱,108,0.05689 ,
7048,宮,108,0.05689 ,
7049,紀,108,0.05689 ,
7050,裥,108,0.05689 ,
7051,郐,108,0.05689 ,
7052,瘘,108,0.05689 ,
7053,碖,108,0.05689 ,
7054,肶,108,0.05689 ,
7055,蘋,108,0.05689 ,
7056,屺,108,0.05689 ,
7057,弢,108,0.05689 ,
7058,維,108,0.05689 ,
7059,猰,108,0.05689 ,
7060,胗,108,0.05689 ,
7061,笪,107,0.05637 ,
7062,鲼,107,0.05637 ,
7063,翃,107,0.05637 ,
7064,劵,107,0.05637 ,
7065,衖,107,0.05637 ,
7066,沬,107,0.05637 ,
7067,伾,107,0.05637 ,
7068,賽,107,0.05637 ,
7069,枵,107,0.05637 ,
7070,紮,107,0.05637 ,
7071,專,107,0.05637 ,
7072,髌,106,0.05584 ,
7073,翙,106,0.05584 ,
7074,镙,106,0.05584 ,
7075,甯,106,0.05584 ,
7076,羟,106,0.05584 ,
7077,鲭,106,0.05584 ,
7078,腧,106,0.05584 ,
7079,龆,106,0.05584 ,
7080,沩,106,0.05584 ,
7081,绁,106,0.05584 ,
7082,崾,106,0.05584 ,
7083,蛏,105,0.05531 ,
7084,紡,105,0.05531 ,
7085,邏,105,0.05531 ,
7086,悫,105,0.05531 ,
7087,溻,105,0.05531 ,
7088,湧,105,0.05531 ,
7089,罾,105,0.05531 ,
7090,晢,105,0.05531 ,
7091,舳,105,0.05531 ,
7092,忉,104,0.05479 ,
7093,岡,104,0.05479 ,
7094,紘,104,0.05479 ,
7095,勁,104,0.05479 ,
7096,稜,104,0.05479 ,
7097,樑,104,0.05479 ,
7098,笭,104,0.05479 ,
7099,蜱,104,0.05479 ,
7100,氆,104,0.05479 ,
7101,氵,104,0.05479 ,
7102,餵,104,0.05479 ,
7103,曉,104,0.05479 ,
7104,遙,104,0.05479 ,
7105,優,104,0.05479 ,
7106,莊,104,0.05479 ,
7107,锸,103,0.05426 ,
7108,竐,103,0.05426 ,
7109,钒,103,0.05426 ,
7110,褔,103,0.05426 ,
7111,蹟,103,0.05426 ,
7112,蛱,103,0.05426 ,
7113,敫,103,0.05426 ,
7114,孒,103,0.05426 ,
7115,爝,103,0.05426 ,
7116,猸,103,0.05426 ,
7117,鬆,103,0.05426 ,
7118,爺,103,0.05426 ,
7119,舯,103,0.05426 ,
7120,笾,102,0.05373 ,
7121,廢,102,0.05373 ,
7122,罟,102,0.05373 ,
7123,邽,102,0.05373 ,
7124,铫,102,0.05373 ,
7125,巖,102,0.05373 ,
7126,踬,102,0.05373 ,
7127,箅,101,0.05320 ,
7128,岀,101,0.05320 ,
7129,鬥,101,0.05320 ,
7130,绋,101,0.05320 ,
7131,埝,101,0.05320 ,
7132,芘,101,0.05320 ,
7133,濉,101,0.05320 ,
7134,貼,101,0.05320 ,
7135,籼,101,0.05320 ,
7136,絜,101,0.05320 ,
7137,楦,101,0.05320 ,
7138,曛,101,0.05320 ,
7139,锳,101,0.05320 ,
7140,聱,100,0.05268 ,
7141,鹁,100,0.05268 ,
7142,舡,100,0.05268 ,
7143,際,100,0.05268 ,
7144,檞,100,0.05268 ,
7145,顆,100,0.05268 ,
7146,硭,100,0.05268 ,
7147,茆,100,0.05268 ,
7148,鬧,100,0.05268 ,
7149,谂,100,0.05268 ,
7150,炱,100,0.05268 ,
7151,钍,100,0.05268 ,
7152,俠,100,0.05268 ,
7153,厭,100,0.05268 ,
7154,沄,100,0.05268 ,
7155,馇,99,0.05215 ,
7156,唪,99,0.05215 ,
7157,烆,99,0.05215 ,
7158,轟,99,0.05215 ,
7159,纩,99,0.05215 ,
7160,栝,99,0.05215 ,
7161,蘭,99,0.05215 ,
7162,鎌,99,0.05215 ,
7163,褰,99,0.05215 ,
7164,搶,99,0.05215 ,
7165,霧,99,0.05215 ,
7166,饩,99,0.05215 ,
7167,楊,99,0.05215 ,
7168,矅,99,0.05215 ,
7169,駐,99,0.05215 ,
7170,趑,99,0.05215 ,
7171,菹,99,0.05215 ,
7172,鳊,98,0.05162 ,
7173,鲳,98,0.05162 ,
7174,詭,98,0.05162 ,
7175,滾,98,0.05162 ,
7176,掎,98,0.05162 ,
7177,屦,98,0.05162 ,
7178,莨,98,0.05162 ,
7179,撲,98,0.05162 ,
7180,軟,98,0.05162 ,
7181,昰,98,0.05162 ,
7182,謂,98,0.05162 ,
7183,緒,98,0.05162 ,
7184,円,98,0.05162 ,
7185,玙,98,0.05162 ,
7186,棻,97,0.05110 ,
7187,膚,97,0.05110 ,
7188,莩,97,0.05110 ,
7189,規,97,0.05110 ,
7190,丨,97,0.05110 ,
7191,喚,97,0.05110 ,
7192,尨,97,0.05110 ,
7193,埤,97,0.05110 ,
7194,濕,97,0.05110 ,
7195,羨,97,0.05110 ,
7196,揺,97,0.05110 ,
7197,螽,97,0.05110 ,
7198,昪,96,0.05057 ,
7199,偑,96,0.05057 ,
7200,齁,96,0.05057 ,
7201,钅,96,0.05057 ,
7202,醅,96,0.05057 ,
7203,潽,96,0.05057 ,
7204,畑,96,0.05057 ,
7205,靦,96,0.05057 ,
7206,蜩,96,0.05057 ,
7207,瘗,96,0.05057 ,
7208,莸,96,0.05057 ,
7209,癍,95,0.05004 ,
7210,埭,95,0.05004 ,
7211,導,95,0.05004 ,
7212,啶,95,0.05004 ,
7213,鞲,95,0.05004 ,
7214,梿,95,0.05004 ,
7215,傉,95,0.05004 ,
7216,憑,95,0.05004 ,
7217,棄,95,0.05004 ,
7218,枘,95,0.05004 ,
7219,庹,95,0.05004 ,
7220,郄,95,0.05004 ,
7221,郤,95,0.05004 ,
7222,硎,95,0.05004 ,
7223,髹,95,0.05004 ,
7224,鈺,95,0.05004 ,
7225,廌,95,0.05004 ,
7226,淨,94,0.04952 ,
7227,袓,94,0.04952 ,
7228,蓮,94,0.04952 ,
7229,熳,94,0.04952 ,
7230,毪,94,0.04952 ,
7231,寧,94,0.04952 ,
7232,庀,94,0.04952 ,
7233,燄,94,0.04952 ,
7234,暲,94,0.04952 ,
7235,冑,94,0.04952 ,
7236,淿,93,0.04899 ,
7237,氘,93,0.04899 ,
7238,赙,93,0.04899 ,
7239,洎,93,0.04899 ,
7240,湓,93,0.04899 ,
7241,悽,93,0.04899 ,
7242,顒,93,0.04899 ,
7243,卣,93,0.04899 ,
7244,載,93,0.04899 ,
7245,茈,92,0.04846 ,
7246,浍,92,0.04846 ,
7247,栳,92,0.04846 ,
7248,煉,92,0.04846 ,
7249,辌,92,0.04846 ,
7250,忞,92,0.04846 ,
7251,糵,92,0.04846 ,
7252,牽,92,0.04846 ,
7253,紝,92,0.04846 ,
7254,歎,92,0.04846 ,
7255,襲,92,0.04846 ,
7256,鮨,92,0.04846 ,
7257,絺,91,0.04794 ,
7258,豐,91,0.04794 ,
7259,笱,91,0.04794 ,
7260,旡,91,0.04794 ,
7261,骒,91,0.04794 ,
7262,阌,91,0.04794 ,
7263,姁,91,0.04794 ,
7264,顔,91,0.04794 ,
7265,擇,91,0.04794 ,
7266,搌,91,0.04794 ,
7267,摽,90,0.04741 ,
7268,纏,90,0.04741 ,
7269,埵,90,0.04741 ,
7270,跽,90,0.04741 ,
7271,籐,90,0.04741 ,
7272,廳,90,0.04741 ,
7273,猶,90,0.04741 ,
7274,災,90,0.04741 ,
7275,揸,90,0.04741 ,
7276,織,90,0.04741 ,
7277,犇,89,0.04688 ,
7278,撐,89,0.04688 ,
7279,婦,89,0.04688 ,
7280,劼,89,0.04688 ,
7281,堺,89,0.04688 ,
7282,菉,89,0.04688 ,
7283,渫,89,0.04688 ,
7284,弇,89,0.04688 ,
7285,證,89,0.04688 ,
7286,墜,89,0.04688 ,
7287,僰,88,0.04636 ,
7288,檒,88,0.04636 ,
7289,槅,88,0.04636 ,
7290,蘫,88,0.04636 ,
7291,鬍,88,0.04636 ,
7292,佉,88,0.04636 ,
7293,婼,88,0.04636 ,
7294,邾,88,0.04636 ,
7295,膽,87,0.04583 ,
7296,擐,87,0.04583 ,
7297,噍,87,0.04583 ,
7298,庫,87,0.04583 ,
7299,氇,87,0.04583 ,
7300,慮,87,0.04583 ,
7301,汧,87,0.04583 ,
7302,蹻,87,0.04583 ,
7303,紗,87,0.04583 ,
7304,縮,87,0.04583 ,
7305,觋,87,0.04583 ,
7306,堙,87,0.04583 ,
7307,撙,87,0.04583 ,
7308,測,86,0.04530 ,
7309,緋,86,0.04530 ,
7310,複,86,0.04530 ,
7311,挢,86,0.04530 ,
7312,寬,86,0.04530 ,
7313,鴷,86,0.04530 ,
7314,謎,86,0.04530 ,
7315,颥,86,0.04530 ,
7316,赸,86,0.04530 ,
7317,鲦,86,0.04530 ,
7318,燚,86,0.04530 ,
7319,蘡,86,0.04530 ,
7320,喲,86,0.04530 ,
7321,蜎,86,0.04530 ,
7322,悰,85,0.04478 ,
7323,刂,85,0.04478 ,
7324,沲,85,0.04478 ,
7325,疳,85,0.04478 ,
7326,凅,85,0.04478 ,
7327,桄,85,0.04478 ,
7328,揑,85,0.04478 ,
7329,喬,85,0.04478 ,
7330,紋,85,0.04478 ,
7331,誤,85,0.04478 ,
7332,烝,85,0.04478 ,
7333,佇,85,0.04478 ,
7334,瑊,84,0.04425 ,
7335,劇,84,0.04425 ,
7336,嚭,84,0.04425 ,
7337,碕,84,0.04425 ,
7338,繞,84,0.04425 ,
7339,譔,84,0.04425 ,
7340,踣,83,0.04372 ,
7341,髊,83,0.04372 ,
7342,窭,83,0.04372 ,
7343,凱,83,0.04372 ,
7344,瀰,83,0.04372 ,
7345,慓,83,0.04372 ,
7346,鞒,83,0.04372 ,
7347,灑,83,0.04372 ,
7348,兟,83,0.04372 ,
7349,慝,83,0.04372 ,
7350,烔,83,0.04372 ,
7351,燰,83,0.04372 ,
7352,襞,82,0.04320 ,
7353,薑,82,0.04320 ,
7354,紟,82,0.04320 ,
7355,臁,82,0.04320 ,
7356,矧,82,0.04320 ,
7357,韋,82,0.04320 ,
7358,獯,82,0.04320 ,
7359,瀹,82,0.04320 ,
7360,執,82,0.04320 ,
7361,蒇,81,0.04267 ,
7362,榱,81,0.04267 ,
7363,扽,81,0.04267 ,
7364,偳,81,0.04267 ,
7365,艴,81,0.04267 ,
7366,穀,81,0.04267 ,
7367,僅,81,0.04267 ,
7368,刭,81,0.04267 ,
7369,紤,81,0.04267 ,
7370,唛,81,0.04267 ,
7371,眛,81,0.04267 ,
7372,拏,81,0.04267 ,
7373,苤,81,0.04267 ,
7374,钋,81,0.04267 ,
7375,嗪,81,0.04267 ,
7376,觍,81,0.04267 ,
7377,臥,81,0.04267 ,
7378,蛘,81,0.04267 ,
7379,遺,81,0.04267 ,
7380,黪,80,0.04214 ,
7381,遞,80,0.04214 ,
7382,岎,80,0.04214 ,
7383,暠,80,0.04214 ,
7384,攉,80,0.04214 ,
7385,雞,80,0.04214 ,
7386,钕,80,0.04214 ,
7387,毹,80,0.04214 ,
7388,損,80,0.04214 ,
7389,廆,80,0.04214 ,
7390,揾,80,0.04214 ,
7391,勗,80,0.04214 ,
7392,氩,80,0.04214 ,
7393,玗,80,0.04214 ,
7394,澐,80,0.04214 ,
7395,紥,80,0.04214 ,
7396,闆,79,0.04162 ,
7397,紣,79,0.04162 ,
7398,垡,79,0.04162 ,
7399,慣,79,0.04162 ,
7400,璝,79,0.04162 ,
7401,缂,79,0.04162 ,
7402,綨,79,0.04162 ,
7403,玘,79,0.04162 ,
7404,骀,79,0.04162 ,
7405,昖,79,0.04162 ,
7406,窅,79,0.04162 ,
7407,菑,79,0.04162 ,
7408,詧,78,0.04109 ,
7409,锇,78,0.04109 ,
7410,鳇,78,0.04109 ,
7411,坰,78,0.04109 ,
7412,怾,78,0.04109 ,
7413,乇,78,0.04109 ,
7414,霨,78,0.04109 ,
7415,肟,78,0.04109 ,
7416,瑎,78,0.04109 ,
7417,飖,78,0.04109 ,
7418,嫄,78,0.04109 ,
7419,禎,78,0.04109 ,
7420,鬷,78,0.04109 ,
7421,財,77,0.04056 ,
7422,韂,77,0.04056 ,
7423,雋,77,0.04056 ,
7424,錄,77,0.04056 ,
7425,鷺,77,0.04056 ,
7426,瘰,77,0.04056 ,
7427,哌,77,0.04056 ,
7428,蜣,77,0.04056 ,
7429,囂,77,0.04056 ,
7430,仡,77,0.04056 ,
7431,籀,77,0.04056 ,
7432,嘗,76,0.04004 ,
7433,蕩,76,0.04004 ,
7434,讀,76,0.04004 ,
7435,噁,76,0.04004 ,
7436,髠,76,0.04004 ,
7437,鐮,76,0.04004 ,
7438,榮,76,0.04004 ,
7439,辻,76,0.04004 ,
7440,痩,76,0.04004 ,
7441,薤,76,0.04004 ,
7442,傭,76,0.04004 ,
7443,憂,76,0.04004 ,
7444,慾,76,0.04004 ,
7445,牂,76,0.04004 ,
7446,砟,76,0.04004 ,
7447,瓿,75,0.03951 ,
7448,寀,75,0.03951 ,
7449,墮,75,0.03951 ,
7450,搿,75,0.03951 ,
7451,僬,75,0.03951 ,
7452,捲,75,0.03951 ,
7453,瞞,75,0.03951 ,
7454,蠛,75,0.03951 ,
7455,孫,75,0.03951 ,
7456,誷,75,0.03951 ,
7457,鄉,75,0.03951 ,
7458,曐,75,0.03951 ,
7459,詠,75,0.03951 ,
7460,嵛,75,0.03951 ,
7461,惣,75,0.03951 ,
7462,紦,74,0.03898 ,
7463,忭,74,0.03898 ,
7464,瘛,74,0.03898 ,
7465,垌,74,0.03898 ,
7466,槔,74,0.03898 ,
7467,愰,74,0.03898 ,
7468,礦,74,0.03898 ,
7469,壸,74,0.03898 ,
7470,崙,74,0.03898 ,
7471,蛲,74,0.03898 ,
7472,鋪,74,0.03898 ,
7473,锓,74,0.03898 ,
7474,滠,74,0.03898 ,
7475,倓,74,0.03898 ,
7476,煺,74,0.03898 ,
7477,峣,74,0.03898 ,
7478,劓,74,0.03898 ,
7479,頵,74,0.03898 ,
7480,暫,74,0.03898 ,
7481,唄,73,0.03846 ,
7482,凈,73,0.03846 ,
7483,咵,73,0.03846 ,
7484,鏐,73,0.03846 ,
7485,獴,73,0.03846 ,
7486,嘧,73,0.03846 ,
7487,龐,73,0.03846 ,
7488,蟛,73,0.03846 ,
7489,陴,73,0.03846 ,
7490,俜,73,0.03846 ,
7491,袪,73,0.03846 ,
7492,洤,73,0.03846 ,
7493,騰,73,0.03846 ,
7494,辋,73,0.03846 ,
7495,鬚,73,0.03846 ,
7496,龠,73,0.03846 ,
7497,腠,72,0.03793 ,
7498,轹,72,0.03793 ,
7499,稆,72,0.03793 ,
7500,蝥,72,0.03793 ,
7501,蓂,72,0.03793 ,
7502,堋,72,0.03793 ,
7503,擾,72,0.03793 ,
7504,汍,72,0.03793 ,
7505,猇,72,0.03793 ,
7506,儀,72,0.03793 ,
7507,詟,72,0.03793 ,
7508,鞴,71,0.03740 ,
7509,筆,71,0.03740 ,
7510,詞,71,0.03740 ,
7511,氾,71,0.03740 ,
7512,咈,71,0.03740 ,
7513,齕,71,0.03740 ,
7514,黉,71,0.03740 ,
7515,襕,71,0.03740 ,
7516,柃,71,0.03740 ,
7517,镘,71,0.03740 ,
7518,浽,71,0.03740 ,
7519,蝟,71,0.03740 ,
7520,兇,71,0.03740 ,
7521,燿,71,0.03740 ,
7522,殪,71,0.03740 ,
7523,蒡,70,0.03687 ,
7524,捯,70,0.03687 ,
7525,旛,70,0.03687 ,
7526,巿,70,0.03687 ,
7527,胍,70,0.03687 ,
7528,骱,70,0.03687 ,
7529,杩,70,0.03687 ,
7530,恧,70,0.03687 ,
7531,跫,70,0.03687 ,
7532,篍,70,0.03687 ,
7533,唼,70,0.03687 ,
7534,酾,70,0.03687 ,
7535,騦,70,0.03687 ,
7536,穩,70,0.03687 ,
7537,垚,70,0.03687 ,
7538,罃,70,0.03687 ,
7539,餘,70,0.03687 ,
7540,贠,70,0.03687 ,
7541,躍,70,0.03687 ,
7542,掙,70,0.03687 ,
7543,職,70,0.03687 ,
7544,娡,70,0.03687 ,
7545,輩,69,0.03635 ,
7546,遲,69,0.03635 ,
7547,檔,69,0.03635 ,
7548,硐,69,0.03635 ,
7549,胲,69,0.03635 ,
7550,烀,69,0.03635 ,
7551,鄠,69,0.03635 ,
7552,碼,69,0.03635 ,
7553,跘,69,0.03635 ,
7554,噴,69,0.03635 ,
7555,凵,69,0.03635 ,
7556,鰸,69,0.03635 ,
7557,氍,69,0.03635 ,
7558,滲,69,0.03635 ,
7559,輸,69,0.03635 ,
7560,瓖,69,0.03635 ,
7561,忮,69,0.03635 ,
7562,壯,69,0.03635 ,
7563,苾,68,0.03582 ,
7564,攧,68,0.03582 ,
7565,芤,68,0.03582 ,
7566,岺,68,0.03582 ,
7567,罞,68,0.03582 ,
7568,伱,68,0.03582 ,
7569,瘮,68,0.03582 ,
7570,灣,68,0.03582 ,
7571,痖,68,0.03582 ,
7572,嘢,68,0.03582 ,
7573,踰,68,0.03582 ,
7574,箢,68,0.03582 ,
7575,哳,68,0.03582 ,
7576,鲡,67,0.03529 ,
7577,枬,67,0.03529 ,
7578,檎,67,0.03529 ,
7579,紹,67,0.03529 ,
7580,橦,67,0.03529 ,
7581,嘯,67,0.03529 ,
7582,諲,67,0.03529 ,
7583,饔,67,0.03529 ,
7584,枊,66,0.03477 ,
7585,戽,66,0.03477 ,
7586,狤,66,0.03477 ,
7587,峧,66,0.03477 ,
7588,囧,66,0.03477 ,
7589,蚑,66,0.03477 ,
7590,齊,66,0.03477 ,
7591,蠍,66,0.03477 ,
7592,砑,66,0.03477 ,
7593,嚥,66,0.03477 ,
7594,顗,66,0.03477 ,
7595,營,66,0.03477 ,
7596,纻,66,0.03477 ,
7597,甏,65,0.03424 ,
7598,廁,65,0.03424 ,
7599,漎,65,0.03424 ,
7600,盜,65,0.03424 ,
7601,氡,65,0.03424 ,
7602,钬,65,0.03424 ,
7603,唻,65,0.03424 ,
7604,墚,65,0.03424 ,
7605,鳴,65,0.03424 ,
7606,寢,65,0.03424 ,
7607,苘,65,0.03424 ,
7608,饣,65,0.03424 ,
7609,瑱,65,0.03424 ,
7610,穸,65,0.03424 ,
7611,翛,65,0.03424 ,
7612,洨,65,0.03424 ,
7613,晹,65,0.03424 ,
7614,針,65,0.03424 ,
7615,丒,64,0.03371 ,
7616,尷,64,0.03371 ,
7617,觏,64,0.03371 ,
7618,骺,64,0.03371 ,
7619,媩,64,0.03371 ,
7620,嚄,64,0.03371 ,
7621,枧,64,0.03371 ,
7622,俫,64,0.03371 ,
7623,瑯,64,0.03371 ,
7624,髎,64,0.03371 ,
7625,凜,64,0.03371 ,
7626,鹨,64,0.03371 ,
7627,毎,64,0.03371 ,
7628,麵,64,0.03371 ,
7629,瘼,64,0.03371 ,
7630,桤,64,0.03371 ,
7631,軀,64,0.03371 ,
7632,毵,64,0.03371 ,
7633,獸,64,0.03371 ,
7634,谞,64,0.03371 ,
7635,糈,64,0.03371 ,
7636,镟,64,0.03371 ,
7637,頉,64,0.03371 ,
7638,諸,64,0.03371 ,
7639,酲,63,0.03319 ,
7640,楱,63,0.03319 ,
7641,帯,63,0.03319 ,
7642,峎,63,0.03319 ,
7643,岣,63,0.03319 ,
7644,嶲,63,0.03319 ,
7645,喨,63,0.03319 ,
7646,苶,63,0.03319 ,
7647,肷,63,0.03319 ,
7648,傾,63,0.03319 ,
7649,睱,63,0.03319 ,
7650,铦,63,0.03319 ,
7651,曌,63,0.03319 ,
7652,憤,62,0.03266 ,
7653,柺,62,0.03266 ,
7654,扞,62,0.03266 ,
7655,積,62,0.03266 ,
7656,麿,62,0.03266 ,
7657,挻,62,0.03266 ,
7658,蕬,62,0.03266 ,
7659,辒,62,0.03266 ,
7660,懲,61,0.03213 ,
7661,餓,61,0.03213 ,
7662,铒,61,0.03213 ,
7663,戶,61,0.03213 ,
7664,鲣,61,0.03213 ,
7665,鑑,61,0.03213 ,
7666,蛑,61,0.03213 ,
7667,笢,61,0.03213 ,
7668,農,61,0.03213 ,
7669,啟,61,0.03213 ,
7670,葇,61,0.03213 ,
7671,裼,61,0.03213 ,
7672,塼,61,0.03213 ,
7673,熺,61,0.03213 ,
7674,黡,61,0.03213 ,
7675,煐,61,0.03213 ,
7676,湲,61,0.03213 ,
7677,帳,61,0.03213 ,
7678,酎,61,0.03213 ,
7679,毳,60,0.03161 ,
7680,坫,60,0.03161 ,
7681,額,60,0.03161 ,
7682,酐,60,0.03161 ,
7683,鈴,60,0.03161 ,
7684,痲,60,0.03161 ,
7685,潵,60,0.03161 ,
7686,埜,60,0.03161 ,
7687,匚,59,0.03108 ,
7688,蕡,59,0.03108 ,
7689,夬,59,0.03108 ,
7690,铪,59,0.03108 ,
7691,滉,59,0.03108 ,
7692,獎,59,0.03108 ,
7693,贶,59,0.03108 ,
7694,靣,59,0.03108 ,
7695,紕,59,0.03108 ,
7696,伹,59,0.03108 ,
7697,胂,59,0.03108 ,
7698,钘,59,0.03108 ,
7699,閻,59,0.03108 ,
7700,贏,59,0.03108 ,
7701,躜,59,0.03108 ,
7702,摛,58,0.03055 ,
7703,鎚,58,0.03055 ,
7704,袝,58,0.03055 ,
7705,構,58,0.03055 ,
7706,嵴,58,0.03055 ,
7707,趼,58,0.03055 ,
7708,锊,58,0.03055 ,
7709,泺,58,0.03055 ,
7710,悶,58,0.03055 ,
7711,勔,58,0.03055 ,
7712,諾,58,0.03055 ,
7713,擗,58,0.03055 ,
7714,玱,58,0.03055 ,
7715,犭,58,0.03055 ,
7716,渖,58,0.03055 ,
7717,肅,58,0.03055 ,
7718,舺,58,0.03055 ,
7719,烋,58,0.03055 ,
7720,訚,58,0.03055 ,
7721,妘,58,0.03055 ,
7722,舴,58,0.03055 ,
7723,孖,58,0.03055 ,
7724,繃,57,0.03003 ,
7725,疬,57,0.03003 ,
7726,肭,57,0.03003 ,
7727,簽,57,0.03003 ,
7728,橋,57,0.03003 ,
7729,掃,57,0.03003 ,
7730,螣,57,0.03003 ,
7731,涠,57,0.03003 ,
7732,鹇,57,0.03003 ,
7733,獻,57,0.03003 ,
7734,慉,57,0.03003 ,
7735,璿,57,0.03003 ,
7736,碹,57,0.03003 ,
7737,晊,57,0.03003 ,
7738,粢,57,0.03003 ,
7739,眵,56,0.02950 ,
7740,咁,56,0.02950 ,
7741,蟪,56,0.02950 ,
7742,劂,56,0.02950 ,
7743,嘅,56,0.02950 ,
7744,苈,56,0.02950 ,
7745,脈,56,0.02950 ,
7746,翹,56,0.02950 ,
7747,銳,56,0.02950 ,
7748,锼,56,0.02950 ,
7749,躧,56,0.02950 ,
7750,篂,56,0.02950 ,
7751,珧,56,0.02950 ,
7752,靿,56,0.02950 ,
7753,吲,56,0.02950 ,
7754,撥,55,0.02897 ,
7755,脞,55,0.02897 ,
7756,嶝,55,0.02897 ,
7757,锾,55,0.02897 ,
7758,籃,55,0.02897 ,
7759,饹,55,0.02897 ,
7760,簾,55,0.02897 ,
7761,钌,55,0.02897 ,
7762,緜,55,0.02897 ,
7763,坭,55,0.02897 ,
7764,嬸,55,0.02897 ,
7765,骕,55,0.02897 ,
7766,項,55,0.02897 ,
7767,縡,55,0.02897 ,
7768,斬,55,0.02897 ,
7769,賺,55,0.02897 ,
7770,編,54,0.02845 ,
7771,镈,54,0.02845 ,
7772,碲,54,0.02845 ,
7773,瓞,54,0.02845 ,
7774,賭,54,0.02845 ,
7775,鄜,54,0.02845 ,
7776,茳,54,0.02845 ,
7777,儘,54,0.02845 ,
7778,諒,54,0.02845 ,
7779,躐,54,0.02845 ,
7780,嵝,54,0.02845 ,
7781,陧,54,0.02845 ,
7782,厍,54,0.02845 ,
7783,鹴,54,0.02845 ,
7784,鎖,54,0.02845 ,
7785,畤,54,0.02845 ,
7786,鄹,54,0.02845 ,
7787,砹,53,0.02792 ,
7788,綁,53,0.02792 ,
7789,跐,53,0.02792 ,
7790,砘,53,0.02792 ,
7791,燉,53,0.02792 ,
7792,鸸,53,0.02792 ,
7793,館,53,0.02792 ,
7794,輝,53,0.02792 ,
7795,熲,53,0.02792 ,
7796,牻,53,0.02792 ,
7797,踡,53,0.02792 ,
7798,甦,53,0.02792 ,
7799,螗,53,0.02792 ,
7800,铽,53,0.02792 ,
7801,訓,53,0.02792 ,
7802,製,53,0.02792 ,
7803,縱,53,0.02792 ,
7804,阼,53,0.02792 ,
7805,埯,52,0.02739 ,
7806,沷,52,0.02739 ,
7807,姤,52,0.02739 ,
7808,貨,52,0.02739 ,
7809,廑,52,0.02739 ,
7810,碦,52,0.02739 ,
7811,嫏,52,0.02739 ,
7812,歛,52,0.02739 ,
7813,堳,52,0.02739 ,
7814,迺,52,0.02739 ,
7815,捨,52,0.02739 ,
7816,摅,52,0.02739 ,
7817,潄,52,0.02739 ,
7818,塽,52,0.02739 ,
7819,芴,52,0.02739 ,
7820,飲,52,0.02739 ,
7821,澤,52,0.02739 ,
7822,盩,52,0.02739 ,
7823,丶,52,0.02739 ,
7824,茲,52,0.02739 ,
7825,襬,51,0.02687 ,
7826,苄,51,0.02687 ,
7827,叢,51,0.02687 ,
7828,憞,51,0.02687 ,
7829,扢,51,0.02687 ,
7830,琯,51,0.02687 ,
7831,賤,51,0.02687 ,
7832,嬌,51,0.02687 ,
7833,舊,51,0.02687 ,
7834,醵,51,0.02687 ,
7835,掯,51,0.02687 ,
7836,燘,51,0.02687 ,
7837,硇,51,0.02687 ,
7838,惱,51,0.02687 ,
7839,鬿,51,0.02687 ,
7840,誦,51,0.02687 ,
7841,鞗,51,0.02687 ,
7842,酴,51,0.02687 ,
7843,堍,51,0.02687 ,
7844,彎,51,0.02687 ,
7845,舾,51,0.02687 ,
7846,舄,51,0.02687 ,
7847,暈,51,0.02687 ,
7848,姪,51,0.02687 ,
7849,崒,51,0.02687 ,
7850,艚,50,0.02634 ,
7851,榖,50,0.02634 ,
7852,腘,50,0.02634 ,
7853,晧,50,0.02634 ,
7854,缋,50,0.02634 ,
7855,夼,50,0.02634 ,
7856,虧,50,0.02634 ,
7857,懶,50,0.02634 ,
7858,爐,50,0.02634 ,
7859,駛,50,0.02634 ,
7860,湯,50,0.02634 ,
7861,鼗,50,0.02634 ,
7862,筅,50,0.02634 ,
7863,兗,50,0.02634 ,
7864,浥,50,0.02634 ,
7865,奓,50,0.02634 ,
7866,紖,50,0.02634 ,
7867,皺,50,0.02634 ,
7868,筯,50,0.02634 ,
7869,剉,49,0.02581 ,
7870,胨,49,0.02581 ,
7871,砜,49,0.02581 ,
7872,饸,49,0.02581 ,
7873,擠,49,0.02581 ,
7874,鲚,49,0.02581 ,
7875,鍵,49,0.02581 ,
7876,矻,49,0.02581 ,
7877,俛,49,0.02581 ,
7878,淠,49,0.02581 ,
7879,拤,49,0.02581 ,
7880,圊,49,0.02581 ,
7881,儍,49,0.02581 ,
7882,蔘,49,0.02581 ,
7883,鮻,49,0.02581 ,
7884,違,49,0.02581 ,
7885,烏,49,0.02581 ,
7886,迕,49,0.02581 ,
7887,祄,49,0.02581 ,
7888,衪,49,0.02581 ,
7889,臟,49,0.02581 ,
7890,拃,49,0.02581 ,
7891,钸,48,0.02529 ,
7892,倉,48,0.02529 ,
7893,菪,48,0.02529 ,
7894,兊,48,0.02529 ,
7895,杮,48,0.02529 ,
7896,禍,48,0.02529 ,
7897,哜,48,0.02529 ,
7898,勞,48,0.02529 ,
7899,輛,48,0.02529 ,
7900,貎,48,0.02529 ,
7901,撚,48,0.02529 ,
7902,棲,48,0.02529 ,
7903,蒨,48,0.02529 ,
7904,朊,48,0.02529 ,
7905,喪,48,0.02529 ,
7906,阘,48,0.02529 ,
7907,兲,48,0.02529 ,
7908,甕,48,0.02529 ,
7909,釿,48,0.02529 ,
7910,鹓,48,0.02529 ,
7911,鐾,47,0.02476 ,
7912,滗,47,0.02476 ,
7913,扠,47,0.02476 ,
7914,躔,47,0.02476 ,
7915,奌,47,0.02476 ,
7916,凍,47,0.02476 ,
7917,罣,47,0.02476 ,
7918,丷,47,0.02476 ,
7919,喛,47,0.02476 ,
7920,腈,47,0.02476 ,
7921,筘,47,0.02476 ,
7922,蠊,47,0.02476 ,
7923,暸,47,0.02476 ,
7924,盧,47,0.02476 ,
7925,彌,47,0.02476 ,
7926,豾,47,0.02476 ,
7927,埼,47,0.02476 ,
7928,骎,47,0.02476 ,
7929,惓,47,0.02476 ,
7930,飾,47,0.02476 ,
7931,谿,47,0.02476 ,
7932,箦,47,0.02476 ,
7933,橥,47,0.02476 ,
7934,斲,47,0.02476 ,
7935,奧,46,0.02423 ,
7936,鞞,46,0.02423 ,
7937,辶,46,0.02423 ,
7938,溝,46,0.02423 ,
7939,毌,46,0.02423 ,
7940,馘,46,0.02423 ,
7941,癋,46,0.02423 ,
7942,縠,46,0.02423 ,
7943,蕺,46,0.02423 ,
7944,濟,46,0.02423 ,
7945,駕,46,0.02423 ,
7946,琎,46,0.02423 ,
7947,絶,46,0.02423 ,
7948,镧,46,0.02423 ,
7949,浬,46,0.02423 ,
7950,琝,46,0.02423 ,
7951,犏,46,0.02423 ,
7952,圏,46,0.02423 ,
7953,亊,46,0.02423 ,
7954,獞,46,0.02423 ,
7955,漥,46,0.02423 ,
7956,暐,46,0.02423 ,
7957,爚,46,0.02423 ,
7958,仉,46,0.02423 ,
7959,詛,46,0.02423 ,
7960,髟,45,0.02371 ,
7961,瘥,45,0.02371 ,
7962,籓,45,0.02371 ,
7963,鋒,45,0.02371 ,
7964,绠,45,0.02371 ,
7965,糇,45,0.02371 ,
7966,獲,45,0.02371 ,
7967,頸,45,0.02371 ,
7968,徑,45,0.02371 ,
7969,垲,45,0.02371 ,
7970,綑,45,0.02371 ,
7971,獵,45,0.02371 ,
7972,坶,45,0.02371 ,
7973,齉,45,0.02371 ,
7974,旂,45,0.02371 ,
7975,巻,45,0.02371 ,
7976,骦,45,0.02371 ,
7977,罈,45,0.02371 ,
7978,觽,45,0.02371 ,
7979,莶,45,0.02371 ,
7980,瀟,45,0.02371 ,
7981,姎,45,0.02371 ,
7982,扆,45,0.02371 ,
7983,贊,45,0.02371 ,
7984,飐,45,0.02371 ,
7985,坌,44,0.02318 ,
7986,暢,44,0.02318 ,
7987,蹯,44,0.02318 ,
7988,钫,44,0.02318 ,
7989,廻,44,0.02318 ,
7990,監,44,0.02318 ,
7991,礓,44,0.02318 ,
7992,滘,44,0.02318 ,
7993,梱,44,0.02318 ,
7994,侶,44,0.02318 ,
7995,暼,44,0.02318 ,
7996,潛,44,0.02318 ,
7997,佢,44,0.02318 ,
7998,挼,44,0.02318 ,
7999,褟,44,0.02318 ,
8000,臺,44,0.02318 ,
8001,踼,44,0.02318 ,
8002,頹,44,0.02318 ,
8003,洩,44,0.02318 ,
8004,忄,44,0.02318 ,
8005,欻,44,0.02318 ,
8006,堉,44,0.02318 ,
8007,玧,44,0.02318 ,
8008,揞,43,0.02265 ,
8009,昻,43,0.02265 ,
8010,铋,43,0.02265 ,
8011,閟,43,0.02265 ,
8012,辭,43,0.02265 ,
8013,岽,43,0.02265 ,
8014,厾,43,0.02265 ,
8015,奪,43,0.02265 ,
8016,縫,43,0.02265 ,
8017,閤,43,0.02265 ,
8018,轘,43,0.02265 ,
8019,臘,43,0.02265 ,
8020,両,43,0.02265 ,
8021,蹽,43,0.02265 ,
8022,罠,43,0.02265 ,
8023,肀,43,0.02265 ,
8024,裵,43,0.02265 ,
8025,鸲,43,0.02265 ,
8026,嫰,43,0.02265 ,
8027,潤,43,0.02265 ,
8028,璛,43,0.02265 ,
8029,羰,43,0.02265 ,
8030,缷,43,0.02265 ,
8031,趐,43,0.02265 ,
8032,悅,43,0.02265 ,
8033,垞,42,0.02212 ,
8034,恥,42,0.02212 ,
8035,傺,42,0.02212 ,
8036,飺,42,0.02212 ,
8037,淓,42,0.02212 ,
8038,昐,42,0.02212 ,
8039,澉,42,0.02212 ,
8040,槨,42,0.02212 ,
8041,繫,42,0.02212 ,
8042,肼,42,0.02212 ,
8043,匊,42,0.02212 ,
8044,潰,42,0.02212 ,
8045,胬,42,0.02212 ,
8046,衄,42,0.02212 ,
8047,锫,42,0.02212 ,
8048,禥,42,0.02212 ,
8049,倿,42,0.02212 ,
8050,剠,42,0.02212 ,
8051,塙,42,0.02212 ,
8052,陞,42,0.02212 ,
8053,酞,42,0.02212 ,
8054,濤,42,0.02212 ,
8055,梶,42,0.02212 ,
8056,鼯,42,0.02212 ,
8057,啣,42,0.02212 ,
8058,廂,42,0.02212 ,
8059,蚃,42,0.02212 ,
8060,桖,42,0.02212 ,
8061,勳,42,0.02212 ,
8062,簷,42,0.02212 ,
8063,垟,42,0.02212 ,
8064,廙,42,0.02212 ,
8065,藝,42,0.02212 ,
8066,齋,42,0.02212 ,
8067,厔,42,0.02212 ,
8068,縳,42,0.02212 ,
8069,枨,41,0.02160 ,
8070,珵,41,0.02160 ,
8071,闖,41,0.02160 ,
8072,聰,41,0.02160 ,
8073,咶,41,0.02160 ,
8074,楶,41,0.02160 ,
8075,赆,41,0.02160 ,
8076,躹,41,0.02160 ,
8077,櫆,41,0.02160 ,
8078,圝,41,0.02160 ,
8079,螞,41,0.02160 ,
8080,鹛,41,0.02160 ,
8081,鹋,41,0.02160 ,
8082,窮,41,0.02160 ,
8083,葰,41,0.02160 ,
8084,炧,41,0.02160 ,
8085,榍,41,0.02160 ,
8086,鹯,41,0.02160 ,
8087,誌,41,0.02160 ,
8088,鑄,41,0.02160 ,
8089,窀,41,0.02160 ,
8090,棁,41,0.02160 ,
8091,鲃,40,0.02107 ,
8092,窆,40,0.02107 ,
8093,轒,40,0.02107 ,
8094,葢,40,0.02107 ,
8095,騩,40,0.02107 ,
8096,粿,40,0.02107 ,
8097,桊,40,0.02107 ,
8098,捃,40,0.02107 ,
8099,欗,40,0.02107 ,
8100,鎯,40,0.02107 ,
8101,礌,40,0.02107 ,
8102,燜,40,0.02107 ,
8103,砮,40,0.02107 ,
8104,璆,40,0.02107 ,
8105,晩,40,0.02107 ,
8106,蕹,40,0.02107 ,
8107,葙,40,0.02107 ,
8108,讠,40,0.02107 ,
8109,罨,40,0.02107 ,
8110,鷹,40,0.02107 ,
8111,瓚,40,0.02107 ,
8112,鍾,40,0.02107 ,
8113,锿,39,0.02054 ,
8114,轪,39,0.02054 ,
8115,罰,39,0.02054 ,
8116,酤,39,0.02054 ,
8117,蜾,39,0.02054 ,
8118,餜,39,0.02054 ,
8119,恝,39,0.02054 ,
8120,樫,39,0.02054 ,
8121,劒,39,0.02054 ,
8122,蟭,39,0.02054 ,
8123,蟜,39,0.02054 ,
8124,誡,39,0.02054 ,
8125,蒟,39,0.02054 ,
8126,鎧,39,0.02054 ,
8127,銙,39,0.02054 ,
8128,賴,39,0.02054 ,
8129,欄,39,0.02054 ,
8130,跞,39,0.02054 ,
8131,療,39,0.02054 ,
8132,蟟,39,0.02054 ,
8133,倫,39,0.02054 ,
8134,棆,39,0.02054 ,
8135,濆,39,0.02054 ,
8136,恓,39,0.02054 ,
8137,睒,39,0.02054 ,
8138,蒴,39,0.02054 ,
8139,俬,39,0.02054 ,
8140,锬,39,0.02054 ,
8141,篠,39,0.02054 ,
8142,媭,39,0.02054 ,
8143,訊,39,0.02054 ,
8144,渰,39,0.02054 ,
8145,鲻,39,0.02054 ,
8146,牴,38,0.02002 ,
8147,绗,38,0.02002 ,
8148,訸,38,0.02002 ,
8149,熇,38,0.02002 ,
8150,锪,38,0.02002 ,
8151,罽,38,0.02002 ,
8152,謹,38,0.02002 ,
8153,闊,38,0.02002 ,
8154,蠻,38,0.02002 ,
8155,懞,38,0.02002 ,
8156,厐,38,0.02002 ,
8157,钷,38,0.02002 ,
8158,皘,38,0.02002 ,
8159,巯,38,0.02002 ,
8160,璱,38,0.02002 ,
8161,祏,38,0.02002 ,
8162,鷫,38,0.02002 ,
8163,閑,38,0.02002 ,
8164,懸,38,0.02002 ,
8165,眢,38,0.02002 ,
8166,丬,38,0.02002 ,
8167,歩,37,0.01949 ,
8168,憝,37,0.01949 ,
8169,饳,37,0.01949 ,
8170,糼,37,0.01949 ,
8171,貫,37,0.01949 ,
8172,冱,37,0.01949 ,
8173,韁,37,0.01949 ,
8174,覚,37,0.01949 ,
8175,鹍,37,0.01949 ,
8176,勵,37,0.01949 ,
8177,浰,37,0.01949 ,
8178,廟,37,0.01949 ,
8179,糢,37,0.01949 ,
8180,傘,37,0.01949 ,
8181,蛸,37,0.01949 ,
8182,獅,37,0.01949 ,
8183,掭,37,0.01949 ,
8184,鉵,37,0.01949 ,
8185,偓,37,0.01949 ,
8186,懗,37,0.01949 ,
8187,虓,37,0.01949 ,
8188,噀,37,0.01949 ,
8189,缊,37,0.01949 ,
8190,驵,37,0.01949 ,
8191,阯,37,0.01949 ,
8192,滍,37,0.01949 ,
8193,稙,37,0.01949 ,
8194,礙,36,0.01896 ,
8195,庳,36,0.01896 ,
8196,萆,36,0.01896 ,
8197,蔵,36,0.01896 ,
8198,讇,36,0.01896 ,
8199,倅,36,0.01896 ,
8200,瘅,36,0.01896 ,
8201,铞,36,0.01896 ,
8202,芣,36,0.01896 ,
8203,馉,36,0.01896 ,
8204,鳸,36,0.01896 ,
8205,衁,36,0.01896 ,
8206,飢,36,0.01896 ,
8207,撿,36,0.01896 ,
8208,眍,36,0.01896 ,
8209,瀬,36,0.01896 ,
8210,糧,36,0.01896 ,
8211,崚,36,0.01896 ,
8212,鄤,36,0.01896 ,
8213,掹,36,0.01896 ,
8214,齧,36,0.01896 ,
8215,杻,36,0.01896 ,
8216,実,36,0.01896 ,
8217,聳,36,0.01896 ,
8218,羧,36,0.01896 ,
8219,钽,36,0.01896 ,
8220,詳,36,0.01896 ,
8221,瑆,36,0.01896 ,
8222,蔭,36,0.01896 ,
8223,柊,36,0.01896 ,
8224,註,36,0.01896 ,
8225,瘭,35,0.01844 ,
8226,嶒,35,0.01844 ,
8227,刬,35,0.01844 ,
8228,瑒,35,0.01844 ,
8229,帱,35,0.01844 ,
8230,醜,35,0.01844 ,
8231,搋,35,0.01844 ,
8232,腄,35,0.01844 ,
8233,阽,35,0.01844 ,
8234,歺,35,0.01844 ,
8235,渄,35,0.01844 ,
8236,墳,35,0.01844 ,
8237,阝,35,0.01844 ,
8238,嘠,35,0.01844 ,
8239,鹱,35,0.01844 ,
8240,渾,35,0.01844 ,
8241,鲒,35,0.01844 ,
8242,挶,35,0.01844 ,
8243,罝,35,0.01844 ,
8244,姖,35,0.01844 ,
8245,纍,35,0.01844 ,
8246,芼,35,0.01844 ,
8247,綿,35,0.01844 ,
8248,眽,35,0.01844 ,
8249,蕅,35,0.01844 ,
8250,甓,35,0.01844 ,
8251,棨,35,0.01844 ,
8252,縴,35,0.01844 ,
8253,锖,35,0.01844 ,
8254,繻,35,0.01844 ,
8255,汭,35,0.01844 ,
8256,爇,35,0.01844 ,
8257,憟,35,0.01844 ,
8258,貪,35,0.01844 ,
8259,璮,35,0.01844 ,
8260,祹,35,0.01844 ,
8261,趯,35,0.01844 ,
8262,捥,35,0.01844 ,
8263,噏,35,0.01844 ,
8264,蓥,35,0.01844 ,
8265,緻,35,0.01844 ,
8266,浐,34,0.01791 ,
8267,蚇,34,0.01791 ,
8268,賜,34,0.01791 ,
8269,扥,34,0.01791 ,
8270,癲,34,0.01791 ,
8271,垤,34,0.01791 ,
8272,兌,34,0.01791 ,
8273,峯,34,0.01791 ,
8274,洑,34,0.01791 ,
8275,祔,34,0.01791 ,
8276,悺,34,0.01791 ,
8277,櫃,34,0.01791 ,
8278,矦,34,0.01791 ,
8279,寯,34,0.01791 ,
8280,衎,34,0.01791 ,
8281,峇,34,0.01791 ,
8282,尅,34,0.01791 ,
8283,泐,34,0.01791 ,
8284,劙,34,0.01791 ,
8285,嚕,34,0.01791 ,
8286,魯,34,0.01791 ,
8287,荬,34,0.01791 ,
8288,眊,34,0.01791 ,
8289,蝻,34,0.01791 ,
8290,膩,34,0.01791 ,
8291,勸,34,0.01791 ,
8292,鎙,34,0.01791 ,
8293,箨,34,0.01791 ,
8294,汙,34,0.01791 ,
8295,脅,34,0.01791 ,
8296,晅,34,0.01791 ,
8297,蠅,34,0.01791 ,
8298,瘵,34,0.01791 ,
8299,揹,33,0.01738 ,
8300,逬,33,0.01738 ,
8301,痺,33,0.01738 ,
8302,廍,33,0.01738 ,
8303,偲,33,0.01738 ,
8304,冊,33,0.01738 ,
8305,瞝,33,0.01738 ,
8306,垯,33,0.01738 ,
8307,禘,33,0.01738 ,
8308,訶,33,0.01738 ,
8309,鹖,33,0.01738 ,
8310,靬,33,0.01738 ,
8311,谫,33,0.01738 ,
8312,檢,33,0.01738 ,
8313,倞,33,0.01738 ,
8314,胩,33,0.01738 ,
8315,窺,33,0.01738 ,
8316,罍,33,0.01738 ,
8317,钔,33,0.01738 ,
8318,嬝,33,0.01738 ,
8319,朅,33,0.01738 ,
8320,騷,33,0.01738 ,
8321,騊,33,0.01738 ,
8322,蓰,33,0.01738 ,
8323,妶,33,0.01738 ,
8324,挾,33,0.01738 ,
8325,訏,33,0.01738 ,
8326,曵,33,0.01738 ,
8327,絪,33,0.01738 ,
8328,嬰,33,0.01738 ,
8329,運,33,0.01738 ,
8330,臢,33,0.01738 ,
8331,迮,33,0.01738 ,
8332,晣,33,0.01738 ,
8333,鎮,33,0.01738 ,
8334,苧,33,0.01738 ,
8335,雸,32,0.01686 ,
8336,犮,32,0.01686 ,
8337,飽,32,0.01686 ,
8338,誧,32,0.01686 ,
8339,耖,32,0.01686 ,
8340,鶉,32,0.01686 ,
8341,溚,32,0.01686 ,
8342,鵝,32,0.01686 ,
8343,羮,32,0.01686 ,
8344,峠,32,0.01686 ,
8345,潅,32,0.01686 ,
8346,賀,32,0.01686 ,
8347,穫,32,0.01686 ,
8348,唊,32,0.01686 ,
8349,踺,32,0.01686 ,
8350,濺,32,0.01686 ,
8351,凥,32,0.01686 ,
8352,跼,32,0.01686 ,
8353,齡,32,0.01686 ,
8354,瑪,32,0.01686 ,
8355,嚜,32,0.01686 ,
8356,暪,32,0.01686 ,
8357,椠,32,0.01686 ,
8358,碃,32,0.01686 ,
8359,驅,32,0.01686 ,
8360,諡,32,0.01686 ,
8361,纟,32,0.01686 ,
8362,嗢,32,0.01686 ,
8363,鳼,32,0.01686 ,
8364,窩,32,0.01686 ,
8365,嗚,32,0.01686 ,
8366,卨,32,0.01686 ,
8367,衒,32,0.01686 ,
8368,簃,32,0.01686 ,
8369,瑩,32,0.01686 ,
8370,炤,32,0.01686 ,
8371,夂,32,0.01686 ,
8372,廒,31,0.01633 ,
8373,襜,31,0.01633 ,
8374,脣,31,0.01633 ,
8375,竄,31,0.01633 ,
8376,亸,31,0.01633 ,
8377,訪,31,0.01633 ,
8378,刧,31,0.01633 ,
8379,褧,31,0.01633 ,
8380,廇,31,0.01633 ,
8381,嘍,31,0.01633 ,
8382,璷,31,0.01633 ,
8383,葎,31,0.01633 ,
8384,宀,31,0.01633 ,
8385,譜,31,0.01633 ,
8386,殼,31,0.01633 ,
8387,豎,31,0.01633 ,
8388,脽,31,0.01633 ,
8389,絃,31,0.01633 ,
8390,洐,31,0.01633 ,
8391,詢,31,0.01633 ,
8392,嫕,31,0.01633 ,
8393,挓,31,0.01633 ,
8394,朘,31,0.01633 ,
8395,錶,30,0.01580 ,
8396,併,30,0.01580 ,
8397,侘,30,0.01580 ,
8398,赪,30,0.01580 ,
8399,齒,30,0.01580 ,
8400,吜,30,0.01580 ,
8401,儲,30,0.01580 ,
8402,啲,30,0.01580 ,
8403,睪,30,0.01580 ,
8404,餬,30,0.01580 ,
8405,耞,30,0.01580 ,
8406,蓳,30,0.01580 ,
8407,閰,30,0.01580 ,
8408,氪,30,0.01580 ,
8409,霊,30,0.01580 ,
8410,鬘,30,0.01580 ,
8411,娒,30,0.01580 ,
8412,聍,30,0.01580 ,
8413,榀,30,0.01580 ,
8414,攵,30,0.01580 ,
8415,渏,30,0.01580 ,
8416,鰭,30,0.01580 ,
8417,鹙,30,0.01580 ,
8418,赇,30,0.01580 ,
8419,屻,30,0.01580 ,
8420,涁,30,0.01580 ,
8421,繩,30,0.01580 ,
8422,攤,30,0.01580 ,
8423,惔,30,0.01580 ,
8424,藫,30,0.01580 ,
8425,醣,30,0.01580 ,
8426,駼,30,0.01580 ,
8427,亹,30,0.01580 ,
8428,氙,30,0.01580 ,
8429,鴞,30,0.01580 ,
8430,軒,30,0.01580 ,
8431,泶,30,0.01580 ,
8432,珜,30,0.01580 ,
8433,癢,30,0.01580 ,
8434,衤,30,0.01580 ,
8435,褕,30,0.01580 ,
8436,誅,30,0.01580 ,
8437,築,30,0.01580 ,
8438,辯,29,0.01528 ,
8439,彆,29,0.01528 ,
8440,猹,29,0.01528 ,
8441,踆,29,0.01528 ,
8442,撘,29,0.01528 ,
8443,蛁,29,0.01528 ,
8444,褍,29,0.01528 ,
8445,篚,29,0.01528 ,
8446,牿,29,0.01528 ,
8447,龜,29,0.01528 ,
8448,斝,29,0.01528 ,
8449,減,29,0.01528 ,
8450,溍,29,0.01528 ,
8451,磡,29,0.01528 ,
8452,擓,29,0.01528 ,
8453,寛,29,0.01528 ,
8454,骙,29,0.01528 ,
8455,癩,29,0.01528 ,
8456,籙,29,0.01528 ,
8457,嚒,29,0.01528 ,
8458,暱,29,0.01528 ,
8459,噽,29,0.01528 ,
8460,丿,29,0.01528 ,
8461,慶,29,0.01528 ,
8462,渋,29,0.01528 ,
8463,埏,29,0.01528 ,
8464,螦,29,0.01528 ,
8465,燙,29,0.01528 ,
8466,遆,29,0.01528 ,
8467,盷,29,0.01528 ,
8468,袥,29,0.01528 ,
8469,窊,29,0.01528 ,
8470,珦,29,0.01528 ,
8471,鯹,29,0.01528 ,
8472,頁,29,0.01528 ,
8473,裀,29,0.01528 ,
8474,閱,29,0.01528 ,
8475,皽,29,0.01528 ,
8476,貞,29,0.01528 ,
8477,証,29,0.01528 ,
8478,玚,28,0.01475 ,
8479,馳,28,0.01475 ,
8480,焠,28,0.01475 ,
8481,楓,28,0.01475 ,
8482,镓,28,0.01475 ,
8483,憍,28,0.01475 ,
8484,燋,28,0.01475 ,
8485,珓,28,0.01475 ,
8486,糾,28,0.01475 ,
8487,锎,28,0.01475 ,
8488,哴,28,0.01475 ,
8489,鱗,28,0.01475 ,
8490,摟,28,0.01475 ,
8491,茻,28,0.01475 ,
8492,納,28,0.01475 ,
8493,評,28,0.01475 ,
8494,頗,28,0.01475 ,
8495,蹡,28,0.01475 ,
8496,攝,28,0.01475 ,
8497,褆,28,0.01475 ,
8498,爍,28,0.01475 ,
8499,癎,28,0.01475 ,
8500,舣,28,0.01475 ,
8501,鬱,28,0.01475 ,
8502,卆,28,0.01475 ,
8503,皕,27,0.01422 ,
8504,礤,27,0.01422 ,
8505,蹅,27,0.01422 ,
8506,鼌,27,0.01422 ,
8507,崈,27,0.01422 ,
8508,黨,27,0.01422 ,
8509,妸,27,0.01422 ,
8510,峊,27,0.01422 ,
8511,賦,27,0.01422 ,
8512,縛,27,0.01422 ,
8513,蹐,27,0.01422 ,
8514,筊,27,0.01422 ,
8515,荊,27,0.01422 ,
8516,倶,27,0.01422 ,
8517,巈,27,0.01422 ,
8518,悾,27,0.01422 ,
8519,裈,27,0.01422 ,
8520,鑨,27,0.01422 ,
8521,祿,27,0.01422 ,
8522,仫,27,0.01422 ,
8523,溼,27,0.01422 ,
8524,蝕,27,0.01422 ,
8525,栻,27,0.01422 ,
8526,樋,27,0.01422 ,
8527,鼷,27,0.01422 ,
8528,蓆,27,0.01422 ,
8529,覤,27,0.01422 ,
8530,謔,27,0.01422 ,
8531,枒,27,0.01422 ,
8532,偊,27,0.01422 ,
8533,痄,27,0.01422 ,
8534,顓,27,0.01422 ,
8535,揝,27,0.01422 ,
8536,抃,26,0.01370 ,
8537,咇,26,0.01370 ,
8538,螬,26,0.01370 ,
8539,趎,26,0.01370 ,
8540,疍,26,0.01370 ,
8541,巔,26,0.01370 ,
8542,訂,26,0.01370 ,
8543,敚,26,0.01370 ,
8544,朏,26,0.01370 ,
8545,菓,26,0.01370 ,
8546,馃,26,0.01370 ,
8547,鞃,26,0.01370 ,
8548,怳,26,0.01370 ,
8549,姞,26,0.01370 ,
8550,漈,26,0.01370 ,
8551,競,26,0.01370 ,
8552,鏮,26,0.01370 ,
8553,榼,26,0.01370 ,
8554,鳢,26,0.01370 ,
8555,唡,26,0.01370 ,
8556,礟,26,0.01370 ,
8557,毘,26,0.01370 ,
8558,顠,26,0.01370 ,
8559,攴,26,0.01370 ,
8560,矝,26,0.01370 ,
8561,濪,26,0.01370 ,
8562,饒,26,0.01370 ,
8563,掻,26,0.01370 ,
8564,頑,26,0.01370 ,
8565,頠,26,0.01370 ,
8566,搵,26,0.01370 ,
8567,焮,26,0.01370 ,
8568,燻,26,0.01370 ,
8569,纁,26,0.01370 ,
8570,艷,26,0.01370 ,
8571,杙,26,0.01370 ,
8572,鳙,26,0.01370 ,
8573,愑,26,0.01370 ,
8574,颭,26,0.01370 ,
8575,偡,26,0.01370 ,
8576,扙,26,0.01370 ,
8577,週,26,0.01370 ,
8578,砫,26,0.01370 ,
8579,鐲,26,0.01370 ,
8580,繤,26,0.01370 ,
8581,菴,25,0.01317 ,
8582,爊,25,0.01317 ,
8583,艸,25,0.01317 ,
8584,瀍,25,0.01317 ,
8585,償,25,0.01317 ,
8586,鈔,25,0.01317 ,
8587,櫈,25,0.01317 ,
8588,蝀,25,0.01317 ,
8589,镦,25,0.01317 ,
8590,羵,25,0.01317 ,
8591,諷,25,0.01317 ,
8592,匄,25,0.01317 ,
8593,洸,25,0.01317 ,
8594,蓕,25,0.01317 ,
8595,鍋,25,0.01317 ,
8596,撖,25,0.01317 ,
8597,镮,25,0.01317 ,
8598,頰,25,0.01317 ,
8599,耩,25,0.01317 ,
8600,洚,25,0.01317 ,
8601,拠,25,0.01317 ,
8602,畯,25,0.01317 ,
8603,犺,25,0.01317 ,
8604,嵙,25,0.01317 ,
8605,硁,25,0.01317 ,
8606,铑,25,0.01317 ,
8607,瞵,25,0.01317 ,
8608,菻,25,0.01317 ,
8609,鬽,25,0.01317 ,
8610,蒳,25,0.01317 ,
8611,闢,25,0.01317 ,
8612,鸊,25,0.01317 ,
8613,螵,25,0.01317 ,
8614,頻,25,0.01317 ,
8615,葜,25,0.01317 ,
8616,麹,25,0.01317 ,
8617,膄,25,0.01317 ,
8618,帨,25,0.01317 ,
8619,稅,25,0.01317 ,
8620,壇,25,0.01317 ,
8621,撢,25,0.01317 ,
8622,鷉,25,0.01317 ,
8623,磌,25,0.01317 ,
8624,聼,25,0.01317 ,
8625,塗,25,0.01317 ,
8626,尪,25,0.01317 ,
8627,濊,25,0.01317 ,
8628,斅,25,0.01317 ,
8629,噓,25,0.01317 ,
8630,藚,25,0.01317 ,
8631,愝,25,0.01317 ,
8632,儼,25,0.01317 ,
8633,钇,25,0.01317 ,
8634,億,25,0.01317 ,
8635,麀,25,0.01317 ,
8636,懮,25,0.01317 ,
8637,嶽,25,0.01317 ,
8638,綻,25,0.01317 ,
8639,眞,25,0.01317 ,
8640,迍,25,0.01317 ,
8641,蔔,24,0.01264 ,
8642,雛,24,0.01264 ,
8643,娖,24,0.01264 ,
8644,誕,24,0.01264 ,
8645,唗,24,0.01264 ,
8646,荳,24,0.01264 ,
8647,鞥,24,0.01264 ,
8648,汎,24,0.01264 ,
8649,鈇,24,0.01264 ,
8650,鋼,24,0.01264 ,
8651,購,24,0.01264 ,
8652,闔,24,0.01264 ,
8653,鉷,24,0.01264 ,
8654,魟,24,0.01264 ,
8655,匯,24,0.01264 ,
8656,璾,24,0.01264 ,
8657,楗,24,0.01264 ,
8658,圧,24,0.01264 ,
8659,誇,24,0.01264 ,
8660,鏈,24,0.01264 ,
8661,瞜,24,0.01264 ,
8662,呂,24,0.01264 ,
8663,镎,24,0.01264 ,
8664,挷,24,0.01264 ,
8665,捊,24,0.01264 ,
8666,奷,24,0.01264 ,
8667,籤,24,0.01264 ,
8668,囷,24,0.01264 ,
8669,澀,24,0.01264 ,
8670,曬,24,0.01264 ,
8671,钐,24,0.01264 ,
8672,熌,24,0.01264 ,
8673,贳,24,0.01264 ,
8674,竢,24,0.01264 ,
8675,飼,24,0.01264 ,
8676,筭,24,0.01264 ,
8677,媧,24,0.01264 ,
8678,杇,24,0.01264 ,
8679,狹,24,0.01264 ,
8680,鸺,24,0.01264 ,
8681,歘,24,0.01264 ,
8682,廴,24,0.01264 ,
8683,澭,24,0.01264 ,
8684,矞,24,0.01264 ,
8685,璪,24,0.01264 ,
8686,嘖,24,0.01264 ,
8687,偵,24,0.01264 ,
8688,媜,24,0.01264 ,
8689,蹱,24,0.01264 ,
8690,芧,24,0.01264 ,
8691,凖,24,0.01264 ,
8692,盦,23,0.01212 ,
8693,貝,23,0.01212 ,
8694,醭,23,0.01212 ,
8695,腸,23,0.01212 ,
8696,漼,23,0.01212 ,
8697,鱽,23,0.01212 ,
8698,疊,23,0.01212 ,
8699,誐,23,0.01212 ,
8700,阨,23,0.01212 ,
8701,輔,23,0.01212 ,
8702,吿,23,0.01212 ,
8703,閣,23,0.01212 ,
8704,袞,23,0.01212 ,
8705,濄,23,0.01212 ,
8706,囍,23,0.01212 ,
8707,嚿,23,0.01212 ,
8708,禝,23,0.01212 ,
8709,蔣,23,0.01212 ,
8710,驕,23,0.01212 ,
8711,轎,23,0.01212 ,
8712,侷,23,0.01212 ,
8713,芵,23,0.01212 ,
8714,蟸,23,0.01212 ,
8715,砢,23,0.01212 ,
8716,曪,23,0.01212 ,
8717,絡,23,0.01212 ,
8718,邁,23,0.01212 ,
8719,禖,23,0.01212 ,
8720,曚,23,0.01212 ,
8721,挐,23,0.01212 ,
8722,萳,23,0.01212 ,
8723,擬,23,0.01212 ,
8724,囓,23,0.01212 ,
8725,潑,23,0.01212 ,
8726,謙,23,0.01212 ,
8727,竊,23,0.01212 ,
8728,胠,23,0.01212 ,
8729,審,23,0.01212 ,
8730,筍,23,0.01212 ,
8731,橝,23,0.01212 ,
8732,醰,23,0.01212 ,
8733,镋,23,0.01212 ,
8734,朣,23,0.01212 ,
8735,涴,23,0.01212 ,
8736,晼,23,0.01212 ,
8737,偽,23,0.01212 ,
8738,翾,23,0.01212 ,
8739,壄,23,0.01212 ,
8740,瘖,23,0.01212 ,
8741,灜,23,0.01212 ,
8742,郵,23,0.01212 ,
8743,畬,23,0.01212 ,
8744,骣,23,0.01212 ,
8745,辀,23,0.01212 ,
8746,甃,23,0.01212 ,
8747,僎,23,0.01212 ,
8748,絔,22,0.01159 ,
8749,鹎,22,0.01159 ,
8750,揙,22,0.01159 ,
8751,昞,22,0.01159 ,
8752,裯,22,0.01159 ,
8753,搗,22,0.01159 ,
8754,嶋,22,0.01159 ,
8755,顛,22,0.01159 ,
8756,哋,22,0.01159 ,
8757,棟,22,0.01159 ,
8758,耑,22,0.01159 ,
8759,擱,22,0.01159 ,
8760,槻,22,0.01159 ,
8761,軌,22,0.01159 ,
8762,囯,22,0.01159 ,
8763,嚆,22,0.01159 ,
8764,彙,22,0.01159 ,
8765,耠,22,0.01159 ,
8766,劐,22,0.01159 ,
8767,濩,22,0.01159 ,
8768,癨,22,0.01159 ,
8769,敧,22,0.01159 ,
8770,泂,22,0.01159 ,
8771,摎,22,0.01159 ,
8772,犋,22,0.01159 ,
8773,麕,22,0.01159 ,
8774,狜,22,0.01159 ,
8775,窾,22,0.01159 ,
8776,矌,22,0.01159 ,
8777,镴,22,0.01159 ,
8778,鳓,22,0.01159 ,
8779,蔹,22,0.01159 ,
8780,泙,22,0.01159 ,
8781,舖,22,0.01159 ,
8782,宆,22,0.01159 ,
8783,瀼,22,0.01159 ,
8784,込,22,0.01159 ,
8785,篛,22,0.01159 ,
8786,蘇,22,0.01159 ,
8787,鹔,22,0.01159 ,
8788,擡,22,0.01159 ,
8789,菼,22,0.01159 ,
8790,搯,22,0.01159 ,
8791,筳,22,0.01159 ,
8792,眮,22,0.01159 ,
8793,腽,22,0.01159 ,
8794,碨,22,0.01159 ,
8795,儛,22,0.01159 ,
8796,栒,22,0.01159 ,
8797,掞,22,0.01159 ,
8798,鴦,22,0.01159 ,
8799,倻,22,0.01159 ,
8800,蛦,22,0.01159 ,
8801,泆,22,0.01159 ,
8802,鹢,22,0.01159 ,
8803,鄘,22,0.01159 ,
8804,雝,22,0.01159 ,
8805,賊,22,0.01159 ,
8806,戦,22,0.01159 ,
8807,滯,22,0.01159 ,
8808,膣,22,0.01159 ,
8809,镃,22,0.01159 ,
8810,攽,21,0.01106 ,
8811,邉,21,0.01106 ,
8812,憯,21,0.01106 ,
8813,滄,21,0.01106 ,
8814,艙,21,0.01106 ,
8815,勅,21,0.01106 ,
8816,噇,21,0.01106 ,
8817,蔥,21,0.01106 ,
8818,尓,21,0.01106 ,
8819,澴,21,0.01106 ,
8820,喤,21,0.01106 ,
8821,績,21,0.01106 ,
8822,脥,21,0.01106 ,
8823,経,21,0.01106 ,
8824,朧,21,0.01106 ,
8825,靇,21,0.01106 ,
8826,駡,21,0.01106 ,
8827,朒,21,0.01106 ,
8828,鞶,21,0.01106 ,
8829,髈,21,0.01106 ,
8830,浿,21,0.01106 ,
8831,抷,21,0.01106 ,
8832,闋,21,0.01106 ,
8833,眘,21,0.01106 ,
8834,瞍,21,0.01106 ,
8835,穌,21,0.01106 ,
8836,餗,21,0.01106 ,
8837,譚,21,0.01106 ,
8838,饀,21,0.01106 ,
8839,萜,21,0.01106 ,
8840,誔,21,0.01106 ,
8841,銅,21,0.01106 ,
8842,賢,21,0.01106 ,
8843,銷,21,0.01106 ,
8844,噷,21,0.01106 ,
8845,婞,21,0.01106 ,
8846,洶,21,0.01106 ,
8847,鸴,21,0.01106 ,
8848,鐚,21,0.01106 ,
8849,巘,21,0.01106 ,
8850,鑰,21,0.01106 ,
8851,鄴,21,0.01106 ,
8852,吚,21,0.01106 ,
8853,隠,21,0.01106 ,
8854,怮,21,0.01106 ,
8855,譽,21,0.01106 ,
8856,軏,21,0.01106 ,
8857,抜,20,0.01054 ,
8858,舭,20,0.01054 ,
8859,斃,20,0.01054 ,
8860,飊,20,0.01054 ,
8861,馎,20,0.01054 ,
8862,偁,20,0.01054 ,
8863,踧,20,0.01054 ,
8864,躭,20,0.01054 ,
8865,淂,20,0.01054 ,
8866,撴,20,0.01054 ,
8867,遯,20,0.01054 ,
8868,钆,20,0.01054 ,
8869,葔,20,0.01054 ,
8870,謊,20,0.01054 ,
8871,漷,20,0.01054 ,
8872,瘕,20,0.01054 ,
8873,橿,20,0.01054 ,
8874,訣,20,0.01054 ,
8875,釦,20,0.01054 ,
8876,曠,20,0.01054 ,
8877,裩,20,0.01054 ,
8878,稂,20,0.01054 ,
8879,睖,20,0.01054 ,
8880,麥,20,0.01054 ,
8881,厖,20,0.01054 ,
8882,羃,20,0.01054 ,
8883,煵,20,0.01054 ,
8884,摰,20,0.01054 ,
8885,侫,20,0.01054 ,
8886,柈,20,0.01054 ,
8887,鈚,20,0.01054 ,
8888,噐,20,0.01054 ,
8889,杄,20,0.01054 ,
8890,嗛,20,0.01054 ,
8891,覷,20,0.01054 ,
8892,刄,20,0.01054 ,
8893,蒻,20,0.01054 ,
8894,脎,20,0.01054 ,
8895,鰣,20,0.01054 ,
8896,丗,20,0.01054 ,
8897,蒐,20,0.01054 ,
8898,灘,20,0.01054 ,
8899,餂,20,0.01054 ,
8900,朓,20,0.01054 ,
8901,魋,20,0.01054 ,
8902,饦,20,0.01054 ,
8903,窪,20,0.01054 ,
8904,渦,20,0.01054 ,
8905,盻,20,0.01054 ,
8906,陜,20,0.01054 ,
8907,纖,20,0.01054 ,
8908,鹹,20,0.01054 ,
8909,啞,20,0.01054 ,
8910,靨,20,0.01054 ,
8911,宧,20,0.01054 ,
8912,轅,20,0.01054 ,
8913,慍,20,0.01054 ,
8914,債,20,0.01054 ,
8915,漲,20,0.01054 ,
8916,鄭,20,0.01054 ,
8917,鐏,20,0.01054 ,
8918,薆,19,0.01001 ,
8919,奡,19,0.01001 ,
8920,沘,19,0.01001 ,
8921,嗶,19,0.01001 ,
8922,侼,19,0.01001 ,
8923,噠,19,0.01001 ,
8924,耵,19,0.01001 ,
8925,靪,19,0.01001 ,
8926,胐,19,0.01001 ,
8927,糞,19,0.01001 ,
8928,綱,19,0.01001 ,
8929,雚,19,0.01001 ,
8930,鬹,19,0.01001 ,
8931,駭,19,0.01001 ,
8932,艱,19,0.01001 ,
8933,瀞,19,0.01001 ,
8934,懇,19,0.01001 ,
8935,楛,19,0.01001 ,
8936,膦,19,0.01001 ,
8937,矓,19,0.01001 ,
8938,僇,19,0.01001 ,
8939,巒,19,0.01001 ,
8940,镅,19,0.01001 ,
8941,祙,19,0.01001 ,
8942,皏,19,0.01001 ,
8943,豈,19,0.01001 ,
8944,棬,19,0.01001 ,
8945,隢,19,0.01001 ,
8946,壽,19,0.01001 ,
8947,樉,19,0.01001 ,
8948,舑,19,0.01001 ,
8949,癱,19,0.01001 ,
8950,縢,19,0.01001 ,
8951,渟,19,0.01001 ,
8952,禿,19,0.01001 ,
8953,稌,19,0.01001 ,
8954,剬,19,0.01001 ,
8955,滃,19,0.01001 ,
8956,娭,19,0.01001 ,
8957,粞,19,0.01001 ,
8958,潝,19,0.01001 ,
8959,効,19,0.01001 ,
8960,屭,19,0.01001 ,
8961,廞,19,0.01001 ,
8962,嬿,19,0.01001 ,
8963,咉,19,0.01001 ,
8964,殽,19,0.01001 ,
8965,螢,19,0.01001 ,
8966,暎,19,0.01001 ,
8967,緼,19,0.01001 ,
8968,韻,19,0.01001 ,
8969,膪,19,0.01001 ,
8970,徴,19,0.01001 ,
8971,晸,19,0.01001 ,
8972,扺,19,0.01001 ,
8973,驟,19,0.01001 ,
8974,玆,19,0.01001 ,
8975,掫,19,0.01001 ,
8976,憊,18,0.00948 ,
8977,珌,18,0.00948 ,
8978,疪,18,0.00948 ,
8979,缏,18,0.00948 ,
8980,蠙,18,0.00948 ,
8981,砵,18,0.00948 ,
8982,蔀,18,0.00948 ,
8983,燦,18,0.00948 ,
8984,鸧,18,0.00948 ,
8985,襯,18,0.00948 ,
8986,遫,18,0.00948 ,
8987,寵,18,0.00948 ,
8988,慒,18,0.00948 ,
8989,篴,18,0.00948 ,
8990,鮗,18,0.00948 ,
8991,篤,18,0.00948 ,
8992,囮,18,0.00948 ,
8993,筦,18,0.00948 ,
8994,暤,18,0.00948 ,
8995,頀,18,0.00948 ,
8996,擭,18,0.00948 ,
8997,虀,18,0.00948 ,
8998,巜,18,0.00948 ,
8999,擴,18,0.00948 ,
9000,攔,18,0.00948 ,
9001,咾,18,0.00948 ,
9002,癃,18,0.00948 ,
9003,嚨,18,0.00948 ,
9004,躘,18,0.00948 ,
9005,嬤,18,0.00948 ,
9006,獰,18,0.00948 ,
9007,鈕,18,0.00948 ,
9008,柸,18,0.00948 ,
9009,軿,18,0.00948 ,
9010,酺,18,0.00948 ,
9011,贌,18,0.00948 ,
9012,嗆,18,0.00948 ,
9013,碻,18,0.00948 ,
9014,虇,18,0.00948 ,
9015,宭,18,0.00948 ,
9016,騒,18,0.00948 ,
9017,袑,18,0.00948 ,
9018,侁,18,0.00948 ,
9019,摗,18,0.00948 ,
9020,逷,18,0.00948 ,
9021,坉,18,0.00948 ,
9022,鮀,18,0.00948 ,
9023,吳,18,0.00948 ,
9024,縣,18,0.00948 ,
9025,呴,18,0.00948 ,
9026,醑,18,0.00948 ,
9027,昫,18,0.00948 ,
9028,醃,18,0.00948 ,
9029,魘,18,0.00948 ,
9030,祅,18,0.00948 ,
9031,洢,18,0.00948 ,
9032,铟,18,0.00948 ,
9033,迶,18,0.00948 ,
9034,漁,18,0.00948 ,
9035,黦,18,0.00948 ,
9036,煴,18,0.00948 ,
9037,栆,18,0.00948 ,
9038,邅,18,0.00948 ,
9039,铚,18,0.00948 ,
9040,柷,18,0.00948 ,
9041,疰,18,0.00948 ,
9042,瑑,18,0.00948 ,
9043,葊,17,0.00896 ,
9044,磝,17,0.00896 ,
9045,豝,17,0.00896 ,
9046,剝,17,0.00896 ,
9047,狽,17,0.00896 ,
9048,鏰,17,0.00896 ,
9049,皀,17,0.00896 ,
9050,変,17,0.00896 ,
9051,辮,17,0.00896 ,
9052,鏢,17,0.00896 ,
9053,餅,17,0.00896 ,
9054,棌,17,0.00896 ,
9055,剷,17,0.00896 ,
9056,敊,17,0.00896 ,
9057,倕,17,0.00896 ,
9058,鬴,17,0.00896 ,
9059,筸,17,0.00896 ,
9060,僱,17,0.00896 ,
9061,鞎,17,0.00896 ,
9062,恗,17,0.00896 ,
9063,嘩,17,0.00896 ,
9064,檓,17,0.00896 ,
9065,鑯,17,0.00896 ,
9066,暕,17,0.00896 ,
9067,屆,17,0.00896 ,
9068,搢,17,0.00896 ,
9069,韮,17,0.00896 ,
9070,踘,17,0.00896 ,
9071,蠟,17,0.00896 ,
9072,漤,17,0.00896 ,
9073,蜋,17,0.00896 ,
9074,耢,17,0.00896 ,
9075,瓃,17,0.00896 ,
9076,藟,17,0.00896 ,
9077,褵,17,0.00896 ,
9078,槤,17,0.00896 ,
9079,鰡,17,0.00896 ,
9080,竜,17,0.00896 ,
9081,瓏,17,0.00896 ,
9082,嚧,17,0.00896 ,
9083,鹵,17,0.00896 ,
9084,昩,17,0.00896 ,
9085,毣,17,0.00896 ,
9086,倷,17,0.00896 ,
9087,湳,17,0.00896 ,
9088,铌,17,0.00896 ,
9089,釀,17,0.00896 ,
9090,瓫,17,0.00896 ,
9091,喯,17,0.00896 ,
9092,憵,17,0.00896 ,
9093,啓,17,0.00896 ,
9094,兛,17,0.00896 ,
9095,硚,17,0.00896 ,
9096,靑,17,0.00896 ,
9097,臞,17,0.00896 ,
9098,絨,17,0.00896 ,
9099,鎔,17,0.00896 ,
9100,鬺,17,0.00896 ,
9101,儵,17,0.00896 ,
9102,璹,17,0.00896 ,
9103,繐,17,0.00896 ,
9104,咷,17,0.00896 ,
9105,屜,17,0.00896 ,
9106,涶,17,0.00896 ,
9107,嫵,17,0.00896 ,
9108,唌,17,0.00896 ,
9109,挦,17,0.00896 ,
9110,嘨,17,0.00896 ,
9111,遜,17,0.00896 ,
9112,瑤,17,0.00896 ,
9113,耰,17,0.00896 ,
9114,扜,17,0.00896 ,
9115,寃,17,0.00896 ,
9116,杬,17,0.00896 ,
9117,抯,17,0.00896 ,
9118,趙,17,0.00896 ,
9119,鬒,17,0.00896 ,
9120,鈡,17,0.00896 ,
9121,鰲,16,0.00843 ,
9122,栢,16,0.00843 ,
9123,鰏,16,0.00843 ,
9124,觱,16,0.00843 ,
9125,碥,16,0.00843 ,
9126,駁,16,0.00843 ,
9127,愖,16,0.00843 ,
9128,挰,16,0.00843 ,
9129,錞,16,0.00843 ,
9130,玼,16,0.00843 ,
9131,镩,16,0.00843 ,
9132,礑,16,0.00843 ,
9133,觝,16,0.00843 ,
9134,绖,16,0.00843 ,
9135,緞,16,0.00843 ,
9136,箙,16,0.00843 ,
9137,簠,16,0.00843 ,
9138,乢,16,0.00843 ,
9139,搆,16,0.00843 ,
9140,頷,16,0.00843 ,
9141,狢,16,0.00843 ,
9142,鰉,16,0.00843 ,
9143,宊,16,0.00843 ,
9144,藠,16,0.00843 ,
9145,岕,16,0.00843 ,
9146,燼,16,0.00843 ,
9147,莖,16,0.00843 ,
9148,豤,16,0.00843 ,
9149,鲙,16,0.00843 ,
9150,儈,16,0.00843 ,
9151,欵,16,0.00843 ,
9152,籟,16,0.00843 ,
9153,蘿,16,0.00843 ,
9154,犖,16,0.00843 ,
9155,蔴,16,0.00843 ,
9156,莾,16,0.00843 ,
9157,眫,16,0.00843 ,
9158,矈,16,0.00843 ,
9159,麑,16,0.00843 ,
9160,襛,16,0.00843 ,
9161,汸,16,0.00843 ,
9162,賠,16,0.00843 ,
9163,慽,16,0.00843 ,
9164,臍,16,0.00843 ,
9165,蹺,16,0.00843 ,
9166,睄,16,0.00843 ,
9167,坵,16,0.00843 ,
9168,擩,16,0.00843 ,
9169,揌,16,0.00843 ,
9170,羶,16,0.00843 ,
9171,脤,16,0.00843 ,
9172,涭,16,0.00843 ,
9173,簑,16,0.00843 ,
9174,渧,16,0.00843 ,
9175,殢,16,0.00843 ,
9176,鉄,16,0.00843 ,
9177,筩,16,0.00843 ,
9178,妧,16,0.00843 ,
9179,葦,16,0.00843 ,
9180,呉,16,0.00843 ,
9181,旿,16,0.00843 ,
9182,晛,16,0.00843 ,
9183,揳,16,0.00843 ,
9184,鬵,16,0.00843 ,
9185,茓,16,0.00843 ,
9186,焄,16,0.00843 ,
9187,鴳,16,0.00843 ,
9188,験,16,0.00843 ,
9189,謠,16,0.00843 ,
9190,滛,16,0.00843 ,
9191,霙,16,0.00843 ,
9192,嵎,16,0.00843 ,
9193,睮,16,0.00843 ,
9194,髃,16,0.00843 ,
9195,蓣,16,0.00843 ,
9196,籥,16,0.00843 ,
9197,勻,16,0.00843 ,
9198,簮,16,0.00843 ,
9199,曽,16,0.00843 ,
9200,劄,16,0.00843 ,
9201,栴,16,0.00843 ,
9202,衆,16,0.00843 ,
9203,鴸,16,0.00843 ,
9204,畷,16,0.00843 ,
9205,菝,15,0.00790 ,
9206,蝂,15,0.00790 ,
9207,鞆,15,0.00790 ,
9208,嵖,15,0.00790 ,
9209,怊,15,0.00790 ,
9210,熾,15,0.00790 ,
9211,錘,15,0.00790 ,
9212,蝽,15,0.00790 ,
9213,惙,15,0.00790 ,
9214,賨,15,0.00790 ,
9215,咑,15,0.00790 ,
9216,獃,15,0.00790 ,
9217,泹,15,0.00790 ,
9218,旳,15,0.00790 ,
9219,弔,15,0.00790 ,
9220,釘,15,0.00790 ,
9221,吪,15,0.00790 ,
9222,棐,15,0.00790 ,
9223,屝,15,0.00790 ,
9224,镄,15,0.00790 ,
9225,唝,15,0.00790 ,
9226,鉤,15,0.00790 ,
9227,苽,15,0.00790 ,
9228,枴,15,0.00790 ,
9229,豗,15,0.00790 ,
9230,踖,15,0.00790 ,
9231,榢,15,0.00790 ,
9232,捁,15,0.00790 ,
9233,鈌,15,0.00790 ,
9234,莙,15,0.00790 ,
9235,誙,15,0.00790 ,
9236,骻,15,0.00790 ,
9237,饋,15,0.00790 ,
9238,铼,15,0.00790 ,
9239,悢,15,0.00790 ,
9240,仂,15,0.00790 ,
9241,扐,15,0.00790 ,
9242,豊,15,0.00790 ,
9243,斂,15,0.00790 ,
9244,鄰,15,0.00790 ,
9245,稟,15,0.00790 ,
9246,舲,15,0.00790 ,
9247,嶺,15,0.00790 ,
9248,籠,15,0.00790 ,
9249,縷,15,0.00790 ,
9250,鸁,15,0.00790 ,
9251,鄚,15,0.00790 ,
9252,黴,15,0.00790 ,
9253,渼,15,0.00790 ,
9254,蜺,15,0.00790 ,
9255,鞰,15,0.00790 ,
9256,磞,15,0.00790 ,
9257,憇,15,0.00790 ,
9258,愜,15,0.00790 ,
9259,庼,15,0.00790 ,
9260,麯,15,0.00790 ,
9261,嗮,15,0.00790 ,
9262,笹,15,0.00790 ,
9263,氺,15,0.00790 ,
9264,碩,15,0.00790 ,
9265,耥,15,0.00790 ,
9266,儯,15,0.00790 ,
9267,凃,15,0.00790 ,
9268,嗗,15,0.00790 ,
9269,瑋,15,0.00790 ,
9270,崄,15,0.00790 ,
9271,澥,15,0.00790 ,
9272,敘,15,0.00790 ,
9273,喓,15,0.00790 ,
9274,譯,15,0.00790 ,
9275,濙,15,0.00790 ,
9276,癕,15,0.00790 ,
9277,纋,15,0.00790 ,
9278,礜,15,0.00790 ,
9279,皁,15,0.00790 ,
9280,譟,15,0.00790 ,
9281,肈,15,0.00790 ,
9282,袗,15,0.00790 ,
9283,猙,15,0.00790 ,
9284,巵,15,0.00790 ,
9285,濁,15,0.00790 ,
9286,頒,14,0.00737 ,
9287,诐,14,0.00737 ,
9288,徧,14,0.00737 ,
9289,飆,14,0.00737 ,
9290,掤,14,0.00737 ,
9291,鲌,14,0.00737 ,
9292,蠶,14,0.00737 ,
9293,拺,14,0.00737 ,
9294,劖,14,0.00737 ,
9295,産,14,0.00737 ,
9296,箠,14,0.00737 ,
9297,輟,14,0.00737 ,
9298,瑳,14,0.00737 ,
9299,憚,14,0.00737 ,
9300,頔,14,0.00737 ,
9301,挕,14,0.00737 ,
9302,苳,14,0.00737 ,
9303,嬻,14,0.00737 ,
9304,蠧,14,0.00737 ,
9305,崿,14,0.00737 ,
9306,尃,14,0.00737 ,
9307,鞷,14,0.00737 ,
9308,堌,14,0.00737 ,
9309,唅,14,0.00737 ,
9310,澒,14,0.00737 ,
9311,鰗,14,0.00737 ,
9312,瓛,14,0.00737 ,
9313,癀,14,0.00737 ,
9314,姦,14,0.00737 ,
9315,洊,14,0.00737 ,
9316,晈,14,0.00737 ,
9317,牁,14,0.00737 ,
9318,硿,14,0.00737 ,
9319,焅,14,0.00737 ,
9320,嵐,14,0.00737 ,
9321,鵹,14,0.00737 ,
9322,灕,14,0.00737 ,
9323,飗,14,0.00737 ,
9324,侓,14,0.00737 ,
9325,盝,14,0.00737 ,
9326,鑾,14,0.00737 ,
9327,淪,14,0.00737 ,
9328,儸,14,0.00737 ,
9329,暋,14,0.00737 ,
9330,脲,14,0.00737 ,
9331,搫,14,0.00737 ,
9332,貧,14,0.00737 ,
9333,郱,14,0.00737 ,
9334,拑,14,0.00737 ,
9335,缲,14,0.00737 ,
9336,寑,14,0.00737 ,
9337,匤,14,0.00737 ,
9338,栣,14,0.00737 ,
9339,牣,14,0.00737 ,
9340,袵,14,0.00737 ,
9341,訕,14,0.00737 ,
9342,渻,14,0.00737 ,
9343,飔,14,0.00737 ,
9344,頌,14,0.00737 ,
9345,鲐,14,0.00737 ,
9346,慆,14,0.00737 ,
9347,鰧,14,0.00737 ,
9348,詑,14,0.00737 ,
9349,紈,14,0.00737 ,
9350,蟁,14,0.00737 ,
9351,犧,14,0.00737 ,
9352,蚿,14,0.00737 ,
9353,缐,14,0.00737 ,
9354,铏,14,0.00737 ,
9355,喣,14,0.00737 ,
9356,鴉,14,0.00737 ,
9357,酏,14,0.00737 ,
9358,癮,14,0.00737 ,
9359,楢,14,0.00737 ,
9360,滪,14,0.00737 ,
9361,淵,14,0.00737 ,
9362,蘊,14,0.00737 ,
9363,攢,14,0.00737 ,
9364,贈,14,0.00737 ,
9365,霅,14,0.00737 ,
9366,窋,14,0.00737 ,
9367,磚,14,0.00737 ,
9368,踨,14,0.00737 ,
9369,铇,13,0.00685 ,
9370,盃,13,0.00685 ,
9371,偪,13,0.00685 ,
9372,熛,13,0.00685 ,
9373,嚗,13,0.00685 ,
9374,吥,13,0.00685 ,
9375,綵,13,0.00685 ,
9376,禪,13,0.00685 ,
9377,宬,13,0.00685 ,
9378,礎,13,0.00685 ,
9379,墊,13,0.00685 ,
9380,壂,13,0.00685 ,
9381,釣,13,0.00685 ,
9382,妬,13,0.00685 ,
9383,陏,13,0.00685 ,
9384,柮,13,0.00685 ,
9385,枙,13,0.00685 ,
9386,墦,13,0.00685 ,
9387,鼢,13,0.00685 ,
9388,戤,13,0.00685 ,
9389,榦,13,0.00685 ,
9390,槓,13,0.00685 ,
9391,肐,13,0.00685 ,
9392,鈎,13,0.00685 ,
9393,袿,13,0.00685 ,
9394,巂,13,0.00685 ,
9395,韓,13,0.00685 ,
9396,翯,13,0.00685 ,
9397,戸,13,0.00685 ,
9398,懽,13,0.00685 ,
9399,讙,13,0.00685 ,
9400,穢,13,0.00685 ,
9401,惛,13,0.00685 ,
9402,羈,13,0.00685 ,
9403,済,13,0.00685 ,
9404,牋,13,0.00685 ,
9405,漿,13,0.00685 ,
9406,澆,13,0.00685 ,
9407,皦,13,0.00685 ,
9408,褯,13,0.00685 ,
9409,冂,13,0.00685 ,
9410,痀,13,0.00685 ,
9411,邭,13,0.00685 ,
9412,脧,13,0.00685 ,
9413,譎,13,0.00685 ,
9414,痾,13,0.00685 ,
9415,濫,13,0.00685 ,
9416,睸,13,0.00685 ,
9417,鳘,13,0.00685 ,
9418,婗,13,0.00685 ,
9419,輗,13,0.00685 ,
9420,楩,13,0.00685 ,
9421,樸,13,0.00685 ,
9422,竅,13,0.00685 ,
9423,勍,13,0.00685 ,
9424,恘,13,0.00685 ,
9425,嬬,13,0.00685 ,
9426,鱓,13,0.00685 ,
9427,煶,13,0.00685 ,
9428,凘,13,0.00685 ,
9429,亖,13,0.00685 ,
9430,娀,13,0.00685 ,
9431,鎲,13,0.00685 ,
9432,摥,13,0.00685 ,
9433,醄,13,0.00685 ,
9434,鳀,13,0.00685 ,
9435,涏,13,0.00685 ,
9436,赨,13,0.00685 ,
9437,蜼,13,0.00685 ,
9438,齆,13,0.00685 ,
9439,臒,13,0.00685 ,
9440,煕,13,0.00685 ,
9441,稧,13,0.00685 ,
9442,陿,13,0.00685 ,
9443,睍,13,0.00685 ,
9444,媟,13,0.00685 ,
9445,釁,13,0.00685 ,
9446,挜,13,0.00685 ,
9447,棪,13,0.00685 ,
9448,彥,13,0.00685 ,
9449,傜,13,0.00685 ,
9450,嶬,13,0.00685 ,
9451,禋,13,0.00685 ,
9452,慇,13,0.00685 ,
9453,嚚,13,0.00685 ,
9454,廕,13,0.00685 ,
9455,憗,13,0.00685 ,
9456,逌,13,0.00685 ,
9457,兪,13,0.00685 ,
9458,秗,13,0.00685 ,
9459,鸑,13,0.00685 ,
9460,慥,13,0.00685 ,
9461,簉,13,0.00685 ,
9462,矰,13,0.00685 ,
9463,氈,13,0.00685 ,
9464,脹,13,0.00685 ,
9465,蹠,13,0.00685 ,
9466,穉,13,0.00685 ,
9467,蠋,13,0.00685 ,
9468,粧,13,0.00685 ,
9469,樁,13,0.00685 ,
9470,綴,13,0.00685 ,
9471,啅,13,0.00685 ,
9472,滶,12,0.00632 ,
9473,茇,12,0.00632 ,
9474,袐,12,0.00632 ,
9475,嗏,12,0.00632 ,
9476,悵,12,0.00632 ,
9477,疢,12,0.00632 ,
9478,橕,12,0.00632 ,
9479,綢,12,0.00632 ,
9480,麄,12,0.00632 ,
9481,缞,12,0.00632 ,
9482,炟,12,0.00632 ,
9483,璫,12,0.00632 ,
9484,窎,12,0.00632 ,
9485,脰,12,0.00632 ,
9486,闍,12,0.00632 ,
9487,覩,12,0.00632 ,
9488,鍛,12,0.00632 ,
9489,軃,12,0.00632 ,
9490,毦,12,0.00632 ,
9491,発,12,0.00632 ,
9492,轓,12,0.00632 ,
9493,雰,12,0.00632 ,
9494,漧,12,0.00632 ,
9495,挌,12,0.00632 ,
9496,玽,12,0.00632 ,
9497,煹,12,0.00632 ,
9498,迒,12,0.00632 ,
9499,壺,12,0.00632 ,
9500,沍,12,0.00632 ,
9501,絙,12,0.00632 ,
9502,鐄,12,0.00632 ,
9503,膠,12,0.00632 ,
9504,誱,12,0.00632 ,
9505,兓,12,0.00632 ,
9506,慬,12,0.00632 ,
9507,鐻,12,0.00632 ,
9508,罥,12,0.00632 ,
9509,欬,12,0.00632 ,
9510,冦,12,0.00632 ,
9511,恇,12,0.00632 ,
9512,磈,12,0.00632 ,
9513,荖,12,0.00632 ,
9514,犂,12,0.00632 ,
9515,醨,12,0.00632 ,
9516,憀,12,0.00632 ,
9517,燐,12,0.00632 ,
9518,醁,12,0.00632 ,
9519,録,12,0.00632 ,
9520,礞,12,0.00632 ,
9521,緲,12,0.00632 ,
9522,銘,12,0.00632 ,
9523,驀,12,0.00632 ,
9524,獏,12,0.00632 ,
9525,侽,12,0.00632 ,
9526,臲,12,0.00632 ,
9527,幋,12,0.00632 ,
9528,姵,12,0.00632 ,
9529,骹,12,0.00632 ,
9530,唚,12,0.00632 ,
9531,趨,12,0.00632 ,
9532,碏,12,0.00632 ,
9533,髥,12,0.00632 ,
9534,勷,12,0.00632 ,
9535,磉,12,0.00632 ,
9536,飋,12,0.00632 ,
9537,硰,12,0.00632 ,
9538,滳,12,0.00632 ,
9539,瞫,12,0.00632 ,
9540,膆,12,0.00632 ,
9541,祘,12,0.00632 ,
9542,粋,12,0.00632 ,
9543,穂,12,0.00632 ,
9544,稊,12,0.00632 ,
9545,屇,12,0.00632 ,
9546,塆,12,0.00632 ,
9547,碔,12,0.00632 ,
9548,巇,12,0.00632 ,
9549,虩,12,0.00632 ,
9550,煆,12,0.00632 ,
9551,蝦,12,0.00632 ,
9552,梟,12,0.00632 ,
9553,綉,12,0.00632 ,
9554,魖,12,0.00632 ,
9555,碞,12,0.00632 ,
9556,曮,12,0.00632 ,
9557,贗,12,0.00632 ,
9558,繄,12,0.00632 ,
9559,酂,12,0.00632 ,
9560,増,12,0.00632 ,
9561,磳,12,0.00632 ,
9562,詐,12,0.00632 ,
9563,酙,12,0.00632 ,
9564,嫃,12,0.00632 ,
9565,锧,12,0.00632 ,
9566,腫,12,0.00632 ,
9567,囑,12,0.00632 ,
9568,眝,12,0.00632 ,
9569,絆,11,0.00579 ,
9570,褾,11,0.00579 ,
9571,徶,11,0.00579 ,
9572,嶓,11,0.00579 ,
9573,愽,11,0.00579 ,
9574,厠,11,0.00579 ,
9575,筴,11,0.00579 ,
9576,秅,11,0.00579 ,
9577,釵,11,0.00579 ,
9578,攙,11,0.00579 ,
9579,鋋,11,0.00579 ,
9580,儭,11,0.00579 ,
9581,歯,11,0.00579 ,
9582,珫,11,0.00579 ,
9583,鉏,11,0.00579 ,
9584,篨,11,0.00579 ,
9585,閦,11,0.00579 ,
9586,齪,11,0.00579 ,
9587,佽,11,0.00579 ,
9588,欉,11,0.00579 ,
9589,訑,11,0.00579 ,
9590,噉,11,0.00579 ,
9591,菿,11,0.00579 ,
9592,琱,11,0.00579 ,
9593,鯛,11,0.00579 ,
9594,魀,11,0.00579 ,
9595,崗,11,0.00579 ,
9596,廾,11,0.00579 ,
9597,闬,11,0.00579 ,
9598,淊,11,0.00579 ,
9599,秏,11,0.00579 ,
9600,滈,11,0.00579 ,
9601,郈,11,0.00579 ,
9602,睆,11,0.00579 ,
9603,鷬,11,0.00579 ,
9604,緝,11,0.00579 ,
9605,牮,11,0.00579 ,
9606,膙,11,0.00579 ,
9607,醬,11,0.00579 ,
9608,絞,11,0.00579 ,
9609,攪,11,0.00579 ,
9610,澽,11,0.00579 ,
9611,嵁,11,0.00579 ,
9612,姱,11,0.00579 ,
9613,蔾,11,0.00579 ,
9614,瑮,11,0.00579 ,
9615,曆,11,0.00579 ,
9616,漻,11,0.00579 ,
9617,繚,11,0.00579 ,
9618,狑,11,0.00579 ,
9619,癴,11,0.00579 ,
9620,覼,11,0.00579 ,
9621,駹,11,0.00579 ,
9622,毷,11,0.00579 ,
9623,緬,11,0.00579 ,
9624,繆,11,0.00579 ,
9625,擵,11,0.00579 ,
9626,薿,11,0.00579 ,
9627,哖,11,0.00579 ,
9628,糥,11,0.00579 ,
9629,嘔,11,0.00579 ,
9630,呠,11,0.00579 ,
9631,鵬,11,0.00579 ,
9632,哱,11,0.00579 ,
9633,堷,11,0.00579 ,
9634,僕,11,0.00579 ,
9635,镨,11,0.00579 ,
9636,帢,11,0.00579 ,
9637,趫,11,0.00579 ,
9638,帩,11,0.00579 ,
9639,鞧,11,0.00579 ,
9640,蘘,11,0.00579 ,
9641,壖,11,0.00579 ,
9642,刪,11,0.00579 ,
9643,蒒,11,0.00579 ,
9644,贖,11,0.00579 ,
9645,欶,11,0.00579 ,
9646,騃,11,0.00579 ,
9647,颼,11,0.00579 ,
9648,熣,11,0.00579 ,
9649,瑣,11,0.00579 ,
9650,飸,11,0.00579 ,
9651,哃,11,0.00579 ,
9652,衕,11,0.00579 ,
9653,鵚,11,0.00579 ,
9654,兎,11,0.00579 ,
9655,椀,11,0.00579 ,
9656,烓,11,0.00579 ,
9657,喴,11,0.00579 ,
9658,齷,11,0.00579 ,
9659,菥,11,0.00579 ,
9660,焟,11,0.00579 ,
9661,憙,11,0.00579 ,
9662,绤,11,0.00579 ,
9663,誸,11,0.00579 ,
9664,焇,11,0.00579 ,
9665,蕭,11,0.00579 ,
9666,詨,11,0.00579 ,
9667,諧,11,0.00579 ,
9668,緤,11,0.00579 ,
9669,睲,11,0.00579 ,
9670,蟳,11,0.00579 ,
9671,様,11,0.00579 ,
9672,訳,11,0.00579 ,
9673,骃,11,0.00579 ,
9674,溁,11,0.00579 ,
9675,縈,11,0.00579 ,
9676,嫞,11,0.00579 ,
9677,齬,11,0.00579 ,
9678,猨,11,0.00579 ,
9679,蹧,11,0.00579 ,
9680,唶,11,0.00579 ,
9681,盞,11,0.00579 ,
9682,蹍,11,0.00579 ,
9683,轍,11,0.00579 ,
9684,淛,11,0.00579 ,
9685,姫,11,0.00579 ,
9686,覙,11,0.00579 ,
9687,袠,11,0.00579 ,
9688,擿,11,0.00579 ,
9689,錐,11,0.00579 ,
9690,耔,11,0.00579 ,
9691,葅,11,0.00579 ,
9692,譪,10,0.00527 ,
9693,拝,10,0.00527 ,
9694,粄,10,0.00527 ,
9695,鯾,10,0.00527 ,
9696,繽,10,0.00527 ,
9697,桲,10,0.00527 ,
9698,筞,10,0.00527 ,
9699,镵,10,0.00527 ,
9700,琩,10,0.00527 ,
9701,煼,10,0.00527 ,
9702,牚,10,0.00527 ,
9703,鐺,10,0.00527 ,
9704,乗,10,0.00527 ,
9705,貙,10,0.00527 ,
9706,廚,10,0.00527 ,
9707,処,10,0.00527 ,
9708,諔,10,0.00527 ,
9709,涰,10,0.00527 ,
9710,歠,10,0.00527 ,
9711,攅,10,0.00527 ,
9712,禂,10,0.00527 ,
9713,踶,10,0.00527 ,
9714,涷,10,0.00527 ,
9715,迵,10,0.00527 ,
9716,鈍,10,0.00527 ,
9717,姶,10,0.00527 ,
9718,羒,10,0.00527 ,
9719,髴,10,0.00527 ,
9720,冓,10,0.00527 ,
9721,瘝,10,0.00527 ,
9722,錧,10,0.00527 ,
9723,矔,10,0.00527 ,
9724,瓌,10,0.00527 ,
9725,兯,10,0.00527 ,
9726,釬,10,0.00527 ,
9727,吰,10,0.00527 ,
9728,阛,10,0.00527 ,
9729,鹮,10,0.00527 ,
9730,锽,10,0.00527 ,
9731,鍠,10,0.00527 ,
9732,湝,10,0.00527 ,
9733,寖,10,0.00527 ,
9734,婙,10,0.00527 ,
9735,杦,10,0.00527 ,
9736,抅,10,0.00527 ,
9737,潏,10,0.00527 ,
9738,勀,10,0.00527 ,
9739,軦,10,0.00527 ,
9740,楏,10,0.00527 ,
9741,蝲,10,0.00527 ,
9742,鞡,10,0.00527 ,
9743,嘮,10,0.00527 ,
9744,矋,10,0.00527 ,
9745,籬,10,0.00527 ,
9746,苙,10,0.00527 ,
9747,璉,10,0.00527 ,
9748,爧,10,0.00527 ,
9749,飂,10,0.00527 ,
9750,髏,10,0.00527 ,
9751,廬,10,0.00527 ,
9752,圞,10,0.00527 ,
9753,踚,10,0.00527 ,
9754,蓏,10,0.00527 ,
9755,酕,10,0.00527 ,
9756,脒,10,0.00527 ,
9757,矊,10,0.00527 ,
9758,臑,10,0.00527 ,
9759,嬢,10,0.00527 ,
9760,簰,10,0.00527 ,
9761,鷿,10,0.00527 ,
9762,僄,10,0.00527 ,
9763,洴,10,0.00527 ,
9764,帲,10,0.00527 ,
9765,気,10,0.00527 ,
9766,鹐,10,0.00527 ,
9767,揵,10,0.00527 ,
9768,鉆,10,0.00527 ,
9769,塹,10,0.00527 ,
9770,鄗,10,0.00527 ,
9771,篋,10,0.00527 ,
9772,嫀,10,0.00527 ,
9773,欽,10,0.00527 ,
9774,夋,10,0.00527 ,
9775,峵,10,0.00527 ,
9776,碝,10,0.00527 ,
9777,颯,10,0.00527 ,
9778,裇,10,0.00527 ,
9779,鯊,10,0.00527 ,
9780,卲,10,0.00527 ,
9781,泩,10,0.00527 ,
9782,澨,10,0.00527 ,
9783,檡,10,0.00527 ,
9784,糬,10,0.00527 ,
9785,泝,10,0.00527 ,
9786,痠,10,0.00527 ,
9787,曇,10,0.00527 ,
9788,綯,10,0.00527 ,
9789,褅,10,0.00527 ,
9790,貒,10,0.00527 ,
9791,尫,10,0.00527 ,
9792,靰,10,0.00527 ,
9793,枲,10,0.00527 ,
9794,蟢,10,0.00527 ,
9795,潟,10,0.00527 ,
9796,峽,10,0.00527 ,
9797,諕,10,0.00527 ,
9798,僊,10,0.00527 ,
9799,俢,10,0.00527 ,
9800,銊,10,0.00527 ,
9801,烕,10,0.00527 ,
9802,鴨,10,0.00527 ,
9803,巗,10,0.00527 ,
9804,讞,10,0.00527 ,
9805,窯,10,0.00527 ,
9806,誼,10,0.00527 ,
9807,斁,10,0.00527 ,
9808,勈,10,0.00527 ,
9809,浟,10,0.00527 ,
9810,娛,10,0.00527 ,
9811,鋙,10,0.00527 ,
9812,氳,10,0.00527 ,
9813,蕓,10,0.00527 ,
9814,臓,10,0.00527 ,
9815,鲗,10,0.00527 ,
9816,鄫,10,0.00527 ,
9817,牐,10,0.00527 ,
9818,秖,10,0.00527 ,
9819,摯,10,0.00527 ,
9820,螲,10,0.00527 ,
9821,跓,10,0.00527 ,
9822,妝,10,0.00527 ,
9823,衠,10,0.00527 ,
9824,剚,10,0.00527 ,
9825,曖,9,0.00474 ,
9826,瞹,9,0.00474 ,
9827,盫,9,0.00474 ,
9828,邲,9,0.00474 ,
9829,倂,9,0.00474 ,
9830,缽,9,0.00474 ,
9831,駮,9,0.00474 ,
9832,餔,9,0.00474 ,
9833,鏟,9,0.00474 ,
9834,瑺,9,0.00474 ,
9835,珹,9,0.00474 ,
9836,喫,9,0.00474 ,
9837,裭,9,0.00474 ,
9838,齣,9,0.00474 ,
9839,豖,9,0.00474 ,
9840,斶,9,0.00474 ,
9841,骴,9,0.00474 ,
9842,荅,9,0.00474 ,
9843,啗,9,0.00474 ,
9844,癚,9,0.00474 ,
9845,隄,9,0.00474 ,
9846,髢,9,0.00474 ,
9847,菂,9,0.00474 ,
9848,彫,9,0.00474 ,
9849,啑,9,0.00474 ,
9850,鼑,9,0.00474 ,
9851,兠,9,0.00474 ,
9852,枓,9,0.00474 ,
9853,饾,9,0.00474 ,
9854,敠,9,0.00474 ,
9855,頞,9,0.00474 ,
9856,弍,9,0.00474 ,
9857,騑,9,0.00474 ,
9858,蟦,9,0.00474 ,
9859,剕,9,0.00474 ,
9860,稃,9,0.00474 ,
9861,榑,9,0.00474 ,
9862,鵩,9,0.00474 ,
9863,蝜,9,0.00474 ,
9864,詌,9,0.00474 ,
9865,筻,9,0.00474 ,
9866,櫜,9,0.00474 ,
9867,貢,9,0.00474 ,
9868,熕,9,0.00474 ,
9869,榾,9,0.00474 ,
9870,噑,9,0.00474 ,
9871,鶴,9,0.00474 ,
9872,啈,9,0.00474 ,
9873,鴻,9,0.00474 ,
9874,撝,9,0.00474 ,
9875,昬,9,0.00474 ,
9876,吙,9,0.00474 ,
9877,攲,9,0.00474 ,
9878,覊,9,0.00474 ,
9879,輯,9,0.00474 ,
9880,劑,9,0.00474 ,
9881,鐧,9,0.00474 ,
9882,薦,9,0.00474 ,
9883,僥,9,0.00474 ,
9884,噭,9,0.00474 ,
9885,厪,9,0.00474 ,
9886,橸,9,0.00474 ,
9887,璄,9,0.00474 ,
9888,駉,9,0.00474 ,
9889,娵,9,0.00474 ,
9890,秬,9,0.00474 ,
9891,玃,9,0.00474 ,
9892,躩,9,0.00474 ,
9893,埈,9,0.00474 ,
9894,趷,9,0.00474 ,
9895,鏗,9,0.00474 ,
9896,刲,9,0.00474 ,
9897,喹,9,0.00474 ,
9898,醌,9,0.00474 ,
9899,辢,9,0.00474 ,
9900,梾,9,0.00474 ,
9901,嬾,9,0.00474 ,
9902,瓓,9,0.00474 ,
9903,礧,9,0.00474 ,
9904,孋,9,0.00474 ,
9905,俍,9,0.00474 ,
9906,恡,9,0.00474 ,
9907,躪,9,0.00474 ,
9908,囖,9,0.00474 ,
9909,龒,9,0.00474 ,
9910,镥,9,0.00474 ,
9911,琭,9,0.00474 ,
9912,嵂,9,0.00474 ,
9913,傌,9,0.00474 ,
9914,睌,9,0.00474 ,
9915,蘪,9,0.00474 ,
9916,袮,9,0.00474 ,
9917,冖,9,0.00474 ,
9918,覓,9,0.00474 ,
9919,嗱,9,0.00474 ,
9920,儾,9,0.00474 ,
9921,疒,9,0.00474 ,
9922,眤,9,0.00474 ,
9923,褭,9,0.00474 ,
9924,挵,9,0.00474 ,
9925,鬅,9,0.00474 ,
9926,郪,9,0.00474 ,
9927,綺,9,0.00474 ,
9928,遷,9,0.00474 ,
9929,淺,9,0.00474 ,
9930,鞦,9,0.00474 ,
9931,鼽,9,0.00474 ,
9932,綣,9,0.00474 ,
9933,宍,9,0.00474 ,
9934,楉,9,0.00474 ,
9935,繖,9,0.00474 ,
9936,翣,9,0.00474 ,
9937,姍,9,0.00474 ,
9938,遈,9,0.00474 ,
9939,暏,9,0.00474 ,
9940,襩,9,0.00474 ,
9941,鉥,9,0.00474 ,
9942,捒,9,0.00474 ,
9943,穟,9,0.00474 ,
9944,蓚,9,0.00474 ,
9945,鞓,9,0.00474 ,
9946,颋,9,0.00474 ,
9947,熥,9,0.00474 ,
9948,駝,9,0.00474 ,
9949,騨,9,0.00474 ,
9950,榅,9,0.00474 ,
9951,覀,9,0.00474 ,
9952,鸂,9,0.00474 ,
9953,呺,9,0.00474 ,
9954,銹,9,0.00474 ,
9955,痃,9,0.00474 ,
9956,喭,9,0.00474 ,
9957,熖,9,0.00474 ,
9958,鷃,9,0.00474 ,
9959,钖,9,0.00474 ,
9960,恞,9,0.00474 ,
9961,迻,9,0.00474 ,
9962,裛,9,0.00474 ,
9963,曎,9,0.00474 ,
9964,蒑,9,0.00474 ,
9965,闉,9,0.00474 ,
9966,穎,9,0.00474 ,
9967,巊,9,0.00474 ,
9968,訧,9,0.00474 ,
9969,哊,9,0.00474 ,
9970,俁,9,0.00474 ,
9971,琙,9,0.00474 ,
9972,蕰,9,0.00474 ,
9973,醖,9,0.00474 ,
9974,蠈,9,0.00474 ,
9975,軫,9,0.00474 ,
9976,鳷,9,0.00474 ,
9977,幒,9,0.00474 ,
9978,赒,9,0.00474 ,
9979,呪,9,0.00474 ,
9980,矚,9,0.00474 ,
9981,髽,9,0.00474 ,
9982,襈,9,0.00474 ,
9983,妰,9,0.00474 ,
9984,鷟,9,0.00474 ,
9985,鲰,9,0.00474 ,
9986,抝,8,0.00421 ,
9987,媼,8,0.00421 ,
9988,蚆,8,0.00421 ,
9989,粃,8,0.00421 ,
9990,猋,8,0.00421 ,
9991,藨,8,0.00421 ,
9992,莂,8,0.00421 ,
9993,檳,8,0.00421 ,
9994,癶,8,0.00421 ,
9995,旵,8,0.00421 ,
9996,兏,8,0.00421 ,
9997,鋿,8,0.00421 ,
9998,撦,8,0.00421 ,
9999,摚,8,0.00421 ,
10000,掁,8,0.00421 ,
10001,黐,8,0.00421 ,
10002,雔,8,0.00421 ,
10003,芻,8,0.00421 ,
10004,摐,8,0.00421 ,
10005,瘡,8,0.00421 ,
10006,綽,8,0.00421 ,
10007,麤,8,0.00421 ,
10008,蚮,8,0.00421 ,
10009,黱,8,0.00421 ,
10010,癉,8,0.00421 ,
10011,筜,8,0.00421 ,
10012,稲,8,0.00421 ,
10013,彽,8,0.00421 ,
10014,敁,8,0.00421 ,
10015,絰,8,0.00421 ,
10016,饤,8,0.00421 ,
10017,鼕,8,0.00421 ,
10018,簖,8,0.00421 ,
10019,剟,8,0.00421 ,
10020,椯,8,0.00421 ,
10021,粫,8,0.00421 ,
10022,眆,8,0.00421 ,
10023,倣,8,0.00421 ,
10024,髣,8,0.00421 ,
10025,枌,8,0.00421 ,
10026,仏,8,0.00421 ,
10027,冨,8,0.00421 ,
10028,鳆,8,0.00421 ,
10029,絯,8,0.00421 ,
10030,阬,8,0.00421 ,
10031,茖,8,0.00421 ,
10032,箇,8,0.00421 ,
10033,浭,8,0.00421 ,
10034,塨,8,0.00421 ,
10035,蓇,8,0.00421 ,
10036,颳,8,0.00421 ,
10037,坬,8,0.00421 ,
10038,蒄,8,0.00421 ,
10039,珖,8,0.00421 ,
10040,広,8,0.00421 ,
10041,嘓,8,0.00421 ,
10042,嘷,8,0.00421 ,
10043,傐,8,0.00421 ,
10044,兞,8,0.00421 ,
10045,焃,8,0.00421 ,
10046,嗃,8,0.00421 ,
10047,翝,8,0.00421 ,
10048,淴,8,0.00421 ,
10049,搰,8,0.00421 ,
10050,韄,8,0.00421 ,
10051,譁,8,0.00421 ,
10052,嫿,8,0.00421 ,
10053,楻,8,0.00421 ,
10054,繪,8,0.00421 ,
10055,譓,8,0.00421 ,
10056,撃,8,0.00421 ,
10057,鷄,8,0.00421 ,
10058,穄,8,0.00421 ,
10059,頬,8,0.00421 ,
10060,幵,8,0.00421 ,
10061,冿,8,0.00421 ,
10062,揀,8,0.00421 ,
10063,聻,8,0.00421 ,
10064,曒,8,0.00421 ,
10065,斠,8,0.00421 ,
10066,巹,8,0.00421 ,
10067,菫,8,0.00421 ,
10068,晉,8,0.00421 ,
10069,逕,8,0.00421 ,
10070,煚,8,0.00421 ,
10071,虡,8,0.00421 ,
10072,呟,8,0.00421 ,
10073,玨,8,0.00421 ,
10074,駃,8,0.00421 ,
10075,馂,8,0.00421 ,
10076,摃,8,0.00421 ,
10077,軻,8,0.00421 ,
10078,勊,8,0.00421 ,
10079,歀,8,0.00421 ,
10080,籄,8,0.00421 ,
10081,壼,8,0.00421 ,
10082,闌,8,0.00421 ,
10083,簕,8,0.00421 ,
10084,錅,8,0.00421 ,
10085,爄,8,0.00421 ,
10086,靂,8,0.00421 ,
10087,漣,8,0.00421 ,
10088,縺,8,0.00421 ,
10089,膫,8,0.00421 ,
10090,迾,8,0.00421 ,
10091,醽,8,0.00421 ,
10092,袊,8,0.00421 ,
10093,巃,8,0.00421 ,
10094,擼,8,0.00421 ,
10095,蘆,8,0.00421 ,
10096,顱,8,0.00421 ,
10097,媢,8,0.00421 ,
10098,脢,8,0.00421 ,
10099,璊,8,0.00421 ,
10100,冡,8,0.00421 ,
10101,憫,8,0.00421 ,
10102,耱,8,0.00421 ,
10103,畝,8,0.00421 ,
10104,幙,8,0.00421 ,
10105,鮎,8,0.00421 ,
10106,毆,8,0.00421 ,
10107,搒,8,0.00421 ,
10108,椪,8,0.00421 ,
10109,狉,8,0.00421 ,
10110,狓,8,0.00421 ,
10111,屛,8,0.00421 ,
10112,褀,8,0.00421 ,
10113,唘,8,0.00421 ,
10114,岍,8,0.00421 ,
10115,墻,8,0.00421 ,
10116,鄡,8,0.00421 ,
10117,嵚,8,0.00421 ,
10118,魼,8,0.00421 ,
10119,鳈,8,0.00421 ,
10120,孉,8,0.00421 ,
10121,蠸,8,0.00421 ,
10122,緌,8,0.00421 ,
10123,鄀,8,0.00421 ,
10124,弎,8,0.00421 ,
10125,渉,8,0.00421 ,
10126,嵵,8,0.00421 ,
10127,捜,8,0.00421 ,
10128,潚,8,0.00421 ,
10129,澻,8,0.00421 ,
10130,鐩,8,0.00421 ,
10131,傞,8,0.00421 ,
10132,蝪,8,0.00421 ,
10133,騠,8,0.00421 ,
10134,嚔,8,0.00421 ,
10135,捵,8,0.00421 ,
10136,脁,8,0.00421 ,
10137,僣,8,0.00421 ,
10138,桯,8,0.00421 ,
10139,忳,8,0.00421 ,
10140,碢,8,0.00421 ,
10141,刓,8,0.00421 ,
10142,愄,8,0.00421 ,
10143,鰃,8,0.00421 ,
10144,韡,8,0.00421 ,
10145,抆,8,0.00421 ,
10146,縰,8,0.00421 ,
10147,幰,8,0.00421 ,
10148,県,8,0.00421 ,
10149,訫,8,0.00421 ,
10150,騂,8,0.00421 ,
10151,讻,8,0.00421 ,
10152,敻,8,0.00421 ,
10153,繡,8,0.00421 ,
10154,鏽,8,0.00421 ,
10155,俆,8,0.00421 ,
10156,珝,8,0.00421 ,
10157,卹,8,0.00421 ,
10158,敍,8,0.00421 ,
10159,続,8,0.00421 ,
10160,諠,8,0.00421 ,
10161,怰,8,0.00421 ,
10162,昡,8,0.00421 ,
10163,絢,8,0.00421 ,
10164,壎,8,0.00421 ,
10165,偱,8,0.00421 ,
10166,馴,8,0.00421 ,
10167,椏,8,0.00421 ,
10168,硏,8,0.00421 ,
10169,巚,8,0.00421 ,
10170,龑,8,0.00421 ,
10171,艶,8,0.00421 ,
10172,灩,8,0.00421 ,
10173,奍,8,0.00421 ,
10174,餚,8,0.00421 ,
10175,薬,8,0.00421 ,
10176,蓺,8,0.00421 ,
10177,曀,8,0.00421 ,
10178,営,8,0.00421 ,
10179,槱,8,0.00421 ,
10180,藴,8,0.00421 ,
10181,讃,8,0.00421 ,
10182,橧,8,0.00421 ,
10183,煠,8,0.00421 ,
10184,輾,8,0.00421 ,
10185,嚞,8,0.00421 ,
10186,眐,8,0.00421 ,
10187,篜,8,0.00421 ,
10188,幀,8,0.00421 ,
10189,値,8,0.00421 ,
10190,瘃,8,0.00421 ,
10191,燭,8,0.00421 ,
10192,贅,8,0.00421 ,
10193,禚,8,0.00421 ,
10194,眥,8,0.00421 ,
10195,嵕,8,0.00421 ,
10196,罇,8,0.00421 ,
10197,噯,7,0.00369 ,
10198,靄,7,0.00369 ,
10199,晻,7,0.00369 ,
10200,覇,7,0.00369 ,
10201,兡,7,0.00369 ,
10202,朼,7,0.00369 ,
10203,佖,7,0.00369 ,
10204,愊,7,0.00369 ,
10205,躄,7,0.00369 ,
10206,辧,7,0.00369 ,
10207,麃,7,0.00369 ,
10208,鱉,7,0.00369 ,
10209,癟,7,0.00369 ,
10210,髆,7,0.00369 ,
10211,僝,7,0.00369 ,
10212,諂,7,0.00369 ,
10213,廠,7,0.00369 ,
10214,弨,7,0.00369 ,
10215,巐,7,0.00369 ,
10216,蛼,7,0.00369 ,
10217,櫬,7,0.00369 ,
10218,歭,7,0.00369 ,
10219,漦,7,0.00369 ,
10220,抶,7,0.00369 ,
10221,鷘,7,0.00369 ,
10222,搊,7,0.00369 ,
10223,踀,7,0.00369 ,
10224,牀,7,0.00369 ,
10225,垐,7,0.00369 ,
10226,巑,7,0.00369 ,
10227,獕,7,0.00369 ,
10228,眔,7,0.00369 ,
10229,豋,7,0.00369 ,
10230,鄧,7,0.00369 ,
10231,廸,7,0.00369 ,
10232,厎,7,0.00369 ,
10233,眱,7,0.00369 ,
10234,蹎,7,0.00369 ,
10235,澱,7,0.00369 ,
10236,矴,7,0.00369 ,
10237,墥,7,0.00369 ,
10238,対,7,0.00369 ,
10239,頟,7,0.00369 ,
10240,灋,7,0.00369 ,
10241,繙,7,0.00369 ,
10242,癈,7,0.00369 ,
10243,翂,7,0.00369 ,
10244,赗,7,0.00369 ,
10245,怤,7,0.00369 ,
10246,栿,7,0.00369 ,
10247,雊,7,0.00369 ,
10248,唃,7,0.00369 ,
10249,関,7,0.00369 ,
10250,俇,7,0.00369 ,
10251,瞶,7,0.00369 ,
10252,腂,7,0.00369 ,
10253,猂,7,0.00369 ,
10254,熯,7,0.00369 ,
10255,皥,7,0.00369 ,
10256,毼,7,0.00369 ,
10257,詥,7,0.00369 ,
10258,鬨,7,0.00369 ,
10259,昒,7,0.00369 ,
10260,佪,7,0.00369 ,
10261,邩,7,0.00369 ,
10262,耭,7,0.00369 ,
10263,叚,7,0.00369 ,
10264,殲,7,0.00369 ,
10265,繭,7,0.00369 ,
10266,膲,7,0.00369 ,
10267,璬,7,0.00369 ,
10268,錦,7,0.00369 ,
10269,祲,7,0.00369 ,
10270,浄,7,0.00369 ,
10271,烱,7,0.00369 ,
10272,崌,7,0.00369 ,
10273,挙,7,0.00369 ,
10274,爠,7,0.00369 ,
10275,絹,7,0.00369 ,
10276,鴂,7,0.00369 ,
10277,覠,7,0.00369 ,
10278,矙,7,0.00369 ,
10279,槺,7,0.00369 ,
10280,搕,7,0.00369 ,
10281,鞚,7,0.00369 ,
10282,懭,7,0.00369 ,
10283,卼,7,0.00369 ,
10284,餽,7,0.00369 ,
10285,瀾,7,0.00369 ,
10286,覧,7,0.00369 ,
10287,畾,7,0.00369 ,
10288,磥,7,0.00369 ,
10289,壘,7,0.00369 ,
10290,栃,7,0.00369 ,
10291,隸,7,0.00369 ,
10292,瀝,7,0.00369 ,
10293,澪,7,0.00369 ,
10294,瑬,7,0.00369 ,
10295,綹,7,0.00369 ,
10296,虜,7,0.00369 ,
10297,瀂,7,0.00369 ,
10298,睩,7,0.00369 ,
10299,蔍,7,0.00369 ,
10300,藘,7,0.00369 ,
10301,寽,7,0.00369 ,
10302,緑,7,0.00369 ,
10303,恾,7,0.00369 ,
10304,冃,7,0.00369 ,
10305,醿,7,0.00369 ,
10306,冺,7,0.00369 ,
10307,瞐,7,0.00369 ,
10308,抳,7,0.00369 ,
10309,輦,7,0.00369 ,
10310,孼,7,0.00369 ,
10311,囁,7,0.00369 ,
10312,嚀,7,0.00369 ,
10313,紐,7,0.00369 ,
10314,噥,7,0.00369 ,
10315,穠,7,0.00369 ,
10316,伮,7,0.00369 ,
10317,矉,7,0.00369 ,
10318,顰,7,0.00369 ,
10319,甁,7,0.00369 ,
10320,奤,7,0.00369 ,
10321,踦,7,0.00369 ,
10322,愒,7,0.00369 ,
10323,譴,7,0.00369 ,
10324,鏘,7,0.00369 ,
10325,耹,7,0.00369 ,
10326,淸,7,0.00369 ,
10327,瓊,7,0.00369 ,
10328,腃,7,0.00369 ,
10329,慤,7,0.00369 ,
10330,礐,7,0.00369 ,
10331,铷,7,0.00369 ,
10332,壡,7,0.00369 ,
10333,鬖,7,0.00369 ,
10334,槡,7,0.00369 ,
10335,鮹,7,0.00369 ,
10336,絁,7,0.00369 ,
10337,餿,7,0.00369 ,
10338,玊,7,0.00369 ,
10339,遡,7,0.00369 ,
10340,膸,7,0.00369 ,
10341,歳,7,0.00369 ,
10342,鏁,7,0.00369 ,
10343,遝,7,0.00369 ,
10344,弾,7,0.00369 ,
10345,墵,7,0.00369 ,
10346,矘,7,0.00369 ,
10347,蝭,7,0.00369 ,
10348,菾,7,0.00369 ,
10349,覥,7,0.00369 ,
10350,炵,7,0.00369 ,
10351,馱,7,0.00369 ,
10352,槖,7,0.00369 ,
10353,跅,7,0.00369 ,
10354,塭,7,0.00369 ,
10355,洿,7,0.00369 ,
10356,乄,7,0.00369 ,
10357,阢,7,0.00369 ,
10358,狶,7,0.00369 ,
10359,觹,7,0.00369 ,
10360,祫,7,0.00369 ,
10361,胘,7,0.00369 ,
10362,玁,7,0.00369 ,
10363,綫,7,0.00369 ,
10364,鑲,7,0.00369 ,
10365,鮝,7,0.00369 ,
10366,咲,7,0.00369 ,
10367,衺,7,0.00369 ,
10368,攜,7,0.00369 ,
10369,褉,7,0.00369 ,
10370,瀉,7,0.00369 ,
10371,鉶,7,0.00369 ,
10372,夐,7,0.00369 ,
10373,獝,7,0.00369 ,
10374,吅,7,0.00369 ,
10375,矎,7,0.00369 ,
10376,薫,7,0.00369 ,
10377,鄩,7,0.00369 ,
10378,犽,7,0.00369 ,
10379,揅,7,0.00369 ,
10380,鹽,7,0.00369 ,
10381,鴈,7,0.00369 ,
10382,僷,7,0.00369 ,
10383,瞱,7,0.00369 ,
10384,椸,7,0.00369 ,
10385,觺,7,0.00369 ,
10386,枻,7,0.00369 ,
10387,殹,7,0.00369 ,
10388,霬,7,0.00369 ,
10389,埇,7,0.00369 ,
10390,忬,7,0.00369 ,
10391,悁,7,0.00369 ,
10392,抈,7,0.00369 ,
10393,畇,7,0.00369 ,
10394,筼,7,0.00369 ,
10395,隕,7,0.00369 ,
10396,賬,7,0.00369 ,
10397,侲,7,0.00369 ,
10398,謢,7,0.00369 ,
10399,鴙,7,0.00369 ,
10400,擲,7,0.00369 ,
10401,箒,7,0.00369 ,
10402,晝,7,0.00369 ,
10403,椓,7,0.00369 ,
10404,牸,7,0.00369 ,
10405,綜,7,0.00369 ,
10406,珇,7,0.00369 ,
10407,晬,7,0.00369 ,
10408,啽,6,0.00316 ,
10409,貋,6,0.00316 ,
10410,鷔,6,0.00316 ,
10411,昄,6,0.00316 ,
10412,棓,6,0.00316 ,
10413,骲,6,0.00316 ,
10414,糒,6,0.00316 ,
10415,禆,6,0.00316 ,
10416,鷩,6,0.00316 ,
10417,灬,6,0.00316 ,
10418,驃,6,0.00316 ,
10419,濱,6,0.00316 ,
10420,瀕,6,0.00316 ,
10421,抦,6,0.00316 ,
10422,袚,6,0.00316 ,
10423,浡,6,0.00316 ,
10424,葧,6,0.00316 ,
10425,埗,6,0.00316 ,
10426,跴,6,0.00316 ,
10427,懆,6,0.00316 ,
10428,惻,6,0.00316 ,
10429,査,6,0.00316 ,
10430,懺,6,0.00316 ,
10431,巣,6,0.00316 ,
10432,謿,6,0.00316 ,
10433,屮,6,0.00316 ,
10434,茞,6,0.00316 ,
10435,鉓,6,0.00316 ,
10436,篘,6,0.00316 ,
10437,籌,6,0.00316 ,
10438,摴,6,0.00316 ,
10439,瑏,6,0.00316 ,
10440,惷,6,0.00316 ,
10441,庛,6,0.00316 ,
10442,啛,6,0.00316 ,
10443,鴏,6,0.00316 ,
10444,蜑,6,0.00316 ,
10445,儅,6,0.00316 ,
10446,蟷,6,0.00316 ,
10447,苖,6,0.00316 ,
10448,阺,6,0.00316 ,
10449,呧,6,0.00316 ,
10450,鈿,6,0.00316 ,
10451,萣,6,0.00316 ,
10452,働,6,0.00316 ,
10453,読,6,0.00316 ,
10454,讟,6,0.00316 ,
10455,礬,6,0.00316 ,
10456,馩,6,0.00316 ,
10457,鏠,6,0.00316 ,
10458,刜,6,0.00316 ,
10459,柫,6,0.00316 ,
10460,韨,6,0.00316 ,
10461,襆,6,0.00316 ,
10462,襥,6,0.00316 ,
10463,郙,6,0.00316 ,
10464,蜅,6,0.00316 ,
10465,冮,6,0.00316 ,
10466,皐,6,0.00316 ,
10467,塥,6,0.00316 ,
10468,獦,6,0.00316 ,
10469,亙,6,0.00316 ,
10470,兝,6,0.00316 ,
10471,冎,6,0.00316 ,
10472,剮,6,0.00316 ,
10473,瞆,6,0.00316 ,
10474,禬,6,0.00316 ,
10475,盇,6,0.00316 ,
10476,鋘,6,0.00316 ,
10477,瑍,6,0.00316 ,
10478,鱑,6,0.00316 ,
10479,鮰,6,0.00316 ,
10480,圂,6,0.00316 ,
10481,喞,6,0.00316 ,
10482,禨,6,0.00316 ,
10483,譏,6,0.00316 ,
10484,蝍,6,0.00316 ,
10485,浹,6,0.00316 ,
10486,鰜,6,0.00316 ,
10487,鬋,6,0.00316 ,
10488,踐,6,0.00316 ,
10489,壃,6,0.00316 ,
10490,菨,6,0.00316 ,
10491,稭,6,0.00316 ,
10492,尐,6,0.00316 ,
10493,璥,6,0.00316 ,
10494,弪,6,0.00316 ,
10495,奺,6,0.00316 ,
10496,鷲,6,0.00316 ,
10497,眗,6,0.00316 ,
10498,岠,6,0.00316 ,
10499,跙,6,0.00316 ,
10500,鉅,6,0.00316 ,
10501,愳,6,0.00316 ,
10502,鵑,6,0.00316 ,
10503,睠,6,0.00316 ,
10504,餋,6,0.00316 ,
10505,晙,6,0.00316 ,
10506,駿,6,0.00316 ,
10507,摳,6,0.00316 ,
10508,扝,6,0.00316 ,
10509,睞,6,0.00316 ,
10510,襴,6,0.00316 ,
10511,籣,6,0.00316 ,
10512,躝,6,0.00316 ,
10513,覽,6,0.00316 ,
10514,欖,6,0.00316 ,
10515,撈,6,0.00316 ,
10516,楽,6,0.00316 ,
10517,儽,6,0.00316 ,
10518,涙,6,0.00316 ,
10519,碐,6,0.00316 ,
10520,剺,6,0.00316 ,
10521,犛,6,0.00316 ,
10522,蠣,6,0.00316 ,
10523,鬑,6,0.00316 ,
10524,湅,6,0.00316 ,
10525,憭,6,0.00316 ,
10526,遼,6,0.00316 ,
10527,挒,6,0.00316 ,
10528,鱲,6,0.00316 ,
10529,痳,6,0.00316 ,
10530,驎,6,0.00316 ,
10531,躙,6,0.00316 ,
10532,琌,6,0.00316 ,
10533,磂,6,0.00316 ,
10534,珋,6,0.00316 ,
10535,塿,6,0.00316 ,
10536,玈,6,0.00316 ,
10537,熝,6,0.00316 ,
10538,膔,6,0.00316 ,
10539,鋁,6,0.00316 ,
10540,矕,6,0.00316 ,
10541,苺,6,0.00316 ,
10542,凂,6,0.00316 ,
10543,濔,6,0.00316 ,
10544,謀,6,0.00316 ,
10545,娚,6,0.00316 ,
10546,莻,6,0.00316 ,
10547,晲,6,0.00316 ,
10548,裊,6,0.00316 ,
10549,躡,6,0.00316 ,
10550,磗,6,0.00316 ,
10551,硑,6,0.00316 ,
10552,閛,6,0.00316 ,
10553,澼,6,0.00316 ,
10554,嚬,6,0.00316 ,
10555,痡,6,0.00316 ,
10556,镤,6,0.00316 ,
10557,竒,6,0.00316 ,
10558,璂,6,0.00316 ,
10559,邔,6,0.00316 ,
10560,嵰,6,0.00316 ,
10561,嶈,6,0.00316 ,
10562,駸,6,0.00316 ,
10563,澿,6,0.00316 ,
10564,頃,6,0.00316 ,
10565,虯,6,0.00316 ,
10566,渞,6,0.00316 ,
10567,籧,6,0.00316 ,
10568,辁,6,0.00316 ,
10569,崅,6,0.00316 ,
10570,韌,6,0.00316 ,
10571,駥,6,0.00316 ,
10572,簁,6,0.00316 ,
10573,陝,6,0.00316 ,
10574,傓,6,0.00316 ,
10575,椫,6,0.00316 ,
10576,紳,6,0.00316 ,
10577,昚,6,0.00316 ,
10578,榺,6,0.00316 ,
10579,鰤,6,0.00316 ,
10580,铈,6,0.00316 ,
10581,兙,6,0.00316 ,
10582,収,6,0.00316 ,
10583,鄃,6,0.00316 ,
10584,綀,6,0.00316 ,
10585,婌,6,0.00316 ,
10586,礵,6,0.00316 ,
10587,駟,6,0.00316 ,
10588,螋,6,0.00316 ,
10589,驌,6,0.00316 ,
10590,逤,6,0.00316 ,
10591,闒,6,0.00316 ,
10592,鞳,6,0.00316 ,
10593,襨,6,0.00316 ,
10594,怹,6,0.00316 ,
10595,啴,6,0.00316 ,
10596,赕,6,0.00316 ,
10597,絛,6,0.00316 ,
10598,脦,6,0.00316 ,
10599,闐,6,0.00316 ,
10600,覜,6,0.00316 ,
10601,呫,6,0.00316 ,
10602,嵉,6,0.00316 ,
10603,穜,6,0.00316 ,
10604,糰,6,0.00316 ,
10605,頽,6,0.00316 ,
10606,襪,6,0.00316 ,
10607,芛,6,0.00316 ,
10608,骫,6,0.00316 ,
10609,唩,6,0.00316 ,
10610,撾,6,0.00316 ,
10611,禑,6,0.00316 ,
10612,鷡,6,0.00316 ,
10613,肸,6,0.00316 ,
10614,唽,6,0.00316 ,
10615,犠,6,0.00316 ,
10616,酅,6,0.00316 ,
10617,矖,6,0.00316 ,
10618,孅,6,0.00316 ,
10619,硍,6,0.00316 ,
10620,嚮,6,0.00316 ,
10621,屟,6,0.00316 ,
10622,僁,6,0.00316 ,
10623,褻,6,0.00316 ,
10624,邤,6,0.00316 ,
10625,舋,6,0.00316 ,
10626,狌,6,0.00316 ,
10627,煋,6,0.00316 ,
10628,堐,6,0.00316 ,
10629,篶,6,0.00316 ,
10630,塩,6,0.00316 ,
10631,巌,6,0.00316 ,
10632,揜,6,0.00316 ,
10633,檿,6,0.00316 ,
10634,眏,6,0.00316 ,
10635,昜,6,0.00316 ,
10636,敭,6,0.00316 ,
10637,鍚,6,0.00316 ,
10638,楧,6,0.00316 ,
10639,窰,6,0.00316 ,
10640,騕,6,0.00316 ,
10641,枼,6,0.00316 ,
10642,馌,6,0.00316 ,
10643,鹥,6,0.00316 ,
10644,扅,6,0.00316 ,
10645,頤,6,0.00316 ,
10646,衵,6,0.00316 ,
10647,軼,6,0.00316 ,
10648,慭,6,0.00316 ,
10649,覮,6,0.00316 ,
10650,灐,6,0.00316 ,
10651,楡,6,0.00316 ,
10652,嶼,6,0.00316 ,
10653,瘉,6,0.00316 ,
10654,隩,6,0.00316 ,
10655,鴥,6,0.00316 ,
10656,鐭,6,0.00316 ,
10657,伝,6,0.00316 ,
10658,褞,6,0.00316 ,
10659,腪,6,0.00316 ,
10660,醩,6,0.00316 ,
10661,鑿,6,0.00316 ,
10662,柤,6,0.00316 ,
10663,搾,6,0.00316 ,
10664,饘,6,0.00316 ,
10665,盄,6,0.00316 ,
10666,詔,6,0.00316 ,
10667,櫂,6,0.00316 ,
10668,葴,6,0.00316 ,
10669,掟,6,0.00316 ,
10670,禃,6,0.00316 ,
10671,躑,6,0.00316 ,
10672,疐,6,0.00316 ,
10673,泈,6,0.00316 ,
10674,诪,6,0.00316 ,
10675,紵,6,0.00316 ,
10676,晫,6,0.00316 ,
10677,胔,6,0.00316 ,
10678,総,6,0.00316 ,
10679,諏,6,0.00316 ,
10680,捘,6,0.00316 ,
10681,莋,6,0.00316 ,
10682,岞,6,0.00316 ,
10683,咗,6,0.00316 ,
10684,啀,5,0.00263 ,
10685,藹,5,0.00263 ,
10686,垵,5,0.00263 ,
10687,翺,5,0.00263 ,
10688,岰,5,0.00263 ,
10689,胈,5,0.00263 ,
10690,媬,5,0.00263 ,
10691,萡,5,0.00263 ,
10692,琫,5,0.00263 ,
10693,跰,5,0.00263 ,
10694,柲,5,0.00263 ,
10695,聛,5,0.00263 ,
10696,詖,5,0.00263 ,
10697,萹,5,0.00263 ,
10698,儦,5,0.00263 ,
10699,蟞,5,0.00263 ,
10700,髩,5,0.00263 ,
10701,鬢,5,0.00263 ,
10702,偋,5,0.00263 ,
10703,孹,5,0.00263 ,
10704,埰,5,0.00263 ,
10705,飡,5,0.00263 ,
10706,慚,5,0.00263 ,
10707,犲,5,0.00263 ,
10708,湹,5,0.00263 ,
10709,欃,5,0.00263 ,
10710,漅,5,0.00263 ,
10711,俥,5,0.00263 ,
10712,磣,5,0.00263 ,
10713,虰,5,0.00263 ,
10714,誠,5,0.00263 ,
10715,憕,5,0.00263 ,
10716,鴟,5,0.00263 ,
10717,鵄,5,0.00263 ,
10718,糦,5,0.00263 ,
10719,鶒,5,0.00263 ,
10720,埫,5,0.00263 ,
10721,紬,5,0.00263 ,
10722,臅,5,0.00263 ,
10723,巛,5,0.00263 ,
10724,瑽,5,0.00263 ,
10725,従,5,0.00263 ,
10726,誎,5,0.00263 ,
10727,縗,5,0.00263 ,
10728,綷,5,0.00263 ,
10729,竴,5,0.00263 ,
10730,醝,5,0.00263 ,
10731,迖,5,0.00263 ,
10732,呾,5,0.00263 ,
10733,逹,5,0.00263 ,
10734,恴,5,0.00263 ,
10735,滌,5,0.00263 ,
10736,汈,5,0.00263 ,
10737,凟,5,0.00263 ,
10738,瀆,5,0.00263 ,
10739,嚲,5,0.00263 ,
10740,堮,5,0.00263 ,
10741,齶,5,0.00263 ,
10742,薾,5,0.00263 ,
10743,邇,5,0.00263 ,
10744,閥,5,0.00263 ,
10745,販,5,0.00263 ,
10746,奜,5,0.00263 ,
10747,瀵,5,0.00263 ,
10748,僼,5,0.00263 ,
10749,鳯,5,0.00263 ,
10750,玞,5,0.00263 ,
10751,柎,5,0.00263 ,
10752,衭,5,0.00263 ,
10753,郂,5,0.00263 ,
10754,亁,5,0.00263 ,
10755,骭,5,0.00263 ,
10756,棡,5,0.00263 ,
10757,鴿,5,0.00263 ,
10758,畊,5,0.00263 ,
10759,骾,5,0.00263 ,
10760,泒,5,0.00263 ,
10761,罛,5,0.00263 ,
10762,祻,5,0.00263 ,
10763,観,5,0.00263 ,
10764,鑵,5,0.00263 ,
10765,撗,5,0.00263 ,
10766,帰,5,0.00263 ,
10767,烸,5,0.00263 ,
10768,哻,5,0.00263 ,
10769,甝,5,0.00263 ,
10770,鋡,5,0.00263 ,
10771,屽,5,0.00263 ,
10772,蠔,5,0.00263 ,
10773,抲,5,0.00263 ,
10774,哬,5,0.00263 ,
10775,鶡,5,0.00263 ,
10776,閧,5,0.00263 ,
10777,膴,5,0.00263 ,
10778,楜,5,0.00263 ,
10779,姡,5,0.00263 ,
10780,蘹,5,0.00263 ,
10781,狟,5,0.00263 ,
10782,逥,5,0.00263 ,
10783,瘣,5,0.00263 ,
10784,諱,5,0.00263 ,
10785,騞,5,0.00263 ,
10786,臛,5,0.00263 ,
10787,鳮,5,0.00263 ,
10788,齎,5,0.00263 ,
10789,蕀,5,0.00263 ,
10790,覬,5,0.00263 ,
10791,玾,5,0.00263 ,
10792,鳽,5,0.00263 ,
10793,澗,5,0.00263 ,
10794,瞷,5,0.00263 ,
10795,艦,5,0.00263 ,
10796,鳉,5,0.00263 ,
10797,挍,5,0.00263 ,
10798,卩,5,0.00263 ,
10799,詰,5,0.00263 ,
10800,毑,5,0.00263 ,
10801,觧,5,0.00263 ,
10802,凚,5,0.00263 ,
10803,痙,5,0.00263 ,
10804,誩,5,0.00263 ,
10805,捄,5,0.00263 ,
10806,跔,5,0.00263 ,
10807,鵙,5,0.00263 ,
10808,鋸,5,0.00263 ,
10809,瑴,5,0.00263 ,
10810,蹷,5,0.00263 ,
10811,戄,5,0.00263 ,
10812,鈞,5,0.00263 ,
10813,偘,5,0.00263 ,
10814,墈,5,0.00263 ,
10815,揢,5,0.00263 ,
10816,嵑,5,0.00263 ,
10817,鷇,5,0.00263 ,
10818,梡,5,0.00263 ,
10819,誆,5,0.00263 ,
10820,媿,5,0.00263 ,
10821,柆,5,0.00263 ,
10822,庲,5,0.00263 ,
10823,斕,5,0.00263 ,
10824,壈,5,0.00263 ,
10825,硠,5,0.00263 ,
10826,朖,5,0.00263 ,
10827,癆,5,0.00263 ,
10828,貍,5,0.00263 ,
10829,廲,5,0.00263 ,
10830,娳,5,0.00263 ,
10831,嗹,5,0.00263 ,
10832,鬛,5,0.00263 ,
10833,粦,5,0.00263 ,
10834,隣,5,0.00263 ,
10835,僯,5,0.00263 ,
10836,懰,5,0.00263 ,
10837,飀,5,0.00263 ,
10838,罶,5,0.00263 ,
10839,霤,5,0.00263 ,
10840,漋,5,0.00263 ,
10841,遱,5,0.00263 ,
10842,磠,5,0.00263 ,
10843,膢,5,0.00263 ,
10844,攣,5,0.00263 ,
10845,纙,5,0.00263 ,
10846,霡,5,0.00263 ,
10847,悗,5,0.00263 ,
10848,汒,5,0.00263 ,
10849,蠎,5,0.00263 ,
10850,匁,5,0.00263 ,
10851,貿,5,0.00263 ,
10852,脄,5,0.00263 ,
10853,愐,5,0.00263 ,
10854,苠,5,0.00263 ,
10855,莈,5,0.00263 ,
10856,麰,5,0.00263 ,
10857,莯,5,0.00263 ,
10858,撓,5,0.00263 ,
10859,筽,5,0.00263 ,
10860,蒎,5,0.00263 ,
10861,媻,5,0.00263 ,
10862,蹣,5,0.00263 ,
10863,伓,5,0.00263 ,
10864,氕,5,0.00263 ,
10865,頩,5,0.00263 ,
10866,廹,5,0.00263 ,
10867,慼,5,0.00263 ,
10868,磜,5,0.00263 ,
10869,繈,5,0.00263 ,
10870,懃,5,0.00263 ,
10871,搇,5,0.00263 ,
10872,訄,5,0.00263 ,
10873,唒,5,0.00263 ,
10874,蠤,5,0.00263 ,
10875,鼩,5,0.00263 ,
10876,灈,5,0.00263 ,
10877,牷,5,0.00263 ,
10878,埢,5,0.00263 ,
10879,亽,5,0.00263 ,
10880,袇,5,0.00263 ,
10881,姌,5,0.00263 ,
10882,獽,5,0.00263 ,
10883,壌,5,0.00263 ,
10884,仭,5,0.00263 ,
10885,驲,5,0.00263 ,
10886,氄,5,0.00263 ,
10887,楺,5,0.00263 ,
10888,耎,5,0.00263 ,
10889,喢,5,0.00263 ,
10890,賖,5,0.00263 ,
10891,舎,5,0.00263 ,
10892,懾,5,0.00263 ,
10893,腎,5,0.00263 ,
10894,苼,5,0.00263 ,
10895,蝨,5,0.00263 ,
10896,鸀,5,0.00263 ,
10897,涗,5,0.00263 ,
10898,箾,5,0.00263 ,
10899,虒,5,0.00263 ,
10900,罳,5,0.00263 ,
10901,罒,5,0.00263 ,
10902,覗,5,0.00263 ,
10903,睟,5,0.00263 ,
10904,潠,5,0.00263 ,
10905,簔,5,0.00263 ,
10906,颱,5,0.00263 ,
10907,铴,5,0.00263 ,
10908,劏,5,0.00263 ,
10909,鵜,5,0.00263 ,
10910,洟,5,0.00263 ,
10911,跕,5,0.00263 ,
10912,驖,5,0.00263 ,
10913,庝,5,0.00263 ,
10914,膧,5,0.00263 ,
10915,亠,5,0.00263 ,
10916,猯,5,0.00263 ,
10917,慱,5,0.00263 ,
10918,蹆,5,0.00263 ,
10919,蛻,5,0.00263 ,
10920,焞,5,0.00263 ,
10921,喎,5,0.00263 ,
10922,睕,5,0.00263 ,
10923,踠,5,0.00263 ,
10924,硊,5,0.00263 ,
10925,蒍,5,0.00263 ,
10926,僞,5,0.00263 ,
10927,煟,5,0.00263 ,
10928,絻,5,0.00263 ,
10929,暡,5,0.00263 ,
10930,仴,5,0.00263 ,
10931,鹀,5,0.00263 ,
10932,睎,5,0.00263 ,
10933,錫,5,0.00263 ,
10934,塈,5,0.00263 ,
10935,澙,5,0.00263 ,
10936,嚱,5,0.00263 ,
10937,轄,5,0.00263 ,
10938,秈,5,0.00263 ,
10939,銜,5,0.00263 ,
10940,饗,5,0.00263 ,
10941,嘐,5,0.00263 ,
10942,謞,5,0.00263 ,
10943,峫,5,0.00263 ,
10944,脋,5,0.00263 ,
10945,灺,5,0.00263 ,
10946,伈,5,0.00263 ,
10947,郉,5,0.00263 ,
10948,蘐,5,0.00263 ,
10949,娫,5,0.00263 ,
10950,暘,5,0.00263 ,
10951,颺,5,0.00263 ,
10952,榚,5,0.00263 ,
10953,葯,5,0.00263 ,
10954,匜,5,0.00263 ,
10955,柂,5,0.00263 ,
10956,佁,5,0.00263 ,
10957,帟,5,0.00263 ,
10958,勚,5,0.00263 ,
10959,獈,5,0.00263 ,
10960,縊,5,0.00263 ,
10961,檍,5,0.00263 ,
10962,豷,5,0.00263 ,
10963,饐,5,0.00263 ,
10964,犾,5,0.00263 ,
10965,珢,5,0.00263 ,
10966,婬,5,0.00263 ,
10967,鮣,5,0.00263 ,
10968,巆,5,0.00263 ,
10969,鞕,5,0.00263 ,
10970,槦,5,0.00263 ,
10971,噰,5,0.00263 ,
10972,嚘,5,0.00263 ,
10973,庮,5,0.00263 ,
10974,铕,5,0.00263 ,
10975,狖,5,0.00263 ,
10976,砡,5,0.00263 ,
10977,薁,5,0.00263 ,
10978,蚖,5,0.00263 ,
10979,蝯,5,0.00263 ,
10980,矱,5,0.00263 ,
10981,鈅,5,0.00263 ,
10982,涢,5,0.00263 ,
10983,雑,5,0.00263 ,
10984,兂,5,0.00263 ,
10985,柵,5,0.00263 ,
10986,鳣,5,0.00263 ,
10987,棧,5,0.00263 ,
10988,埑,5,0.00263 ,
10989,碪,5,0.00263 ,
10990,裖,5,0.00263 ,
10991,眹,5,0.00263 ,
10992,箏,5,0.00263 ,
10993,祬,5,0.00263 ,
10994,抧,5,0.00263 ,
10995,墆,5,0.00263 ,
10996,礩,5,0.00263 ,
10997,淍,5,0.00263 ,
10998,謅,5,0.00263 ,
10999,咮,5,0.00263 ,
11000,僽,5,0.00263 ,
11001,鋳,5,0.00263 ,
11002,鵫,5,0.00263 ,
11003,漬,5,0.00263 ,
11004,棸,5,0.00263 ,
11005,籫,5,0.00263 ,
11006,祽,5,0.00263 ,
11007,檇,5,0.00263 ,
11008,餲,4,0.00211 ,
11009,諳,4,0.00211 ,
11010,洝,4,0.00211 ,
11011,垇,4,0.00211 ,
11012,癹,4,0.00211 ,
11013,跁,4,0.00211 ,
11014,挀,4,0.00211 ,
11015,薭,4,0.00211 ,
11016,褩,4,0.00211 ,
11017,幇,4,0.00211 ,
11018,牓,4,0.00211 ,
11019,琲,4,0.00211 ,
11020,柀,4,0.00211 ,
11021,貶,4,0.00211 ,
11022,虌,4,0.00211 ,
11023,冫,4,0.00211 ,
11024,馞,4,0.00211 ,
11025,蘗,4,0.00211 ,
11026,鳪,4,0.00211 ,
11027,咘,4,0.00211 ,
11028,戝,4,0.00211 ,
11029,黲,4,0.00211 ,
11030,凔,4,0.00211 ,
11031,摻,4,0.00211 ,
11032,闡,4,0.00211 ,
11033,烢,4,0.00211 ,
11034,諶,4,0.00211 ,
11035,庱,4,0.00211 ,
11036,恜,4,0.00211 ,
11037,懤,4,0.00211 ,
11038,櫉,4,0.00211 ,
11039,鶵,4,0.00211 ,
11040,舩,4,0.00211 ,
11041,歂,4,0.00211 ,
11042,汌,4,0.00211 ,
11043,醕,4,0.00211 ,
11044,逴,4,0.00211 ,
11045,擉,4,0.00211 ,
11046,茦,4,0.00211 ,
11047,噈,4,0.00211 ,
11048,皠,4,0.00211 ,
11049,脃,4,0.00211 ,
11050,墶,4,0.00211 ,
11051,荙,4,0.00211 ,
11052,躂,4,0.00211 ,
11053,襶,4,0.00211 ,
11054,酖,4,0.00211 ,
11055,帎,4,0.00211 ,
11056,窞,4,0.00211 ,
11057,瓽,4,0.00211 ,
11058,鍀,4,0.00211 ,
11059,玓,4,0.00211 ,
11060,嶳,4,0.00211 ,
11061,蒧,4,0.00211 ,
11062,窵,4,0.00211 ,
11063,詄,4,0.00211 ,
11064,颩,4,0.00211 ,
11065,蕫,4,0.00211 ,
11066,闘,4,0.00211 ,
11067,竇,4,0.00211 ,
11068,仛,4,0.00211 ,
11069,喥,4,0.00211 ,
11070,鐸,4,0.00211 ,
11071,躱,4,0.00211 ,
11072,鵞,4,0.00211 ,
11073,蕚,4,0.00211 ,
11074,陑,4,0.00211 ,
11075,鲕,4,0.00211 ,
11076,髪,4,0.00211 ,
11077,訉,4,0.00211 ,
11078,盕,4,0.00211 ,
11079,坆,4,0.00211 ,
11080,蚠,4,0.00211 ,
11081,缻,4,0.00211 ,
11082,帗,4,0.00211 ,
11083,輻,4,0.00211 ,
11084,姟,4,0.00211 ,
11085,忋,4,0.00211 ,
11086,汵,4,0.00211 ,
11087,檊,4,0.00211 ,
11088,矼,4,0.00211 ,
11089,藳,4,0.00211 ,
11090,筶,4,0.00211 ,
11091,誥,4,0.00211 ,
11092,裓,4,0.00211 ,
11093,觡,4,0.00211 ,
11094,菮,4,0.00211 ,
11095,嗰,4,0.00211 ,
11096,羾,4,0.00211 ,
11097,簼,4,0.00211 ,
11098,唂,4,0.00211 ,
11099,軱,4,0.00211 ,
11100,鮕,4,0.00211 ,
11101,淈,4,0.00211 ,
11102,騧,4,0.00211 ,
11103,叧,4,0.00211 ,
11104,罫,4,0.00211 ,
11105,覌,4,0.00211 ,
11106,閨,4,0.00211 ,
11107,膭,4,0.00211 ,
11108,庪,4,0.00211 ,
11109,劊,4,0.00211 ,
11110,彍,4,0.00211 ,
11111,虷,4,0.00211 ,
11112,鋎,4,0.00211 ,
11113,雗,4,0.00211 ,
11114,妔,4,0.00211 ,
11115,籇,4,0.00211 ,
11116,灴,4,0.00211 ,
11117,宖,4,0.00211 ,
11118,錿,4,0.00211 ,
11119,鳠,4,0.00211 ,
11120,糀,4,0.00211 ,
11121,懐,4,0.00211 ,
11122,壊,4,0.00211 ,
11123,嚾,4,0.00211 ,
11124,偟,4,0.00211 ,
11125,揘,4,0.00211 ,
11126,艎,4,0.00211 ,
11127,穔,4,0.00211 ,
11128,兤,4,0.00211 ,
11129,榥,4,0.00211 ,
11130,暉,4,0.00211 ,
11131,睳,4,0.00211 ,
11132,褘,4,0.00211 ,
11133,噅,4,0.00211 ,
11134,燬,4,0.00211 ,
11135,橞,4,0.00211 ,
11136,焝,4,0.00211 ,
11137,偮,4,0.00211 ,
11138,耤,4,0.00211 ,
11139,鷑,4,0.00211 ,
11140,鮆,4,0.00211 ,
11141,檵,4,0.00211 ,
11142,榎,4,0.00211 ,
11143,葏,4,0.00211 ,
11144,箋,4,0.00211 ,
11145,緘,4,0.00211 ,
11146,篯,4,0.00211 ,
11147,梘,4,0.00211 ,
11148,瞼,4,0.00211 ,
11149,瀽,4,0.00211 ,
11150,絳,4,0.00211 ,
11151,畺,4,0.00211 ,
11152,鵁,4,0.00211 ,
11153,鷮,4,0.00211 ,
11154,繳,4,0.00211 ,
11155,譑,4,0.00211 ,
11156,煯,4,0.00211 ,
11157,鶛,4,0.00211 ,
11158,刦,4,0.00211 ,
11159,袺,4,0.00211 ,
11160,枃,4,0.00211 ,
11161,頚,4,0.00211 ,
11162,冋,4,0.00211 ,
11163,廄,4,0.00211 ,
11164,砠,4,0.00211 ,
11165,腒,4,0.00211 ,
11166,駒,4,0.00211 ,
11167,鴡,4,0.00211 ,
11168,鶋,4,0.00211 ,
11169,犑,4,0.00211 ,
11170,怚,4,0.00211 ,
11171,飬,4,0.00211 ,
11172,屩,4,0.00211 ,
11173,亅,4,0.00211 ,
11174,趹,4,0.00211 ,
11175,鶌,4,0.00211 ,
11176,垰,4,0.00211 ,
11177,鱇,4,0.00211 ,
11178,邟,4,0.00211 ,
11179,薖,4,0.00211 ,
11180,頦,4,0.00211 ,
11181,礚,4,0.00211 ,
11182,渇,4,0.00211 ,
11183,涳,4,0.00211 ,
11184,瞉,4,0.00211 ,
11185,絝,4,0.00211 ,
11186,誑,4,0.00211 ,
11187,鵟,4,0.00211 ,
11188,鄈,4,0.00211 ,
11189,煃,4,0.00211 ,
11190,樻,4,0.00211 ,
11191,鵾,4,0.00211 ,
11192,霩,4,0.00211 ,
11193,倈,4,0.00211 ,
11194,顟,4,0.00211 ,
11195,耮,4,0.00211 ,
11196,塁,4,0.00211 ,
11197,讄,4,0.00211 ,
11198,鸓,4,0.00211 ,
11199,棃,4,0.00211 ,
11200,斄,4,0.00211 ,
11201,砅,4,0.00211 ,
11202,蒞,4,0.00211 ,
11203,暦,4,0.00211 ,
11204,鴗,4,0.00211 ,
11205,犡,4,0.00211 ,
11206,皪,4,0.00211 ,
11207,礫,4,0.00211 ,
11208,攦,4,0.00211 ,
11209,慩,4,0.00211 ,
11210,魎,4,0.00211 ,
11211,竂,4,0.00211 ,
11212,簝,4,0.00211 ,
11213,浖,4,0.00211 ,
11214,睙,4,0.00211 ,
11215,鏻,4,0.00211 ,
11216,廩,4,0.00211 ,
11217,癝,4,0.00211 ,
11218,鹠,4,0.00211 ,
11219,耬,4,0.00211 ,
11220,螻,4,0.00211 ,
11221,鏤,4,0.00211 ,
11222,滷,4,0.00211 ,
11223,勠,4,0.00211 ,
11224,踛,4,0.00211 ,
11225,驢,4,0.00211 ,
11226,哷,4,0.00211 ,
11227,鵅,4,0.00211 ,
11228,嫲,4,0.00211 ,
11229,犘,4,0.00211 ,
11230,祃,4,0.00211 ,
11231,髳,4,0.00211 ,
11232,嚰,4,0.00211 ,
11233,呅,4,0.00211 ,
11234,鋂,4,0.00211 ,
11235,蝱,4,0.00211 ,
11236,鯭,4,0.00211 ,
11237,幎,4,0.00211 ,
11238,濗,4,0.00211 ,
11239,黽,4,0.00211 ,
11240,蠠,4,0.00211 ,
11241,謩,4,0.00211 ,
11242,劘,4,0.00211 ,
11243,慔,4,0.00211 ,
11244,廼,4,0.00211 ,
11245,褦,4,0.00211 ,
11246,儗,4,0.00211 ,
11247,惄,4,0.00211 ,
11248,鸋,4,0.00211 ,
11249,儂,4,0.00211 ,
11250,笯,4,0.00211 ,
11251,駑,4,0.00211 ,
11252,鳑,4,0.00211 ,
11253,麅,4,0.00211 ,
11254,毰,4,0.00211 ,
11255,漰,4,0.00211 ,
11256,錋,4,0.00211 ,
11257,翍,4,0.00211 ,
11258,礕,4,0.00211 ,
11259,闝,4,0.00211 ,
11260,砯,4,0.00211 ,
11261,帡,4,0.00211 ,
11262,箁,4,0.00211 ,
11263,掑,4,0.00211 ,
11264,鵸,4,0.00211 ,
11265,鶀,4,0.00211 ,
11266,岒,4,0.00211 ,
11267,扲,4,0.00211 ,
11268,鉗,4,0.00211 ,
11269,繾,4,0.00211 ,
11270,斨,4,0.00211 ,
11271,蹌,4,0.00211 ,
11272,癿,4,0.00211 ,
11273,嶔,4,0.00211 ,
11274,抋,4,0.00211 ,
11275,卭,4,0.00211 ,
11276,瞏,4,0.00211 ,
11277,逎,4,0.00211 ,
11278,銶,4,0.00211 ,
11279,岨,4,0.00211 ,
11280,烇,4,0.00211 ,
11281,韏,4,0.00211 ,
11282,搉,4,0.00211 ,
11283,羣,4,0.00211 ,
11284,遶,4,0.00211 ,
11285,魜,4,0.00211 ,
11286,纴,4,0.00211 ,
11287,鴽,4,0.00211 ,
11288,醹,4,0.00211 ,
11289,鱬,4,0.00211 ,
11290,堧,4,0.00211 ,
11291,愞,4,0.00211 ,
11292,慅,4,0.00211 ,
11293,氉,4,0.00211 ,
11294,篸,4,0.00211 ,
11295,幓,4,0.00211 ,
11296,澘,4,0.00211 ,
11297,晱,4,0.00211 ,
11298,墠,4,0.00211 ,
11299,殤,4,0.00211 ,
11300,觴,4,0.00211 ,
11301,虵,4,0.00211 ,
11302,頣,4,0.00211 ,
11303,瑡,4,0.00211 ,
11304,旹,4,0.00211 ,
11305,疎,4,0.00211 ,
11306,橾,4,0.00211 ,
11307,鮛,4,0.00211 ,
11308,藷,4,0.00211 ,
11309,誜,4,0.00211 ,
11310,灀,4,0.00211 ,
11311,糹,4,0.00211 ,
11312,慫,4,0.00211 ,
11313,訟,4,0.00211 ,
11314,醙,4,0.00211 ,
11315,藪,4,0.00211 ,
11316,傃,4,0.00211 ,
11317,鋉,4,0.00211 ,
11318,飱,4,0.00211 ,
11319,嗩,4,0.00211 ,
11320,榙,4,0.00211 ,
11321,涾,4,0.00211 ,
11322,禢,4,0.00211 ,
11323,痑,4,0.00211 ,
11324,嘽,4,0.00211 ,
11325,襢,4,0.00211 ,
11326,舕,4,0.00211 ,
11327,鞺,4,0.00211 ,
11328,嵣,4,0.00211 ,
11329,漟,4,0.00211 ,
11330,赯,4,0.00211 ,
11331,幍,4,0.00211 ,
11332,匋,4,0.00211 ,
11333,膯,4,0.00211 ,
11334,謄,4,0.00211 ,
11335,虅,4,0.00211 ,
11336,恌,4,0.00211 ,
11337,芀,4,0.00211 ,
11338,蓨,4,0.00211 ,
11339,鯈,4,0.00211 ,
11340,誂,4,0.00211 ,
11341,怗,4,0.00211 ,
11342,鐡,4,0.00211 ,
11343,楟,4,0.00211 ,
11344,娗,4,0.00211 ,
11345,氃,4,0.00211 ,
11346,慟,4,0.00211 ,
11347,敨,4,0.00211 ,
11348,捸,4,0.00211 ,
11349,鼵,4,0.00211 ,
11350,鵌,4,0.00211 ,
11351,迌,4,0.00211 ,
11352,鵵,4,0.00211 ,
11353,団,4,0.00211 ,
11354,鏄,4,0.00211 ,
11355,穨,4,0.00211 ,
11356,黗,4,0.00211 ,
11357,陁,4,0.00211 ,
11358,紽,4,0.00211 ,
11359,橢,4,0.00211 ,
11360,搲,4,0.00211 ,
11361,輓,4,0.00211 ,
11362,嶶,4,0.00211 ,
11363,痏,4,0.00211 ,
11364,蔿,4,0.00211 ,
11365,轀,4,0.00211 ,
11366,猧,4,0.00211 ,
11367,捰,4,0.00211 ,
11368,弙,4,0.00211 ,
11369,汚,4,0.00211 ,
11370,扤,4,0.00211 ,
11371,悮,4,0.00211 ,
11372,忚,4,0.00211 ,
11373,赥,4,0.00211 ,
11374,搳,4,0.00211 ,
11375,杴,4,0.00211 ,
11376,纎,4,0.00211 ,
11377,嫺,4,0.00211 ,
11378,臽,4,0.00211 ,
11379,僩,4,0.00211 ,
11380,饟,4,0.00211 ,
11381,啋,4,0.00211 ,
11382,絏,4,0.00211 ,
11383,夑,4,0.00211 ,
11384,盺,4,0.00211 ,
11385,諝,4,0.00211 ,
11386,咺,4,0.00211 ,
11387,眴,4,0.00211 ,
11388,澩,4,0.00211 ,
11389,吷,4,0.00211 ,
11390,勛,4,0.00211 ,
11391,潯,4,0.00211 ,
11392,殾,4,0.00211 ,
11393,崕,4,0.00211 ,
11394,穵,4,0.00211 ,
11395,莚,4,0.00211 ,
11396,綖,4,0.00211 ,
11397,扊,4,0.00211 ,
11398,騐,4,0.00211 ,
11399,炴,4,0.00211 ,
11400,抭,4,0.00211 ,
11401,鴢,4,0.00211 ,
11402,敼,4,0.00211 ,
11403,伇,4,0.00211 ,
11404,忔,4,0.00211 ,
11405,埶,4,0.00211 ,
11406,歝,4,0.00211 ,
11407,驛,4,0.00211 ,
11408,粌,4,0.00211 ,
11409,茚,4,0.00211 ,
11410,癊,4,0.00211 ,
11411,濴,4,0.00211 ,
11412,矨,4,0.00211 ,
11413,浧,4,0.00211 ,
11414,廮,4,0.00211 ,
11415,栐,4,0.00211 ,
11416,滺,4,0.00211 ,
11417,輶,4,0.00211 ,
11418,紆,4,0.00211 ,
11419,歈,4,0.00211 ,
11420,羭,4,0.00211 ,
11421,輿,4,0.00211 ,
11422,悆,4,0.00211 ,
11423,焴,4,0.00211 ,
11424,蒮,4,0.00211 ,
11425,繘,4,0.00211 ,
11426,醧,4,0.00211 ,
11427,鴛,4,0.00211 ,
11428,鵷,4,0.00211 ,
11429,厡,4,0.00211 ,
11430,縁,4,0.00211 ,
11431,羱,4,0.00211 ,
11432,衏,4,0.00211 ,
11433,禐,4,0.00211 ,
11434,禴,4,0.00211 ,
11435,篔,4,0.00211 ,
11436,殞,4,0.00211 ,
11437,磼,4,0.00211 ,
11438,洅,4,0.00211 ,
11439,灒,4,0.00211 ,
11440,駔,4,0.00211 ,
11441,歵,4,0.00211 ,
11442,鋥,4,0.00211 ,
11443,迊,4,0.00211 ,
11444,齄,4,0.00211 ,
11445,閘,4,0.00211 ,
11446,醡,4,0.00211 ,
11447,斎,4,0.00211 ,
11448,嶦,4,0.00211 ,
11449,桟,4,0.00211 ,
11450,轏,4,0.00211 ,
11451,窼,4,0.00211 ,
11452,悊,4,0.00211 ,
11453,殝,4,0.00211 ,
11454,鍖,4,0.00211 ,
11455,炡,4,0.00211 ,
11456,聇,4,0.00211 ,
11457,氶,4,0.00211 ,
11458,坧,4,0.00211 ,
11459,徏,4,0.00211 ,
11460,銍,4,0.00211 ,
11461,懫,4,0.00211 ,
11462,鱄,4,0.00211 ,
11463,籑,4,0.00211 ,
11464,餟,4,0.00211 ,
11465,稕,4,0.00211 ,
11466,琸,4,0.00211 ,
11467,叕,4,0.00211 ,
11468,斵,4,0.00211 ,
11469,鼒,4,0.00211 ,
11470,鶅,4,0.00211 ,
11471,齜,4,0.00211 ,
11472,呰,4,0.00211 ,
11473,胾,4,0.00211 ,
11474,緅,4,0.00211 ,
11475,踤,4,0.00211 ,
11476,秨,4,0.00211 ,
11477,筰,4,0.00211 ,
11478,皚,3,0.00158 ,
11479,僾,3,0.00158 ,
11480,懝,3,0.00158 ,
11481,侒,3,0.00158 ,
11482,媕,3,0.00158 ,
11483,柪,3,0.00158 ,
11484,謷,3,0.00158 ,
11485,鼇,3,0.00158 ,
11486,芺,3,0.00158 ,
11487,驁,3,0.00158 ,
11488,哵,3,0.00158 ,
11489,羓,3,0.00158 ,
11490,朌,3,0.00158 ,
11491,玤,3,0.00158 ,
11492,桮,3,0.00158 ,
11493,倴,3,0.00158 ,
11494,綳,3,0.00158 ,
11495,琣,3,0.00158 ,
11496,疕,3,0.00158 ,
11497,滭,3,0.00158 ,
11498,箆,3,0.00158 ,
11499,馝,3,0.00158 ,
11500,鄨,3,0.00158 ,
11501,贔,3,0.00158 ,
11502,猵,3,0.00158 ,
11503,爂,3,0.00158 ,
11504,鑣,3,0.00158 ,
11505,鼈,3,0.00158 ,
11506,霦,3,0.00158 ,
11507,陃,3,0.00158 ,
11508,鉼,3,0.00158 ,
11509,餠,3,0.00158 ,
11510,蹳,3,0.00158 ,
11511,胉,3,0.00158 ,
11512,箥,3,0.00158 ,
11513,鸔,3,0.00158 ,
11514,箣,3,0.00158 ,
11515,梣,3,0.00158 ,
11516,笒,3,0.00158 ,
11517,梴,3,0.00158 ,
11518,蟬,3,0.00158 ,
11519,嚵,3,0.00158 ,
11520,瀺,3,0.00158 ,
11521,懴,3,0.00158 ,
11522,伡,3,0.00158 ,
11523,迠,3,0.00158 ,
11524,硩,3,0.00158 ,
11525,謓,3,0.00158 ,
11526,讖,3,0.00158 ,
11527,朾,3,0.00158 ,
11528,娍,3,0.00158 ,
11529,筬,3,0.00158 ,
11530,鋮,3,0.00158 ,
11531,瀓,3,0.00158 ,
11532,趍,3,0.00158 ,
11533,胣,3,0.00158 ,
11534,漴,3,0.00158 ,
11535,鋤,3,0.00158 ,
11536,檚,3,0.00158 ,
11537,膗,3,0.00158 ,
11538,窻,3,0.00158 ,
11539,漘,3,0.00158 ,
11540,踳,3,0.00158 ,
11541,辤,3,0.00158 ,
11542,餈,3,0.00158 ,
11543,薋,3,0.00158 ,
11544,朿,3,0.00158 ,
11545,蟌,3,0.00158 ,
11546,藂,3,0.00158 ,
11547,趗,3,0.00158 ,
11548,慛,3,0.00158 ,
11549,膵,3,0.00158 ,
11550,刐,3,0.00158 ,
11551,撣,3,0.00158 ,
11552,僤,3,0.00158 ,
11553,襠,3,0.00158 ,
11554,魛,3,0.00158 ,
11555,惪,3,0.00158 ,
11556,璒,3,0.00158 ,
11557,鸐,3,0.00158 ,
11558,諦,3,0.00158 ,
11559,槙,3,0.00158 ,
11560,巓,3,0.00158 ,
11561,蜨,3,0.00158 ,
11562,眰,3,0.00158 ,
11563,奵,3,0.00158 ,
11564,犢,3,0.00158 ,
11565,靯,3,0.00158 ,
11566,祋,3,0.00158 ,
11567,懟,3,0.00158 ,
11568,噸,3,0.00158 ,
11569,朶,3,0.00158 ,
11570,咢,3,0.00158 ,
11571,堊,3,0.00158 ,
11572,搤,3,0.00158 ,
11573,児,3,0.00158 ,
11574,耏,3,0.00158 ,
11575,輀,3,0.00158 ,
11576,餌,3,0.00158 ,
11577,駬,3,0.00158 ,
11578,刵,3,0.00158 ,
11579,咡,3,0.00158 ,
11580,旙,3,0.00158 ,
11581,蠜,3,0.00158 ,
11582,嬎,3,0.00158 ,
11583,趽,3,0.00158 ,
11584,婓,3,0.00158 ,
11585,馡,3,0.00158 ,
11586,厞,3,0.00158 ,
11587,鼣,3,0.00158 ,
11588,溄,3,0.00158 ,
11589,犎,3,0.00158 ,
11590,鄷,3,0.00158 ,
11591,夆,3,0.00158 ,
11592,覅,3,0.00158 ,
11593,砆,3,0.00158 ,
11594,荂,3,0.00158 ,
11595,禣,3,0.00158 ,
11596,輹,3,0.00158 ,
11597,玍,3,0.00158 ,
11598,峐,3,0.00158 ,
11599,皯,3,0.00158 ,
11600,鳡,3,0.00158 ,
11601,贛,3,0.00158 ,
11602,戇,3,0.00158 ,
11603,餻,3,0.00158 ,
11604,鼛,3,0.00158 ,
11605,槀,3,0.00158 ,
11606,犵,3,0.00158 ,
11607,鞈,3,0.00158 ,
11608,挭,3,0.00158 ,
11609,鯁,3,0.00158 ,
11610,厷,3,0.00158 ,
11611,兣,3,0.00158 ,
11612,耇,3,0.00158 ,
11613,鼔,3,0.00158 ,
11614,棝,3,0.00158 ,
11615,鲴,3,0.00158 ,
11616,焻,3,0.00158 ,
11617,煱,3,0.00158 ,
11618,緺,3,0.00158 ,
11619,爟,3,0.00158 ,
11620,椝,3,0.00158 ,
11621,氿,3,0.00158 ,
11622,垝,3,0.00158 ,
11623,溎,3,0.00158 ,
11624,鱖,3,0.00158 ,
11625,鮌,3,0.00158 ,
11626,圀,3,0.00158 ,
11627,褁,3,0.00158 ,
11628,駴,3,0.00158 ,
11629,凾,3,0.00158 ,
11630,暵,3,0.00158 ,
11631,獆,3,0.00158 ,
11632,皜,3,0.00158 ,
11633,頜,3,0.00158 ,
11634,覈,3,0.00158 ,
11635,寉,3,0.00158 ,
11636,脝,3,0.00158 ,
11637,谾,3,0.00158 ,
11638,耾,3,0.00158 ,
11639,虖,3,0.00158 ,
11640,芐,3,0.00158 ,
11641,撶,3,0.00158 ,
11642,觟,3,0.00158 ,
11643,樺,3,0.00158 ,
11644,寏,3,0.00158 ,
11645,綄,3,0.00158 ,
11646,貆,3,0.00158 ,
11647,豲,3,0.00158 ,
11648,渙,3,0.00158 ,
11649,煥,3,0.00158 ,
11650,瘓,3,0.00158 ,
11651,瑝,3,0.00158 ,
11652,晄,3,0.00158 ,
11653,烣,3,0.00158 ,
11654,賄,3,0.00158 ,
11655,誨,3,0.00158 ,
11656,暳,3,0.00158 ,
11657,獩,3,0.00158 ,
11658,謋,3,0.00158 ,
11659,夻,3,0.00158 ,
11660,筓,3,0.00158 ,
11661,觭,3,0.00158 ,
11662,韲,3,0.00158 ,
11663,鶏,3,0.00158 ,
11664,齏,3,0.00158 ,
11665,彐,3,0.00158 ,
11666,継,3,0.00158 ,
11667,暩,3,0.00158 ,
11668,薊,3,0.00158 ,
11669,鵋,3,0.00158 ,
11670,齌,3,0.00158 ,
11671,癠,3,0.00158 ,
11672,裌,3,0.00158 ,
11673,莢,3,0.00158 ,
11674,賈,3,0.00158 ,
11675,麉,3,0.00158 ,
11676,瑐,3,0.00158 ,
11677,剣,3,0.00158 ,
11678,瞯,3,0.00158 ,
11679,摪,3,0.00158 ,
11680,螀,3,0.00158 ,
11681,醤,3,0.00158 ,
11682,勦,3,0.00158 ,
11683,撹,3,0.00158 ,
11684,呌,3,0.00158 ,
11685,皭,3,0.00158 ,
11686,椄,3,0.00158 ,
11687,刼,3,0.00158 ,
11688,衱,3,0.00158 ,
11689,迼,3,0.00158 ,
11690,訐,3,0.00158 ,
11691,吤,3,0.00158 ,
11692,浕,3,0.00158 ,
11693,賮,3,0.00158 ,
11694,秔,3,0.00158 ,
11695,鶄,3,0.00158 ,
11696,麖,3,0.00158 ,
11697,鼱,3,0.00158 ,
11698,妌,3,0.00158 ,
11699,脛,3,0.00158 ,
11700,絅,3,0.00158 ,
11701,鳩,3,0.00158 ,
11702,倃,3,0.00158 ,
11703,廐,3,0.00158 ,
11704,洰,3,0.00158 ,
11705,埧,3,0.00158 ,
11706,焣,3,0.00158 ,
11707,裐,3,0.00158 ,
11708,鋗,3,0.00158 ,
11709,砄,3,0.00158 ,
11710,鐍,3,0.00158 ,
11711,钁,3,0.00158 ,
11712,箘,3,0.00158 ,
11713,鉲,3,0.00158 ,
11714,闓,3,0.00158 ,
11715,忼,3,0.00158 ,
11716,匼,3,0.00158 ,
11717,桍,3,0.00158 ,
11718,洭,3,0.00158 ,
11719,蘷,3,0.00158 ,
11720,躨,3,0.00158 ,
11721,噋,3,0.00158 ,
11722,鬎,3,0.00158 ,
11723,攬,3,0.00158 ,
11724,崀,3,0.00158 ,
11725,唥,3,0.00158 ,
11726,労,3,0.00158 ,
11727,髝,3,0.00158 ,
11728,韷,3,0.00158 ,
11729,傫,3,0.00158 ,
11730,礨,3,0.00158 ,
11731,倰,3,0.00158 ,
11732,謧,3,0.00158 ,
11733,鯉,3,0.00158 ,
11734,涖,3,0.00158 ,
11735,凓,3,0.00158 ,
11736,棙,3,0.00158 ,
11737,癘,3,0.00158 ,
11738,禲,3,0.00158 ,
11739,溓,3,0.00158 ,
11740,燫,3,0.00158 ,
11741,瑓,3,0.00158 ,
11742,纞,3,0.00158 ,
11743,嵺,3,0.00158 ,
11744,嶛,3,0.00158 ,
11745,撛,3,0.00158 ,
11746,澟,3,0.00158 ,
11747,昤,3,0.00158 ,
11748,掕,3,0.00158 ,
11749,祾,3,0.00158 ,
11750,軨,3,0.00158 ,
11751,癅,3,0.00158 ,
11752,蕯,3,0.00158 ,
11753,聾,3,0.00158 ,
11754,婁,3,0.00158 ,
11755,溇,3,0.00158 ,
11756,瓐,3,0.00158 ,
11757,臚,3,0.00158 ,
11758,纑,3,0.00158 ,
11759,稑,3,0.00158 ,
11760,賂,3,0.00158 ,
11761,輅,3,0.00158 ,
11762,簶,3,0.00158 ,
11763,馿,3,0.00158 ,
11764,氀,3,0.00158 ,
11765,灤,3,0.00158 ,
11766,癵,3,0.00158 ,
11767,埨,3,0.00158 ,
11768,禡,3,0.00158 ,
11769,慲,3,0.00158 ,
11770,澫,3,0.00158 ,
11771,笀,3,0.00158 ,
11772,蛖,3,0.00158 ,
11773,枆,3,0.00158 ,
11774,錨,3,0.00158 ,
11775,鄮,3,0.00158 ,
11776,甿,3,0.00158 ,
11777,溕,3,0.00158 ,
11778,夣,3,0.00158 ,
11779,沕,3,0.00158 ,
11780,覔,3,0.00158 ,
11781,謐,3,0.00158 ,
11782,簚,3,0.00158 ,
11783,敃,3,0.00158 ,
11784,僶,3,0.00158 ,
11785,帞,3,0.00158 ,
11786,眜,3,0.00158 ,
11787,粖,3,0.00158 ,
11788,纆,3,0.00158 ,
11789,鉾,3,0.00158 ,
11790,袦,3,0.00158 ,
11791,抩,3,0.00158 ,
11792,嚢,3,0.00158 ,
11793,訥,3,0.00158 ,
11794,鯢,3,0.00158 ,
11795,柅,3,0.00158 ,
11796,愵,3,0.00158 ,
11797,秥,3,0.00158 ,
11798,醸,3,0.00158 ,
11799,聶,3,0.00158 ,
11800,糱,3,0.00158 ,
11801,寕,3,0.00158 ,
11802,擰,3,0.00158 ,
11803,濘,3,0.00158 ,
11804,沑,3,0.00158 ,
11805,膿,3,0.00158 ,
11806,醲,3,0.00158 ,
11807,癑,3,0.00158 ,
11808,獳,3,0.00158 ,
11809,儺,3,0.00158 ,
11810,縏,3,0.00158 ,
11811,鋬,3,0.00158 ,
11812,礮,3,0.00158 ,
11813,匉,3,0.00158 ,
11814,弸,3,0.00158 ,
11815,掽,3,0.00158 ,
11816,磇,3,0.00158 ,
11817,駓,3,0.00158 ,
11818,礔,3,0.00158 ,
11819,膍,3,0.00158 ,
11820,篺,3,0.00158 ,
11821,羆,3,0.00158 ,
11822,媥,3,0.00158 ,
11823,腁,3,0.00158 ,
11824,縹,3,0.00158 ,
11825,飃,3,0.00158 ,
11826,皫,3,0.00158 ,
11827,甹,3,0.00158 ,
11828,荓,3,0.00158 ,
11829,塀,3,0.00158 ,
11830,缾,3,0.00158 ,
11831,岥,3,0.00158 ,
11832,砶,3,0.00158 ,
11833,圤,3,0.00158 ,
11834,蒱,3,0.00158 ,
11835,錡,3,0.00158 ,
11836,鲯,3,0.00158 ,
11837,鬐,3,0.00158 ,
11838,騹,3,0.00158 ,
11839,裿,3,0.00158 ,
11840,栔,3,0.00158 ,
11841,摖,3,0.00158 ,
11842,鉛,3,0.00158 ,
11843,慳,3,0.00158 ,
11844,鵮,3,0.00158 ,
11845,忴,3,0.00158 ,
11846,傔,3,0.00158 ,
11847,棈,3,0.00158 ,
11848,漒,3,0.00158 ,
11849,薔,3,0.00158 ,
11850,繦,3,0.00158 ,
11851,鍬,3,0.00158 ,
11852,趬,3,0.00158 ,
11853,僑,3,0.00158 ,
11854,蕎,3,0.00158 ,
11855,陗,3,0.00158 ,
11856,綅,3,0.00158 ,
11857,儬,3,0.00158 ,
11858,笻,3,0.00158 ,
11859,璚,3,0.00158 ,
11860,阹,3,0.00158 ,
11861,粬,3,0.00158 ,
11862,誳,3,0.00158 ,
11863,髷,3,0.00158 ,
11864,胊,3,0.00158 ,
11865,覻,3,0.00158 ,
11866,婘,3,0.00158 ,
11867,毃,3,0.00158 ,
11868,纕,3,0.00158 ,
11869,懹,3,0.00158 ,
11870,讱,3,0.00158 ,
11871,扨,3,0.00158 ,
11872,軔,3,0.00158 ,
11873,鶔,3,0.00158 ,
11874,韖,3,0.00158 ,
11875,蕠,3,0.00158 ,
11876,燸,3,0.00158 ,
11877,扖,3,0.00158 ,
11878,緛,3,0.00158 ,
11879,瓀,3,0.00158 ,
11880,溞,3,0.00158 ,
11881,鳋,3,0.00158 ,
11882,髞,3,0.00158 ,
11883,琗,3,0.00158 ,
11884,嗇,3,0.00158 ,
11885,箑,3,0.00158 ,
11886,篩,3,0.00158 ,
11887,繕,3,0.00158 ,
11888,慯,3,0.00158 ,
11889,丄,3,0.00158 ,
11890,弰,3,0.00158 ,
11891,慴,3,0.00158 ,
11892,蠂,3,0.00158 ,
11893,柛,3,0.00158 ,
11894,駪,3,0.00158 ,
11895,邥,3,0.00158 ,
11896,宷,3,0.00158 ,
11897,剰,3,0.00158 ,
11898,琞,3,0.00158 ,
11899,鲺,3,0.00158 ,
11900,鼫,3,0.00158 ,
11901,揓,3,0.00158 ,
11902,獣,3,0.00158 ,
11903,杸,3,0.00158 ,
11904,尗,3,0.00158 ,
11905,鏣,3,0.00158 ,
11906,閂,3,0.00158 ,
11907,艭,3,0.00158 ,
11908,鉰,3,0.00158 ,
11909,餸,3,0.00158 ,
11910,蓃,3,0.00158 ,
11911,樕,3,0.00158 ,
11912,蹜,3,0.00158 ,
11913,夊,3,0.00158 ,
11914,嵗,3,0.00158 ,
11915,檖,3,0.00158 ,
11916,璲,3,0.00158 ,
11917,巺,3,0.00158 ,
11918,惢,3,0.00158 ,
11919,搨,3,0.00158 ,
11920,毾,3,0.00158 ,
11921,檯,3,0.00158 ,
11922,罎,3,0.00158 ,
11923,煻,3,0.00158 ,
11924,偒,3,0.00158 ,
11925,儻,3,0.00158 ,
11926,縧,3,0.00158 ,
11927,鞉,3,0.00158 ,
11928,貣,3,0.00158 ,
11929,漛,3,0.00158 ,
11930,蹏,3,0.00158 ,
11931,倎,3,0.00158 ,
11932,鲖,3,0.00158 ,
11933,偸,3,0.00158 ,
11934,媮,3,0.00158 ,
11935,鍮,3,0.00158 ,
11936,鷵,3,0.00158 ,
11937,摶,3,0.00158 ,
11938,漙,3,0.00158 ,
11939,湪,3,0.00158 ,
11940,隤,3,0.00158 ,
11941,旽,3,0.00158 ,
11942,朜,3,0.00158 ,
11943,芚,3,0.00158 ,
11944,豘,3,0.00158 ,
11945,咃,3,0.00158 ,
11946,駞,3,0.00158 ,
11947,鼃,3,0.00158 ,
11948,邷,3,0.00158 ,
11949,顡,3,0.00158 ,
11950,抏,3,0.00158 ,
11951,唍,3,0.00158 ,
11952,盌,3,0.00158 ,
11953,翫,3,0.00158 ,
11954,錽,3,0.00158 ,
11955,兦,3,0.00158 ,
11956,忹,3,0.00158 ,
11957,覣,3,0.00158 ,
11958,椲,3,0.00158 ,
11959,緯,3,0.00158 ,
11960,鮪,3,0.00158 ,
11961,衞,3,0.00158 ,
11962,褽,3,0.00158 ,
11963,輼,3,0.00158 ,
11964,忟,3,0.00158 ,
11965,穏,3,0.00158 ,
11966,郚,3,0.00158 ,
11967,莁,3,0.00158 ,
11968,瑦,3,0.00158 ,
11969,嵍,3,0.00158 ,
11970,悕,3,0.00158 ,
11971,渓,3,0.00158 ,
11972,翖,3,0.00158 ,
11973,徯,3,0.00158 ,
11974,誒,3,0.00158 ,
11975,豀,3,0.00158 ,
11976,雟,3,0.00158 ,
11977,觿,3,0.00158 ,
11978,赩,3,0.00158 ,
11979,谺,3,0.00158 ,
11980,颬,3,0.00158 ,
11981,廈,3,0.00158 ,
11982,枮,3,0.00158 ,
11983,衘,3,0.00158 ,
11984,諴,3,0.00158 ,
11985,尟,3,0.00158 ,
11986,憲,3,0.00158 ,
11987,錎,3,0.00158 ,
11988,鼸,3,0.00158 ,
11989,郷,3,0.00158 ,
11990,啌,3,0.00158 ,
11991,餉,3,0.00158 ,
11992,龤,3,0.00158 ,
11993,禼,3,0.00158 ,
11994,屧,3,0.00158 ,
11995,薢,3,0.00158 ,
11996,躠,3,0.00158 ,
11997,噺,3,0.00158 ,
11998,娙,3,0.00158 ,
11999,詾,3,0.00158 ,
12000,诇,3,0.00158 ,
12001,旴,3,0.00158 ,
12002,盨,3,0.00158 ,
12003,侐,3,0.00158 ,
12004,翧,3,0.00158 ,
12005,癬,3,0.00158 ,
12006,铔,3,0.00158 ,
12007,蕥,3,0.00158 ,
12008,襾,3,0.00158 ,
12009,婭,3,0.00158 ,
12010,嵒,3,0.00158 ,
12011,黤,3,0.00158 ,
12012,曕,3,0.00158 ,
12013,崵,3,0.00158 ,
12014,煬,3,0.00158 ,
12015,鸉,3,0.00158 ,
12016,猺,3,0.00158 ,
12017,仸,3,0.00158 ,
12018,苭,3,0.00158 ,
12019,鎁,3,0.00158 ,
12020,擪,3,0.00158 ,
12021,郼,3,0.00158 ,
12022,毉,3,0.00158 ,
12023,乁,3,0.00158 ,
12024,誃,3,0.00158 ,
12025,鏔,3,0.00158 ,
12026,迆,3,0.00158 ,
12027,苢,3,0.00158 ,
12028,旑,3,0.00158 ,
12029,兿,3,0.00158 ,
12030,熤,3,0.00158 ,
12031,繹,3,0.00158 ,
12032,醷,3,0.00158 ,
12033,韾,3,0.00158 ,
12034,訔,3,0.00158 ,
12035,龂,3,0.00158 ,
12036,蟫,3,0.00158 ,
12037,鷣,3,0.00158 ,
12038,螾,3,0.00158 ,
12039,媖,3,0.00158 ,
12040,嚶,3,0.00158 ,
12041,攖,3,0.00158 ,
12042,鶯,3,0.00158 ,
12043,鸚,3,0.00158 ,
12044,溋,3,0.00158 ,
12045,癰,3,0.00158 ,
12046,傛,3,0.00158 ,
12047,禜,3,0.00158 ,
12048,鲉,3,0.00158 ,
12049,牗,3,0.00158 ,
12050,邘,3,0.00158 ,
12051,歟,3,0.00158 ,
12052,敔,3,0.00158 ,
12053,魊,3,0.00158 ,
12054,渕,3,0.00158 ,
12055,獂,3,0.00158 ,
12056,蚎,3,0.00158 ,
12057,呍,3,0.00158 ,
12058,抣,3,0.00158 ,
12059,磒,3,0.00158 ,
12060,枟,3,0.00158 ,
12061,桚,3,0.00158 ,
12062,鉔,3,0.00158 ,
12063,鐕,3,0.00158 ,
12064,偺,3,0.00158 ,
12065,崱,3,0.00158 ,
12066,苲,3,0.00158 ,
12067,嶄,3,0.00158 ,
12068,粻,3,0.00158 ,
12069,佋,3,0.00158 ,
12070,桭,3,0.00158 ,
12071,鉁,3,0.00158 ,
12072,癥,3,0.00158 ,
12073,汦,3,0.00158 ,
12074,淽,3,0.00158 ,
12075,阤,3,0.00158 ,
12076,柣,3,0.00158 ,
12077,猘,3,0.00158 ,
12078,跱,3,0.00158 ,
12079,籦,3,0.00158 ,
12080,煄,3,0.00158 ,
12081,鸼,3,0.00158 ,
12082,軸,3,0.00158 ,
12083,縐,3,0.00158 ,
12084,泏,3,0.00158 ,
12085,秼,3,0.00158 ,
12086,膞,3,0.00158 ,
12087,転,3,0.00158 ,
12088,膇,3,0.00158 ,
12089,諄,3,0.00158 ,
12090,斮,3,0.00158 ,
12091,斀,3,0.00158 ,
12092,灂,3,0.00158 ,
12093,貲,3,0.00158 ,
12094,稯,3,0.00158 ,
12095,鬉,3,0.00158 ,
12096,鏓,3,0.00158 ,
12097,爼,3,0.00158 ,
12098,鑚,3,0.00158 ,
12099,嗺,3,0.00158 ,
12100,蟕,3,0.00158 ,
12101,酔,3,0.00158 ,
12102,噂,3,0.00158 ,
12103,溰,2,0.00105 ,
12104,昹,2,0.00105 ,
12105,硋,2,0.00105 ,
12106,鴱,2,0.00105 ,
12107,鑀,2,0.00105 ,
12108,靉,2,0.00105 ,
12109,鞌,2,0.00105 ,
12110,鮟,2,0.00105 ,
12111,岇,2,0.00105 ,
12112,軪,2,0.00105 ,
12113,镺,2,0.00105 ,
12114,釟,2,0.00105 ,
12115,瓪,2,0.00105 ,
12116,湴,2,0.00105 ,
12117,靽,2,0.00105 ,
12118,垹,2,0.00105 ,
12119,謗,2,0.00105 ,
12120,寳,2,0.00105 ,
12121,鑤,2,0.00105 ,
12122,犕,2,0.00105 ,
12123,誖,2,0.00105 ,
12124,骳,2,0.00105 ,
12125,賁,2,0.00105 ,
12126,伻,2,0.00105 ,
12127,祊,2,0.00105 ,
12128,埲,2,0.00105 ,
12129,塴,2,0.00105 ,
12130,鵖,2,0.00105 ,
12131,坒,2,0.00105 ,
12132,煏,2,0.00105 ,
12133,蓽,2,0.00105 ,
12134,飶,2,0.00105 ,
12135,罼,2,0.00105 ,
12136,襅,2,0.00105 ,
12137,廦,2,0.00105 ,
12138,篳,2,0.00105 ,
12139,躃,2,0.00105 ,
12140,魓,2,0.00105 ,
12141,覍,2,0.00105 ,
12142,閞,2,0.00105 ,
12143,頨,2,0.00105 ,
12144,骉,2,0.00105 ,
12145,臕,2,0.00105 ,
12146,飈,2,0.00105 ,
12147,汃,2,0.00105 ,
12148,鬂,2,0.00105 ,
12149,殯,2,0.00105 ,
12150,栟,2,0.00105 ,
12151,苪,2,0.00105 ,
12152,竝,2,0.00105 ,
12153,盋,2,0.00105 ,
12154,碆,2,0.00105 ,
12155,郣,2,0.00105 ,
12156,瓟,2,0.00105 ,
12157,猼,2,0.00105 ,
12158,豰,2,0.00105 ,
12159,簙,2,0.00105 ,
12160,鎛,2,0.00105 ,
12161,譒,2,0.00105 ,
12162,峬,2,0.00105 ,
12163,郶,2,0.00105 ,
12164,喰,2,0.00105 ,
12165,傪,2,0.00105 ,
12166,慙,2,0.00105 ,
12167,蠺,2,0.00105 ,
12168,濸,2,0.00105 ,
12169,鶬,2,0.00105 ,
12170,敇,2,0.00105 ,
12171,揷,2,0.00105 ,
12172,鑔,2,0.00105 ,
12173,紁,2,0.00105 ,
12174,詫,2,0.00105 ,
12175,喍,2,0.00105 ,
12176,袃,2,0.00105 ,
12177,幨,2,0.00105 ,
12178,儃,2,0.00105 ,
12179,幝,2,0.00105 ,
12180,譂,2,0.00105 ,
12181,锠,2,0.00105 ,
12182,鼚,2,0.00105 ,
12183,鱨,2,0.00105 ,
12184,鄛,2,0.00105 ,
12185,窲,2,0.00105 ,
12186,鼂,2,0.00105 ,
12187,麨,2,0.00105 ,
12188,瞮,2,0.00105 ,
12189,浾,2,0.00105 ,
12190,頳,2,0.00105 ,
12191,窚,2,0.00105 ,
12192,碀,2,0.00105 ,
12193,騁,2,0.00105 ,
12194,粚,2,0.00105 ,
12195,泜,2,0.00105 ,
12196,遅,2,0.00105 ,
12197,叺,2,0.00105 ,
12198,徸,2,0.00105 ,
12199,隀,2,0.00105 ,
12200,皗,2,0.00105 ,
12201,酧,2,0.00105 ,
12202,薵,2,0.00105 ,
12203,讐,2,0.00105 ,
12204,蒭,2,0.00105 ,
12205,幮,2,0.00105 ,
12206,櫥,2,0.00105 ,
12207,埱,2,0.00105 ,
12208,歜,2,0.00105 ,
12209,篅,2,0.00105 ,
12210,鶨,2,0.00105 ,
12211,牕,2,0.00105 ,
12212,埀,2,0.00105 ,
12213,鶞,2,0.00105 ,
12214,犉,2,0.00105 ,
12215,蓴,2,0.00105 ,
12216,辵,2,0.00105 ,
12217,娕,2,0.00105 ,
12218,鷀,2,0.00105 ,
12219,蛓,2,0.00105 ,
12220,螆,2,0.00105 ,
12221,囪,2,0.00105 ,
12222,茐,2,0.00105 ,
12223,楤,2,0.00105 ,
12224,暰,2,0.00105 ,
12225,聦,2,0.00105 ,
12226,孮,2,0.00105 ,
12227,輳,2,0.00105 ,
12228,觕,2,0.00105 ,
12229,憱,2,0.00105 ,
12230,簒,2,0.00105 ,
12231,鏙,2,0.00105 ,
12232,趡,2,0.00105 ,
12233,膬,2,0.00105 ,
12234,顇,2,0.00105 ,
12235,墫,2,0.00105 ,
12236,澊,2,0.00105 ,
12237,刌,2,0.00105 ,
12238,籿,2,0.00105 ,
12239,鹺,2,0.00105 ,
12240,銼,2,0.00105 ,
12241,剳,2,0.00105 ,
12242,龘,2,0.00105 ,
12243,紿,2,0.00105 ,
12244,貸,2,0.00105 ,
12245,靆,2,0.00105 ,
12246,妉,2,0.00105 ,
12247,単,2,0.00105 ,
12248,勯,2,0.00105 ,
12249,憺,2,0.00105 ,
12250,簹,2,0.00105 ,
12251,趤,2,0.00105 ,
12252,璗,2,0.00105 ,
12253,蘯,2,0.00105 ,
12254,舠,2,0.00105 ,
12255,禱,2,0.00105 ,
12256,瓙,2,0.00105 ,
12257,悳,2,0.00105 ,
12258,嬁,2,0.00105 ,
12259,鍉,2,0.00105 ,
12260,嚁,2,0.00105 ,
12261,詆,2,0.00105 ,
12262,杕,2,0.00105 ,
12263,逓,2,0.00105 ,
12264,祶,2,0.00105 ,
12265,蔕,2,0.00105 ,
12266,蝃,2,0.00105 ,
12267,遰,2,0.00105 ,
12268,甋,2,0.00105 ,
12269,齻,2,0.00105 ,
12270,婰,2,0.00105 ,
12271,鳭,2,0.00105 ,
12272,藋,2,0.00105 ,
12273,眣,2,0.00105 ,
12274,耊,2,0.00105 ,
12275,惵,2,0.00105 ,
12276,臷,2,0.00105 ,
12277,諜,2,0.00105 ,
12278,铥,2,0.00105 ,
12279,昸,2,0.00105 ,
12280,埬,2,0.00105 ,
12281,挏,2,0.00105 ,
12282,湩,2,0.00105 ,
12283,詷,2,0.00105 ,
12284,剢,2,0.00105 ,
12285,匵,2,0.00105 ,
12286,贕,2,0.00105 ,
12287,痽,2,0.00105 ,
12288,譵,2,0.00105 ,
12289,橔,2,0.00105 ,
12290,躉,2,0.00105 ,
12291,潡,2,0.00105 ,
12292,挆,2,0.00105 ,
12293,刴,2,0.00105 ,
12294,墯,2,0.00105 ,
12295,鵽,2,0.00105 ,
12296,娿,2,0.00105 ,
12297,涐,2,0.00105 ,
12298,搹,2,0.00105 ,
12299,僫,2,0.00105 ,
12300,蝁,2,0.00105 ,
12301,閼,2,0.00105 ,
12302,貳,2,0.00105 ,
12303,茷,2,0.00105 ,
12304,藅,2,0.00105 ,
12305,橎,2,0.00105 ,
12306,仮,2,0.00105 ,
12307,辺,2,0.00105 ,
12308,奿,2,0.00105 ,
12309,瓬,2,0.00105 ,
12310,鶭,2,0.00105 ,
12311,帉,2,0.00105 ,
12312,鳻,2,0.00105 ,
12313,燓,2,0.00105 ,
12314,膹,2,0.00105 ,
12315,盽,2,0.00105 ,
12316,桻,2,0.00105 ,
12317,猦,2,0.00105 ,
12318,馮,2,0.00105 ,
12319,湗,2,0.00105 ,
12320,垺,2,0.00105 ,
12321,鴀,2,0.00105 ,
12322,妋,2,0.00105 ,
12323,胕,2,0.00105 ,
12324,鳺,2,0.00105 ,
12325,糐,2,0.00105 ,
12326,玸,2,0.00105 ,
12327,虙,2,0.00105 ,
12328,綍,2,0.00105 ,
12329,鴔,2,0.00105 ,
12330,鶝,2,0.00105 ,
12331,弣,2,0.00105 ,
12332,釡,2,0.00105 ,
12333,焤,2,0.00105 ,
12334,訃,2,0.00105 ,
12335,蚹,2,0.00105 ,
12336,萯,2,0.00105 ,
12337,蕧,2,0.00105 ,
12338,荄,2,0.00105 ,
12339,摡,2,0.00105 ,
12340,槪,2,0.00105 ,
12341,瓂,2,0.00105 ,
12342,粓,2,0.00105 ,
12343,簳,2,0.00105 ,
12344,紺,2,0.00105 ,
12345,堽,2,0.00105 ,
12346,鷎,2,0.00105 ,
12347,菒,2,0.00105 ,
12348,稾,2,0.00105 ,
12349,祰,2,0.00105 ,
12350,鴐,2,0.00105 ,
12351,滆,2,0.00105 ,
12352,鮯,2,0.00105 ,
12353,轕,2,0.00105 ,
12354,縆,2,0.00105 ,
12355,喼,2,0.00105 ,
12356,愩,2,0.00105 ,
12357,鞏,2,0.00105 ,
12358,撀,2,0.00105 ,
12359,箛,2,0.00105 ,
12360,轂,2,0.00105 ,
12361,鶻,2,0.00105 ,
12362,薣,2,0.00105 ,
12363,鵠,2,0.00105 ,
12364,怘,2,0.00105 ,
12365,啩,2,0.00105 ,
12366,炚,2,0.00105 ,
12367,硄,2,0.00105 ,
12368,瞡,2,0.00105 ,
12369,鮭,2,0.00105 ,
12370,鬶,2,0.00105 ,
12371,佹,2,0.00105 ,
12372,恑,2,0.00105 ,
12373,觤,2,0.00105 ,
12374,攰,2,0.00105 ,
12375,撌,2,0.00105 ,
12376,簂,2,0.00105 ,
12377,襘,2,0.00105 ,
12378,緄,2,0.00105 ,
12379,謴,2,0.00105 ,
12380,鈛,2,0.00105 ,
12381,摑,2,0.00105 ,
12382,頇,2,0.00105 ,
12383,譀,2,0.00105 ,
12384,鶾,2,0.00105 ,
12385,椃,2,0.00105 ,
12386,恏,2,0.00105 ,
12387,欱,2,0.00105 ,
12388,鉌,2,0.00105 ,
12389,閡,2,0.00105 ,
12390,爀,2,0.00105 ,
12391,胻,2,0.00105 ,
12392,渹,2,0.00105 ,
12393,妅,2,0.00105 ,
12394,谹,2,0.00105 ,
12395,葓,2,0.00105 ,
12396,晎,2,0.00105 ,
12397,銾,2,0.00105 ,
12398,翭,2,0.00105 ,
12399,轷,2,0.00105 ,
12400,雽,2,0.00105 ,
12401,歑,2,0.00105 ,
12402,瀫,2,0.00105 ,
12403,鶦,2,0.00105 ,
12404,滸,2,0.00105 ,
12405,箎,2,0.00105 ,
12406,枑,2,0.00105 ,
12407,嫭,2,0.00105 ,
12408,芲,2,0.00105 ,
12409,婲,2,0.00105 ,
12410,蘤,2,0.00105 ,
12411,畵,2,0.00105 ,
12412,褢,2,0.00105 ,
12413,褱,2,0.00105 ,
12414,闤,2,0.00105 ,
12415,鐶,2,0.00105 ,
12416,媓,2,0.00105 ,
12417,廽,2,0.00105 ,
12418,螝,2,0.00105 ,
12419,阓,2,0.00105 ,
12420,彚,2,0.00105 ,
12421,璯,2,0.00105 ,
12422,翽,2,0.00105 ,
12423,譮,2,0.00105 ,
12424,涽,2,0.00105 ,
12425,惽,2,0.00105 ,
12426,棔,2,0.00105 ,
12427,鼲,2,0.00105 ,
12428,掍,2,0.00105 ,
12429,眓,2,0.00105 ,
12430,掝,2,0.00105 ,
12431,雘,2,0.00105 ,
12432,瀖,2,0.00105 ,
12433,矐,2,0.00105 ,
12434,嗘,2,0.00105 ,
12435,磯,2,0.00105 ,
12436,賷,2,0.00105 ,
12437,饑,2,0.00105 ,
12438,羇,2,0.00105 ,
12439,鸄,2,0.00105 ,
12440,卽,2,0.00105 ,
12441,塉,2,0.00105 ,
12442,檝,2,0.00105 ,
12443,濈,2,0.00105 ,
12444,鶺,2,0.00105 ,
12445,妀,2,0.00105 ,
12446,惎,2,0.00105 ,
12447,兾,2,0.00105 ,
12448,痵,2,0.00105 ,
12449,誋,2,0.00105 ,
12450,鯽,2,0.00105 ,
12451,鰶,2,0.00105 ,
12452,抸,2,0.00105 ,
12453,餄,2,0.00105 ,
12454,鴶,2,0.00105 ,
12455,斚,2,0.00105 ,
12456,幏,2,0.00105 ,
12457,熞,2,0.00105 ,
12458,蕑,2,0.00105 ,
12459,熸,2,0.00105 ,
12460,覸,2,0.00105 ,
12461,戩,2,0.00105 ,
12462,儉,2,0.00105 ,
12463,鰎,2,0.00105 ,
12464,徤,2,0.00105 ,
12465,臶,2,0.00105 ,
12466,跈,2,0.00105 ,
12467,榗,2,0.00105 ,
12468,趝,2,0.00105 ,
12469,諫,2,0.00105 ,
12470,檻,2,0.00105 ,
12471,鑒,2,0.00105 ,
12472,鑬,2,0.00105 ,
12473,勥,2,0.00105 ,
12474,奬,2,0.00105 ,
12475,夅,2,0.00105 ,
12476,弶,2,0.00105 ,
12477,嘄,2,0.00105 ,
12478,轇,2,0.00105 ,
12479,湬,2,0.00105 ,
12480,餃,2,0.00105 ,
12481,儌,2,0.00105 ,
12482,矯,2,0.00105 ,
12483,鱎,2,0.00105 ,
12484,窌,2,0.00105 ,
12485,敎,2,0.00105 ,
12486,潐,2,0.00105 ,
12487,釂,2,0.00105 ,
12488,脻,2,0.00105 ,
12489,昅,2,0.00105 ,
12490,蛣,2,0.00105 ,
12491,楬,2,0.00105 ,
12492,擳,2,0.00105 ,
12493,伒,2,0.00105 ,
12494,煡,2,0.00105 ,
12495,墐,2,0.00105 ,
12496,濅,2,0.00105 ,
12497,壗,2,0.00105 ,
12498,贐,2,0.00105 ,
12499,巠,2,0.00105 ,
12500,鵛,2,0.00105 ,
12501,鯨,2,0.00105 ,
12502,丼,2,0.00105 ,
12503,憼,2,0.00105 ,
12504,俓,2,0.00105 ,
12505,逈,2,0.00105 ,
12506,浻,2,0.00105 ,
12507,揫,2,0.00105 ,
12508,麔,2,0.00105 ,
12509,欍,2,0.00105 ,
12510,泃,2,0.00105 ,
12511,梮,2,0.00105 ,
12512,艍,2,0.00105 ,
12513,鮈,2,0.00105 ,
12514,椈,2,0.00105 ,
12515,毱,2,0.00105 ,
12516,蹫,2,0.00105 ,
12517,鵴,2,0.00105 ,
12518,鼰,2,0.00105 ,
12519,弆,2,0.00105 ,
12520,齟,2,0.00105 ,
12521,怇,2,0.00105 ,
12522,窶,2,0.00105 ,
12523,弮,2,0.00105 ,
12524,勌,2,0.00105 ,
12525,慻,2,0.00105 ,
12526,撧,2,0.00105 ,
12527,泬,2,0.00105 ,
12528,焆,2,0.00105 ,
12529,瘚,2,0.00105 ,
12530,蕝,2,0.00105 ,
12531,鴃,2,0.00105 ,
12532,蟨,2,0.00105 ,
12533,觼,2,0.00105 ,
12534,鷢,2,0.00105 ,
12535,汮,2,0.00105 ,
12536,愷,2,0.00105 ,
12537,鍇,2,0.00105 ,
12538,栞,2,0.00105 ,
12539,龕,2,0.00105 ,
12540,冚,2,0.00105 ,
12541,堿,2,0.00105 ,
12542,欿,2,0.00105 ,
12543,顑,2,0.00105 ,
12544,砊,2,0.00105 ,
12545,穅,2,0.00105 ,
12546,匟,2,0.00105 ,
12547,囥,2,0.00105 ,
12548,銬,2,0.00105 ,
12549,钶,2,0.00105 ,
12550,醘,2,0.00105 ,
12551,褃,2,0.00105 ,
12552,硜,2,0.00105 ,
12553,宼,2,0.00105 ,
12554,簆,2,0.00105 ,
12555,跍,2,0.00105 ,
12556,俈,2,0.00105 ,
12557,晇,2,0.00105 ,
12558,旝,2,0.00105 ,
12559,窽,2,0.00105 ,
12560,抂,2,0.00105 ,
12561,匱,2,0.00105 ,
12562,謉,2,0.00105 ,
12563,菎,2,0.00105 ,
12564,鯤,2,0.00105 ,
12565,稛,2,0.00105 ,
12566,筈,2,0.00105 ,
12567,髺,2,0.00105 ,
12568,鞟,2,0.00105 ,
12569,鞹,2,0.00105 ,
12570,攋,2,0.00105 ,
12571,櫴,2,0.00105 ,
12572,鑞,2,0.00105 ,
12573,徠,2,0.00105 ,
12574,猍,2,0.00105 ,
12575,騋,2,0.00105 ,
12576,鶆,2,0.00105 ,
12577,厱,2,0.00105 ,
12578,懢,2,0.00105 ,
12579,幱,2,0.00105 ,
12580,囒,2,0.00105 ,
12581,窂,2,0.00105 ,
12582,哰,2,0.00105 ,
12583,铹,2,0.00105 ,
12584,朥,2,0.00105 ,
12585,恅,2,0.00105 ,
12586,砳,2,0.00105 ,
12587,餎,2,0.00105 ,
12588,虆,2,0.00105 ,
12589,絫,2,0.00105 ,
12590,癗,2,0.00105 ,
12591,颣,2,0.00105 ,
12592,纇,2,0.00105 ,
12593,艃,2,0.00105 ,
12594,樆,2,0.00105 ,
12595,穲,2,0.00105 ,
12596,鱧,2,0.00105 ,
12597,屴,2,0.00105 ,
12598,茘,2,0.00105 ,
12599,悧,2,0.00105 ,
12600,厤,2,0.00105 ,
12601,歴,2,0.00105 ,
12602,綟,2,0.00105 ,
12603,濿,2,0.00105 ,
12604,曞,2,0.00105 ,
12605,盭,2,0.00105 ,
12606,鷅,2,0.00105 ,
12607,轣,2,0.00105 ,
12608,靋,2,0.00105 ,
12609,嫾,2,0.00105 ,
12610,亷,2,0.00105 ,
12611,籨,2,0.00105 ,
12612,稴,2,0.00105 ,
12613,澰,2,0.00105 ,
12614,錬,2,0.00105 ,
12615,瀲,2,0.00105 ,
12616,簗,2,0.00105 ,
12617,緉,2,0.00105 ,
12618,膋,2,0.00105 ,
12619,璙,2,0.00105 ,
12620,挘,2,0.00105 ,
12621,姴,2,0.00105 ,
12622,烮,2,0.00105 ,
12623,惏,2,0.00105 ,
12624,麐,2,0.00105 ,
12625,橉,2,0.00105 ,
12626,朎,2,0.00105 ,
12627,秢,2,0.00105 ,
12628,魿,2,0.00105 ,
12629,霝,2,0.00105 ,
12630,齢,2,0.00105 ,
12631,櫺,2,0.00105 ,
12632,疁,2,0.00105 ,
12633,瀏,2,0.00105 ,
12634,鶹,2,0.00105 ,
12635,栁,2,0.00105 ,
12636,槞,2,0.00105 ,
12637,蘢,2,0.00105 ,
12638,壟,2,0.00105 ,
12639,攏,2,0.00105 ,
12640,竉,2,0.00105 ,
12641,謱,2,0.00105 ,
12642,鈩,2,0.00105 ,
12643,艫,2,0.00105 ,
12644,鸕,2,0.00105 ,
12645,穋,2,0.00105 ,
12646,濾,2,0.00105 ,
12647,鏕,2,0.00105 ,
12648,鯥,2,0.00105 ,
12649,鵱,2,0.00105 ,
12650,鷜,2,0.00105 ,
12651,屢,2,0.00105 ,
12652,垏,2,0.00105 ,
12653,鑢,2,0.00105 ,
12654,奱,2,0.00105 ,
12655,鸞,2,0.00105 ,
12656,擽,2,0.00105 ,
12657,掄,2,0.00105 ,
12658,鑼,2,0.00105 ,
12659,臝,2,0.00105 ,
12660,溤,2,0.00105 ,
12661,売,2,0.00105 ,
12662,顢,2,0.00105 ,
12663,饅,2,0.00105 ,
12664,蟎,2,0.00105 ,
12665,娏,2,0.00105 ,
12666,堥,2,0.00105 ,
12667,夘,2,0.00105 ,
12668,鉚,2,0.00105 ,
12669,皃,2,0.00105 ,
12670,冐,2,0.00105 ,
12671,腜,2,0.00105 ,
12672,挴,2,0.00105 ,
12673,痗,2,0.00105 ,
12674,穈,2,0.00105 ,
12675,庬,2,0.00105 ,
12676,霿,2,0.00105 ,
12677,鸍,2,0.00105 ,
12678,洣,2,0.00105 ,
12679,冪,2,0.00105 ,
12680,幦,2,0.00105 ,
12681,媔,2,0.00105 ,
12682,喕,2,0.00105 ,
12683,葂,2,0.00105 ,
12684,鮸,2,0.00105 ,
12685,麫,2,0.00105 ,
12686,媌,2,0.00105 ,
12687,衊,2,0.00105 ,
12688,怋,2,0.00105 ,
12689,錉,2,0.00105 ,
12690,閩,2,0.00105 ,
12691,詺,2,0.00105 ,
12692,謬,2,0.00105 ,
12693,帓,2,0.00105 ,
12694,眿,2,0.00105 ,
12695,嗼,2,0.00105 ,
12696,恈,2,0.00105 ,
12697,鴾,2,0.00105 ,
12698,牳,2,0.00105 ,
12699,誽,2,0.00105 ,
12700,妠,2,0.00105 ,
12701,鈉,2,0.00105 ,
12702,腉,2,0.00105 ,
12703,枏,2,0.00105 ,
12704,暔,2,0.00105 ,
12705,碙,2,0.00105 ,
12706,巎,2,0.00105 ,
12707,抐,2,0.00105 ,
12708,娞,2,0.00105 ,
12709,腇,2,0.00105 ,
12710,跜,2,0.00105 ,
12711,儞,2,0.00105 ,
12712,隬,2,0.00105 ,
12713,氼,2,0.00105 ,
12714,攆,2,0.00105 ,
12715,卄,2,0.00105 ,
12716,姩,2,0.00105 ,
12717,踂,2,0.00105 ,
12718,櫱,2,0.00105 ,
12719,鑷,2,0.00105 ,
12720,脌,2,0.00105 ,
12721,儜,2,0.00105 ,
12722,檸,2,0.00105 ,
12723,寗,2,0.00105 ,
12724,牜,2,0.00105 ,
12725,憹,2,0.00105 ,
12726,禯,2,0.00105 ,
12727,譳,2,0.00105 ,
12728,搙,2,0.00105 ,
12729,餪,2,0.00105 ,
12730,黁,2,0.00105 ,
12731,梛,2,0.00105 ,
12732,掿,2,0.00105 ,
12733,糑,2,0.00105 ,
12734,齵,2,0.00105 ,
12735,眅,2,0.00105 ,
12736,坢,2,0.00105 ,
12737,肨,2,0.00105 ,
12738,龎,2,0.00105 ,
12739,鞄,2,0.00105 ,
12740,阫,2,0.00105 ,
12741,轡,2,0.00105 ,
12742,恲,2,0.00105 ,
12743,傰,2,0.00105 ,
12744,塜,2,0.00105 ,
12745,稝,2,0.00105 ,
12746,樥,2,0.00105 ,
12747,髼,2,0.00105 ,
12748,剻,2,0.00105 ,
12749,悂,2,0.00105 ,
12750,椑,2,0.00105 ,
12751,鵧,2,0.00105 ,
12752,銢,2,0.00105 ,
12753,諀,2,0.00105 ,
12754,囨,2,0.00105 ,
12755,楄,2,0.00105 ,
12756,嬪,2,0.00105 ,
12757,朩,2,0.00105 ,
12758,淜,2,0.00105 ,
12759,哣,2,0.00105 ,
12760,鯆,2,0.00105 ,
12761,迉,2,0.00105 ,
12762,魌,2,0.00105 ,
12763,斉,2,0.00105 ,
12764,蚔,2,0.00105 ,
12765,棊,2,0.00105 ,
12766,愭,2,0.00105 ,
12767,踑,2,0.00105 ,
12768,簱,2,0.00105 ,
12769,呇,2,0.00105 ,
12770,唭,2,0.00105 ,
12771,碶,2,0.00105 ,
12772,薺,2,0.00105 ,
12773,礘,2,0.00105 ,
12774,冾,2,0.00105 ,
12775,竏,2,0.00105 ,
12776,婜,2,0.00105 ,
12777,撁,2,0.00105 ,
12778,羬,2,0.00105 ,
12779,騝,2,0.00105 ,
12780,灊,2,0.00105 ,
12781,鰬,2,0.00105 ,
12782,篏,2,0.00105 ,
12783,篬,2,0.00105 ,
12784,錆,2,0.00105 ,
12785,廧,2,0.00105 ,
12786,檣,2,0.00105 ,
12787,羥,2,0.00105 ,
12788,撽,2,0.00105 ,
12789,躈,2,0.00105 ,
12790,苆,2,0.00105 ,
12791,鳹,2,0.00105 ,
12792,鑋,2,0.00105 ,
12793,焭,2,0.00105 ,
12794,鰍,2,0.00105 ,
12795,殏,2,0.00105 ,
12796,盚,2,0.00105 ,
12797,醔,2,0.00105 ,
12798,鮂,2,0.00105 ,
12799,搝,2,0.00105 ,
12800,筁,2,0.00105 ,
12801,嶇,2,0.00105 ,
12802,軥,2,0.00105 ,
12803,璖,2,0.00105 ,
12804,螶,2,0.00105 ,
12805,躣,2,0.00105 ,
12806,竘,2,0.00105 ,
12807,闃,2,0.00105 ,
12808,覰,2,0.00105 ,
12809,啳,2,0.00105 ,
12810,汱,2,0.00105 ,
12811,硞,2,0.00105 ,
12812,皵,2,0.00105 ,
12813,闕,2,0.00105 ,
12814,峮,2,0.00105 ,
12815,嘫,2,0.00105 ,
12816,繎,2,0.00105 ,
12817,儴,2,0.00105 ,
12818,蕘,2,0.00105 ,
12819,嬈,2,0.00105 ,
12820,忈,2,0.00105 ,
12821,朲,2,0.00105 ,
12822,鵀,2,0.00105 ,
12823,肕,2,0.00105 ,
12824,靭,2,0.00105 ,
12825,靱,2,0.00105 ,
12826,馹,2,0.00105 ,
12827,栄,2,0.00105 ,
12828,毧,2,0.00105 ,
12829,羢,2,0.00105 ,
12830,髶,2,0.00105 ,
12831,軵,2,0.00105 ,
12832,禸,2,0.00105 ,
12833,渘,2,0.00105 ,
12834,輮,2,0.00105 ,
12835,桇,2,0.00105 ,
12836,袽,2,0.00105 ,
12837,鄏,2,0.00105 ,
12838,蝡,2,0.00105 ,
12839,輭,2,0.00105 ,
12840,蕋,2,0.00105 ,
12841,鋭,2,0.00105 ,
12842,捼,2,0.00105 ,
12843,钑,2,0.00105 ,
12844,鈒,2,0.00105 ,
12845,濏,2,0.00105 ,
12846,瀒,2,0.00105 ,
12847,槮,2,0.00105 ,
12848,襂,2,0.00105 ,
12849,鬙,2,0.00105 ,
12850,挱,2,0.00105 ,
12851,翜,2,0.00105 ,
12852,彡,2,0.00105 ,
12853,蔪,2,0.00105 ,
12854,煔,2,0.00105 ,
12855,覢,2,0.00105 ,
12856,饍,2,0.00105 ,
12857,愓,2,0.00105 ,
12858,娋,2,0.00105 ,
12859,檨,2,0.00105 ,
12860,罙,2,0.00105 ,
12861,堔,2,0.00105 ,
12862,鲹,2,0.00105 ,
12863,瀋,2,0.00105 ,
12864,鵿,2,0.00105 ,
12865,邿,2,0.00105 ,
12866,鸤,2,0.00105 ,
12867,葹,2,0.00105 ,
12868,褷,2,0.00105 ,
12869,溡,2,0.00105 ,
12870,蒔,2,0.00105 ,
12871,榯,2,0.00105 ,
12872,鼭,2,0.00105 ,
12873,眂,2,0.00105 ,
12874,徥,2,0.00105 ,
12875,諟,2,0.00105 ,
12876,鏉,2,0.00105 ,
12877,樞,2,0.00105 ,
12878,薥,2,0.00105 ,
12879,咰,2,0.00105 ,
12880,蒁,2,0.00105 ,
12881,尌,2,0.00105 ,
12882,竪,2,0.00105 ,
12883,腨,2,0.00105 ,
12884,鷞,2,0.00105 ,
12885,蕣,2,0.00105 ,
12886,鬊,2,0.00105 ,
12887,鼶,2,0.00105 ,
12888,佀,2,0.00105 ,
12889,嵷,2,0.00105 ,
12890,凁,2,0.00105 ,
12891,囌,2,0.00105 ,
12892,藗,2,0.00105 ,
12893,髄,2,0.00105 ,
12894,埣,2,0.00105 ,
12895,煫,2,0.00105 ,
12896,誶,2,0.00105 ,
12897,襚,2,0.00105 ,
12898,繸,2,0.00105 ,
12899,槂,2,0.00105 ,
12900,鶽,2,0.00105 ,
12901,摍,2,0.00105 ,
12902,暛,2,0.00105 ,
12903,咜,2,0.00105 ,
12904,蹹,2,0.00105 ,
12905,誻,2,0.00105 ,
12906,嚃,2,0.00105 ,
12907,鞜,2,0.00105 ,
12908,鈦,2,0.00105 ,
12909,溙,2,0.00105 ,
12910,憻,2,0.00105 ,
12911,坣,2,0.00105 ,
12912,啺,2,0.00105 ,
12913,橖,2,0.00105 ,
12914,鶶,2,0.00105 ,
12915,夲,2,0.00105 ,
12916,韜,2,0.00105 ,
12917,蜪,2,0.00105 ,
12918,檮,2,0.00105 ,
12919,鼟,2,0.00105 ,
12920,籘,2,0.00105 ,
12921,銻,2,0.00105 ,
12922,碮,2,0.00105 ,
12923,鶗,2,0.00105 ,
12924,酟,2,0.00105 ,
12925,鷏,2,0.00105 ,
12926,睼,2,0.00105 ,
12927,岧,2,0.00105 ,
12928,銕,2,0.00105 ,
12929,鴩,2,0.00105 ,
12930,閮,2,0.00105 ,
12931,鼮,2,0.00105 ,
12932,侹,2,0.00105 ,
12933,乭,2,0.00105 ,
12934,痌,2,0.00105 ,
12935,妵,2,0.00105 ,
12936,唋,2,0.00105 ,
12937,葖,2,0.00105 ,
12938,鋵,2,0.00105 ,
12939,図,2,0.00105 ,
12940,腯,2,0.00105 ,
12941,圗,2,0.00105 ,
12942,鶟,2,0.00105 ,
12943,鷋,2,0.00105 ,
12944,剸,2,0.00105 ,
12945,鷒,2,0.00105 ,
12946,涒,2,0.00105 ,
12947,魠,2,0.00105 ,
12948,岮,2,0.00105 ,
12949,駄,2,0.00105 ,
12950,驒,2,0.00105 ,
12951,鼉,2,0.00105 ,
12952,楕,2,0.00105 ,
12953,鋄,2,0.00105 ,
12954,鎫,2,0.00105 ,
12955,彺,2,0.00105 ,
12956,渨,2,0.00105 ,
12957,葨,2,0.00105 ,
12958,癐,2,0.00105 ,
12959,湋,2,0.00105 ,
12960,溈,2,0.00105 ,
12961,琟,2,0.00105 ,
12962,煒,2,0.00105 ,
12963,蜲,2,0.00105 ,
12964,薳,2,0.00105 ,
12965,韙,2,0.00105 ,
12966,苿,2,0.00105 ,
12967,叞,2,0.00105 ,
12968,硙,2,0.00105 ,
12969,媦,2,0.00105 ,
12970,瑥,2,0.00105 ,
12971,砇,2,0.00105 ,
12972,鴍,2,0.00105 ,
12973,鼤,2,0.00105 ,
12974,莬,2,0.00105 ,
12975,渂,2,0.00105 ,
12976,萵,2,0.00105 ,
12977,踒,2,0.00105 ,
12978,腛,2,0.00105 ,
12979,瞃,2,0.00105 ,
12980,鄔,2,0.00105 ,
12981,歍,2,0.00105 ,
12982,誣,2,0.00105 ,
12983,螐,2,0.00105 ,
12984,鴮,2,0.00105 ,
12985,珷,2,0.00105 ,
12986,屼,2,0.00105 ,
12987,霚,2,0.00105 ,
12988,屗,2,0.00105 ,
12989,琋,2,0.00105 ,
12990,厀,2,0.00105 ,
12991,鵗,2,0.00105 ,
12992,嶍,2,0.00105 ,
12993,趘,2,0.00105 ,
12994,槢,2,0.00105 ,
12995,謵,2,0.00105 ,
12996,霫,2,0.00105 ,
12997,鰼,2,0.00105 ,
12998,漇,2,0.00105 ,
12999,諰,2,0.00105 ,
13000,纚,2,0.00105 ,
13001,餼,2,0.00105 ,
13002,鬩,2,0.00105 ,
13003,僲,2,0.00105 ,
13004,嬐,2,0.00105 ,
13005,憸,2,0.00105 ,
13006,廯,2,0.00105 ,
13007,襳,2,0.00105 ,
13008,伭,2,0.00105 ,
13009,嫻,2,0.00105 ,
13010,憪,2,0.00105 ,
13011,醎,2,0.00105 ,
13012,癇,2,0.00105 ,
13013,烍,2,0.00105 ,
13014,娨,2,0.00105 ,
13015,粯,2,0.00105 ,
13016,餡,2,0.00105 ,
13017,鄊,2,0.00105 ,
13018,薌,2,0.00105 ,
13019,鯗,2,0.00105 ,
13020,姠,2,0.00105 ,
13021,蟓,2,0.00105 ,
13022,痟,2,0.00105 ,
13023,綃,2,0.00105 ,
13024,簘,2,0.00105 ,
13025,蟏,2,0.00105 ,
13026,蠨,2,0.00105 ,
13027,涍,2,0.00105 ,
13028,傚,2,0.00105 ,
13029,膎,2,0.00105 ,
13030,燲,2,0.00105 ,
13031,擷,2,0.00105 ,
13032,鞵,2,0.00105 ,
13033,藛,2,0.00105 ,
13034,屓,2,0.00105 ,
13035,嶰,2,0.00105 ,
13036,爕,2,0.00105 ,
13037,蠏,2,0.00105 ,
13038,阠,2,0.00105 ,
13039,箵,2,0.00105 ,
13040,鈃,2,0.00105 ,
13041,鋞,2,0.00105 ,
13042,恟,2,0.00105 ,
13043,臹,2,0.00105 ,
13044,髤,2,0.00105 ,
13045,珛,2,0.00105 ,
13046,蒣,2,0.00105 ,
13047,湑,2,0.00105 ,
13048,伵,2,0.00105 ,
13049,壻,2,0.00105 ,
13050,蜁,2,0.00105 ,
13051,嫙,2,0.00105 ,
13052,暅,2,0.00105 ,
13053,楥,2,0.00105 ,
13054,鞙,2,0.00105 ,
13055,繏,2,0.00105 ,
13056,鷽,2,0.00105 ,
13057,狘,2,0.00105 ,
13058,勲,2,0.00105 ,
13059,廵,2,0.00105 ,
13060,桪,2,0.00105 ,
13061,燖,2,0.00105 ,
13062,璕,2,0.00105 ,
13063,漄,2,0.00105 ,
13064,唖,2,0.00105 ,
13065,掗,2,0.00105 ,
13066,姸,2,0.00105 ,
13067,沇,2,0.00105 ,
13068,匽,2,0.00105 ,
13069,甗,2,0.00105 ,
13070,鶠,2,0.00105 ,
13071,鬳,2,0.00105 ,
13072,爓,2,0.00105 ,
13073,灔,2,0.00105 ,
13074,讌,2,0.00105 ,
13075,胦,2,0.00105 ,
13076,崸,2,0.00105 ,
13077,慃,2,0.00105 ,
13078,瀁,2,0.00105 ,
13079,倄,2,0.00105 ,
13080,嗂,2,0.00105 ,
13081,摿,2,0.00105 ,
13082,眑,2,0.00105 ,
13083,筄,2,0.00105 ,
13084,鷂,2,0.00105 ,
13085,礏,2,0.00105 ,
13086,鵺,2,0.00105 ,
13087,禕,2,0.00105 ,
13088,杝,2,0.00105 ,
13089,袘,2,0.00105 ,
13090,貽,2,0.00105 ,
13091,彛,2,0.00105 ,
13092,鸃,2,0.00105 ,
13093,鳦,2,0.00105 ,
13094,輢,2,0.00105 ,
13095,螘,2,0.00105 ,
13096,檥,2,0.00105 ,
13097,秇,2,0.00105 ,
13098,詍,2,0.00105 ,
13099,鹝,2,0.00105 ,
13100,圛,2,0.00105 ,
13101,艗,2,0.00105 ,
13102,贀,2,0.00105 ,
13103,囈,2,0.00105 ,
13104,鷧,2,0.00105 ,
13105,垔,2,0.00105 ,
13106,溵,2,0.00105 ,
13107,唫,2,0.00105 ,
13108,崟,2,0.00105 ,
13109,櫽,2,0.00105 ,
13110,憖,2,0.00105 ,
13111,桜,2,0.00105 ,
13112,甖,2,0.00105 ,
13113,孆,2,0.00105 ,
13114,罌,2,0.00105 ,
13115,譻,2,0.00105 ,
13116,纓,2,0.00105 ,
13117,盁,2,0.00105 ,
13118,颕,2,0.00105 ,
13119,悀,2,0.00105 ,
13120,踴,2,0.00105 ,
13121,怞,2,0.00105 ,
13122,莤,2,0.00105 ,
13123,魷,2,0.00105 ,
13124,峟,2,0.00105 ,
13125,伃,2,0.00105 ,
13126,酑,2,0.00105 ,
13127,崳,2,0.00105 ,
13128,魣,2,0.00105 ,
13129,覦,2,0.00105 ,
13130,礖,2,0.00105 ,
13131,鰅,2,0.00105 ,
13132,鸆,2,0.00105 ,
13133,祤,2,0.00105 ,
13134,鄅,2,0.00105 ,
13135,萮,2,0.00105 ,
13136,飫,2,0.00105 ,
13137,馭,2,0.00105 ,
13138,稢,2,0.00105 ,
13139,噊,2,0.00105 ,
13140,鳿,2,0.00105 ,
13141,蘛,2,0.00105 ,
13142,鸒,2,0.00105 ,
13143,灪,2,0.00105 ,
13144,籲,2,0.00105 ,
13145,葾,2,0.00105 ,
13146,蒬,2,0.00105 ,
13147,鳶,2,0.00105 ,
13148,駌,2,0.00105 ,
13149,鼘,2,0.00105 ,
13150,汋,2,0.00105 ,
13151,粵,2,0.00105 ,
13152,鉞,2,0.00105 ,
13153,鸙,2,0.00105 ,
13154,蒀,2,0.00105 ,
13155,囩,2,0.00105 ,
13156,荺,2,0.00105 ,
13157,縕,2,0.00105 ,
13158,帀,2,0.00105 ,
13159,烖,2,0.00105 ,
13160,扗,2,0.00105 ,
13161,鄼,2,0.00105 ,
13162,囋,2,0.00105 ,
13163,賍,2,0.00105 ,
13164,贓,2,0.00105 ,
13165,贜,2,0.00105 ,
13166,弉,2,0.00105 ,
13167,瞔,2,0.00105 ,
13168,鸅,2,0.00105 ,
13169,鰂,2,0.00105 ,
13170,熷,2,0.00105 ,
13171,皻,2,0.00105 ,
13172,鉙,2,0.00105 ,
13173,飦,2,0.00105 ,
13174,黵,2,0.00105 ,
13175,輚,2,0.00105 ,
13176,涱,2,0.00105 ,
13177,鉊,2,0.00105 ,
13178,肁,2,0.00105 ,
13179,矺,2,0.00105 ,
13180,粍,2,0.00105 ,
13181,輒,2,0.00105 ,
13182,銸,2,0.00105 ,
13183,讁,2,0.00105 ,
13184,遉,2,0.00105 ,
13185,獉,2,0.00105 ,
13186,縝,2,0.00105 ,
13187,揕,2,0.00105 ,
13188,蜄,2,0.00105 ,
13189,鴆,2,0.00105 ,
13190,黮,2,0.00105 ,
13191,佂,2,0.00105 ,
13192,汥,2,0.00105 ,
13193,徔,2,0.00105 ,
13194,墌,2,0.00105 ,
13195,馽,2,0.00105 ,
13196,縶,2,0.00105 ,
13197,蹢,2,0.00105 ,
13198,帋,2,0.00105 ,
13199,庤,2,0.00105 ,
13200,偫,2,0.00105 ,
13201,紩,2,0.00105 ,
13202,幟,2,0.00105 ,
13203,瓆,2,0.00105 ,
13204,騺,2,0.00105 ,
13205,鑕,2,0.00105 ,
13206,汷,2,0.00105 ,
13207,蔠,2,0.00105 ,
13208,鼨,2,0.00105 ,
13209,祍,2,0.00105 ,
13210,喌,2,0.00105 ,
13211,荮,2,0.00105 ,
13212,噣,2,0.00105 ,
13213,籕,2,0.00105 ,
13214,櫫,2,0.00105 ,
13215,茿,2,0.00105 ,
13216,竚,2,0.00105 ,
13217,膼,2,0.00105 ,
13218,諯,2,0.00105 ,
13219,囀,2,0.00105 ,
13220,縋,2,0.00105 ,
13221,醊,2,0.00105 ,
13222,埻,2,0.00105 ,
13223,蠿,2,0.00105 ,
13224,諑,2,0.00105 ,
13225,禌,2,0.00105 ,
13226,頾,2,0.00105 ,
13227,杍,2,0.00105 ,
13228,胏,2,0.00105 ,
13229,腙,2,0.00105 ,
13230,朡,2,0.00105 ,
13231,翪,2,0.00105 ,
13232,搃,2,0.00105 ,
13233,摠,2,0.00105 ,
13234,縂,2,0.00105 ,
13235,郰,2,0.00105 ,
13236,哫,2,0.00105 ,
13237,崪,2,0.00105 ,
13238,劗,2,0.00105 ,
13239,噿,2,0.00105 ,
13240,鷷,2,0.00105 ,
13241,椊,2,0.00105 ,
13242,岝,2,0.00105 ,
13243,袏,2,0.00105 ,
13244,厑,1,0.00053 ,
13245,濭,1,0.00053 ,
13246,伌,1,0.00053 ,
13247,壒,1,0.00053 ,
13248,嬡,1,0.00053 ,
13249,懓,1,0.00053 ,
13250,譺,1,0.00053 ,
13251,痷,1,0.00053 ,
13252,誝,1,0.00053 ,
13253,韽,1,0.00053 ,
13254,隌,1,0.00053 ,
13255,厫,1,0.00053 ,
13256,翶,1,0.00053 ,
13257,襖,1,0.00053 ,
13258,朳,1,0.00053 ,
13259,玐,1,0.00053 ,
13260,夿,1,0.00053 ,
13261,壩,1,0.00053 ,
13262,欛,1,0.00053 ,
13263,鞁,1,0.00053 ,
13264,螁,1,0.00053 ,
13265,螌,1,0.00053 ,
13266,姅,1,0.00053 ,
13267,幚,1,0.00053 ,
13268,鎊,1,0.00053 ,
13269,勹,1,0.00053 ,
13270,闁,1,0.00053 ,
13271,鴇,1,0.00053 ,
13272,袌,1,0.00053 ,
13273,鉋,1,0.00053 ,
13274,靤,1,0.00053 ,
13275,髱,1,0.00053 ,
13276,虣,1,0.00053 ,
13277,喺,1,0.00053 ,
13278,昁,1,0.00053 ,
13279,偹,1,0.00053 ,
13280,軰,1,0.00053 ,
13281,渀,1,0.00053 ,
13282,錛,1,0.00053 ,
13283,捹,1,0.00053 ,
13284,鎞,1,0.00053 ,
13285,佊,1,0.00053 ,
13286,胇,1,0.00053 ,
13287,梐,1,0.00053 ,
13288,湢,1,0.00053 ,
13289,彃,1,0.00053 ,
13290,熚,1,0.00053 ,
13291,幤,1,0.00053 ,
13292,獘,1,0.00053 ,
13293,牑,1,0.00053 ,
13294,炞,1,0.00053 ,
13295,峅,1,0.00053 ,
13296,辡,1,0.00053 ,
13297,艑,1,0.00053 ,
13298,淲,1,0.00053 ,
13299,瀌,1,0.00053 ,
13300,飇,1,0.00053 ,
13301,龞,1,0.00053 ,
13302,襒,1,0.00053 ,
13303,儐,1,0.00053 ,
13304,臏,1,0.00053 ,
13305,仌,1,0.00053 ,
13306,眪,1,0.00053 ,
13307,窉,1,0.00053 ,
13308,棅,1,0.00053 ,
13309,垪,1,0.00053 ,
13310,傡,1,0.00053 ,
13311,誁,1,0.00053 ,
13312,僠,1,0.00053 ,
13313,鈸,1,0.00053 ,
13314,壆,1,0.00053 ,
13315,襏,1,0.00053 ,
13316,犦,1,0.00053 ,
13317,蚾,1,0.00053 ,
13318,轐,1,0.00053 ,
13319,踄,1,0.00053 ,
13320,篰,1,0.00053 ,
13321,倸,1,0.00053 ,
13322,縩,1,0.00053 ,
13323,叄,1,0.00053 ,
13324,螥,1,0.00053 ,
13325,賶,1,0.00053 ,
13326,曺,1,0.00053 ,
13327,蓸,1,0.00053 ,
13328,襙,1,0.00053 ,
13329,畟,1,0.00053 ,
13330,萗,1,0.00053 ,
13331,膥,1,0.00053 ,
13332,扱,1,0.00053 ,
13333,臿,1,0.00053 ,
13334,偛,1,0.00053 ,
13335,艖,1,0.00053 ,
13336,祡,1,0.00053 ,
13337,裧,1,0.00053 ,
13338,獑,1,0.00053 ,
13339,毚,1,0.00053 ,
13340,鄽,1,0.00053 ,
13341,儳,1,0.00053 ,
13342,壥,1,0.00053 ,
13343,纒,1,0.00053 ,
13344,剗,1,0.00053 ,
13345,繟,1,0.00053 ,
13346,摲,1,0.00053 ,
13347,椙,1,0.00053 ,
13348,镸,1,0.00053 ,
13349,甞,1,0.00053 ,
13350,蟐,1,0.00053 ,
13351,厰,1,0.00053 ,
13352,韔,1,0.00053 ,
13353,樔,1,0.00053 ,
13354,仯,1,0.00053 ,
13355,觘,1,0.00053 ,
13356,唓,1,0.00053 ,
13357,奲,1,0.00053 ,
13358,揨,1,0.00053 ,
13359,蔯,1,0.00053 ,
13360,贂,1,0.00053 ,
13361,趂,1,0.00053 ,
13362,爯,1,0.00053 ,
13363,赬,1,0.00053 ,
13364,檉,1,0.00053 ,
13365,鏿,1,0.00053 ,
13366,脭,1,0.00053 ,
13367,徎,1,0.00053 ,
13368,悜,1,0.00053 ,
13369,彨,1,0.00053 ,
13370,噄,1,0.00053 ,
13371,攡,1,0.00053 ,
13372,耛,1,0.00053 ,
13373,肔,1,0.00053 ,
13374,拸,1,0.00053 ,
13375,灻,1,0.00053 ,
13376,憏,1,0.00053 ,
13377,翤,1,0.00053 ,
13378,趩,1,0.00053 ,
13379,饎,1,0.00053 ,
13380,浺,1,0.00053 ,
13381,緟,1,0.00053 ,
13382,揰,1,0.00053 ,
13383,銃,1,0.00053 ,
13384,儔,1,0.00053 ,
13385,疇,1,0.00053 ,
13386,躊,1,0.00053 ,
13387,偢,1,0.00053 ,
13388,殠,1,0.00053 ,
13389,齼,1,0.00053 ,
13390,竌,1,0.00053 ,
13391,欪,1,0.00053 ,
13392,絀,1,0.00053 ,
13393,傗,1,0.00053 ,
13394,鄐,1,0.00053 ,
13395,滀,1,0.00053 ,
13396,儊,1,0.00053 ,
13397,圌,1,0.00053 ,
13398,猭,1,0.00053 ,
13399,暷,1,0.00053 ,
13400,荈,1,0.00053 ,
13401,牎,1,0.00053 ,
13402,傸,1,0.00053 ,
13403,萅,1,0.00053 ,
13404,暙,1,0.00053 ,
13405,瑃,1,0.00053 ,
13406,箺,1,0.00053 ,
13407,櫄,1,0.00053 ,
13408,陙,1,0.00053 ,
13409,湻,1,0.00053 ,
13410,偆,1,0.00053 ,
13411,嚽,1,0.00053 ,
13412,鴜,1,0.00053 ,
13413,礠,1,0.00053 ,
13414,佌,1,0.00053 ,
13415,皉,1,0.00053 ,
13416,忩,1,0.00053 ,
13417,徖,1,0.00053 ,
13418,謥,1,0.00053 ,
13419,瘄,1,0.00053 ,
13420,躥,1,0.00053 ,
13421,欑,1,0.00053 ,
13422,篹,1,0.00053 ,
13423,槯,1,0.00053 ,
13424,磪,1,0.00053 ,
13425,翆,1,0.00053 ,
13426,臎,1,0.00053 ,
13427,韃,1,0.00053 ,
13428,軑,1,0.00053 ,
13429,軚,1,0.00053 ,
13430,柦,1,0.00053 ,
13431,禫,1,0.00053 ,
13432,饏,1,0.00053 ,
13433,讜,1,0.00053 ,
13434,氹,1,0.00053 ,
13435,婸,1,0.00053 ,
13436,碭,1,0.00053 ,
13437,簜,1,0.00053 ,
13438,闣,1,0.00053 ,
13439,屶,1,0.00053 ,
13440,翢,1,0.00053 ,
13441,衜,1,0.00053 ,
13442,燾,1,0.00053 ,
13443,揼,1,0.00053 ,
13444,埞,1,0.00053 ,
13445,鏑,1,0.00053 ,
13446,唙,1,0.00053 ,
13447,靮,1,0.00053 ,
13448,豴,1,0.00053 ,
13449,鯳,1,0.00053 ,
13450,弚,1,0.00053 ,
13451,坔,1,0.00053 ,
13452,俤,1,0.00053 ,
13453,埊,1,0.00053 ,
13454,啇,1,0.00053 ,
13455,媂,1,0.00053 ,
13456,墑,1,0.00053 ,
13457,摕,1,0.00053 ,
13458,傎,1,0.00053 ,
13459,顚,1,0.00053 ,
13460,驔,1,0.00053 ,
13461,扚,1,0.00053 ,
13462,蓧,1,0.00053 ,
13463,畳,1,0.00053 ,
13464,殜,1,0.00053 ,
13465,艓,1,0.00053 ,
13466,氎,1,0.00053 ,
13467,嚸,1,0.00053 ,
13468,薡,1,0.00053 ,
13469,椗,1,0.00053 ,
13470,聣,1,0.00053 ,
13471,錠,1,0.00053 ,
13472,菄,1,0.00053 ,
13473,鯟,1,0.00053 ,
13474,諌,1,0.00053 ,
13475,霘,1,0.00053 ,
13476,吺,1,0.00053 ,
13477,阧,1,0.00053 ,
13478,鈄,1,0.00053 ,
13479,酘,1,0.00053 ,
13480,鋀,1,0.00053 ,
13481,斣,1,0.00053 ,
13482,醏,1,0.00053 ,
13483,櫝,1,0.00053 ,
13484,殰,1,0.00053 ,
13485,韇,1,0.00053 ,
13486,黷,1,0.00053 ,
13487,帾,1,0.00053 ,
13488,殬,1,0.00053 ,
13489,鍍,1,0.00053 ,
13490,塅,1,0.00053 ,
13491,磓,1,0.00053 ,
13492,墪,1,0.00053 ,
13493,伅,1,0.00053 ,
13494,踲,1,0.00053 ,
13495,敪,1,0.00053 ,
13496,挅,1,0.00053 ,
13497,陊,1,0.00053 ,
13498,桗,1,0.00053 ,
13499,跥,1,0.00053 ,
13500,妿,1,0.00053 ,
13501,魤,1,0.00053 ,
13502,砈,1,0.00053 ,
13503,戹,1,0.00053 ,
13504,阸,1,0.00053 ,
13505,呝,1,0.00053 ,
13506,砐,1,0.00053 ,
13507,悪,1,0.00053 ,
13508,遻,1,0.00053 ,
13509,顎,1,0.00053 ,
13510,鶚,1,0.00053 ,
13511,奀,1,0.00053 ,
13512,仒,1,0.00053 ,
13513,乻,1,0.00053 ,
13514,旕,1,0.00053 ,
13515,峏,1,0.00053 ,
13516,洏,1,0.00053 ,
13517,鮞,1,0.00053 ,
13518,誀,1,0.00053 ,
13519,疺,1,0.00053 ,
13520,瞂,1,0.00053 ,
13521,罸,1,0.00053 ,
13522,琺,1,0.00053 ,
13523,犿,1,0.00053 ,
13524,嬏,1,0.00053 ,
13525,憣,1,0.00053 ,
13526,颿,1,0.00053 ,
13527,舤,1,0.00053 ,
13528,緐,1,0.00053 ,
13529,膰,1,0.00053 ,
13530,薠,1,0.00053 ,
13531,羳,1,0.00053 ,
13532,鷭,1,0.00053 ,
13533,払,1,0.00053 ,
13534,滼,1,0.00053 ,
13535,嬔,1,0.00053 ,
13536,旊,1,0.00053 ,
13537,裶,1,0.00053 ,
13538,誹,1,0.00053 ,
13539,昲,1,0.00053 ,
13540,疿,1,0.00053 ,
13541,萉,1,0.00053 ,
13542,廃,1,0.00053 ,
13543,鈖,1,0.00053 ,
13544,蒶,1,0.00053 ,
13545,幩,1,0.00053 ,
13546,魵,1,0.00053 ,
13547,鼖,1,0.00053 ,
13548,豶,1,0.00053 ,
13549,弅,1,0.00053 ,
13550,琒,1,0.00053 ,
13551,灃,1,0.00053 ,
13552,麷,1,0.00053 ,
13553,浲,1,0.00053 ,
13554,摓,1,0.00053 ,
13555,覂,1,0.00053 ,
13556,瓰,1,0.00053 ,
13557,坲,1,0.00053 ,
13558,麩,1,0.00053 ,
13559,懯,1,0.00053 ,
13560,畐,1,0.00053 ,
13561,紱,1,0.00053 ,
13562,紼,1,0.00053 ,
13563,葍,1,0.00053 ,
13564,鳧,1,0.00053 ,
13565,踾,1,0.00053 ,
13566,癁,1,0.00053 ,
13567,俌,1,0.00053 ,
13568,捬,1,0.00053 ,
13569,盙,1,0.00053 ,
13570,緮,1,0.00053 ,
13571,鍑,1,0.00053 ,
13572,猤,1,0.00053 ,
13573,侅,1,0.00053 ,
13574,鎅,1,0.00053 ,
13575,迀,1,0.00053 ,
13576,尶,1,0.00053 ,
13577,鱤,1,0.00053 ,
13578,羙,1,0.00053 ,
13579,夰,1,0.00053 ,
13580,鎬,1,0.00053 ,
13581,峼,1,0.00053 ,
13582,戓,1,0.00053 ,
13583,謌,1,0.00053 ,
13584,呄,1,0.00053 ,
13585,佮,1,0.00053 ,
13586,愅,1,0.00053 ,
13587,鉻,1,0.00053 ,
13588,焿,1,0.00053 ,
13589,鹒,1,0.00053 ,
13590,緪,1,0.00053 ,
13591,峺,1,0.00053 ,
13592,綆,1,0.00053 ,
13593,堩,1,0.00053 ,
13594,杛,1,0.00053 ,
13595,碽,1,0.00053 ,
13596,髸,1,0.00053 ,
13597,龏,1,0.00053 ,
13598,龔,1,0.00053 ,
13599,拲,1,0.00053 ,
13600,贑,1,0.00053 ,
13601,韝,1,0.00053 ,
13602,耉,1,0.00053 ,
13603,耈,1,0.00053 ,
13604,蚼,1,0.00053 ,
13605,茩,1,0.00053 ,
13606,訽,1,0.00053 ,
13607,軲,1,0.00053 ,
13608,篐,1,0.00053 ,
13609,鴣,1,0.00053 ,
13610,啒,1,0.00053 ,
13611,硲,1,0.00053 ,
13612,糓,1,0.00053 ,
13613,餶,1,0.00053 ,
13614,盬,1,0.00053 ,
13615,頋,1,0.00053 ,
13616,錮,1,0.00053 ,
13617,絓,1,0.00053 ,
13618,叏,1,0.00053 ,
13619,萖,1,0.00053 ,
13620,鰥,1,0.00053 ,
13621,輨,1,0.00053 ,
13622,躀,1,0.00053 ,
13623,摜,1,0.00053 ,
13624,罆,1,0.00053 ,
13625,侊,1,0.00053 ,
13626,茪,1,0.00053 ,
13627,銧,1,0.00053 ,
13628,獷,1,0.00053 ,
13629,臦,1,0.00053 ,
13630,胿,1,0.00053 ,
13631,亀,1,0.00053 ,
13632,窐,1,0.00053 ,
13633,嬀,1,0.00053 ,
13634,陒,1,0.00053 ,
13635,攱,1,0.00053 ,
13636,墎,1,0.00053 ,
13637,幗,1,0.00053 ,
13638,咍,1,0.00053 ,
13639,酼,1,0.00053 ,
13640,嚡,1,0.00053 ,
13641,谽,1,0.00053 ,
13642,肣,1,0.00053 ,
13643,浛,1,0.00053 ,
13644,浫,1,0.00053 ,
13645,豃,1,0.00053 ,
13646,琀,1,0.00053 ,
13647,銲,1,0.00053 ,
13648,蚢,1,0.00053 ,
13649,昦,1,0.00053 ,
13650,悎,1,0.00053 ,
13651,暭,1,0.00053 ,
13652,皡,1,0.00053 ,
13653,顥,1,0.00053 ,
13654,籺,1,0.00053 ,
13655,澕,1,0.00053 ,
13656,魺,1,0.00053 ,
13657,皬,1,0.00053 ,
13658,袔,1,0.00053 ,
13659,齃,1,0.00053 ,
13660,靎,1,0.00053 ,
13661,靏,1,0.00053 ,
13662,潶,1,0.00053 ,
13663,拫,1,0.00053 ,
13664,鸻,1,0.00053 ,
13665,鵆,1,0.00053 ,
13666,叿,1,0.00053 ,
13667,焢,1,0.00053 ,
13668,鍧,1,0.00053 ,
13669,綋,1,0.00053 ,
13670,鋐,1,0.00053 ,
13671,霟,1,0.00053 ,
13672,黌,1,0.00053 ,
13673,嗊,1,0.00053 ,
13674,鍭,1,0.00053 ,
13675,匢,1,0.00053 ,
13676,曶,1,0.00053 ,
13677,匫,1,0.00053 ,
13678,嘑,1,0.00053 ,
13679,抇,1,0.00053 ,
13680,蔛,1,0.00053 ,
13681,螜,1,0.00053 ,
13682,乕,1,0.00053 ,
13683,綔,1,0.00053 ,
13684,嫮,1,0.00053 ,
13685,蔰,1,0.00053 ,
13686,槴,1,0.00053 ,
13687,磆,1,0.00053 ,
13688,鷨,1,0.00053 ,
13689,杹,1,0.00053 ,
13690,崋,1,0.00053 ,
13691,摦,1,0.00053 ,
13692,繣,1,0.00053 ,
13693,瀤,1,0.00053 ,
13694,峘,1,0.00053 ,
13695,熿,1,0.00053 ,
13696,韹,1,0.00053 ,
13697,騜,1,0.00053 ,
13698,皩,1,0.00053 ,
13699,洃,1,0.00053 ,
13700,詼,1,0.00053 ,
13701,幑,1,0.00053 ,
13702,翬,1,0.00053 ,
13703,囘,1,0.00053 ,
13704,囬,1,0.00053 ,
13705,譭,1,0.00053 ,
13706,恵,1,0.00053 ,
13707,嘒,1,0.00053 ,
13708,槥,1,0.00053 ,
13709,薈,1,0.00053 ,
13710,檜,1,0.00053 ,
13711,篲,1,0.00053 ,
13712,闠,1,0.00053 ,
13713,孈,1,0.00053 ,
13714,葷,1,0.00053 ,
13715,睧,1,0.00053 ,
13716,餛,1,0.00053 ,
13717,繉,1,0.00053 ,
13718,慁,1,0.00053 ,
13719,諢,1,0.00053 ,
13720,剨,1,0.00053 ,
13721,蒦,1,0.00053 ,
13722,曤,1,0.00053 ,
13723,銈,1,0.00053 ,
13724,嘰,1,0.00053 ,
13725,憿,1,0.00053 ,
13726,隮,1,0.00053 ,
13727,譤,1,0.00053 ,
13728,鐖,1,0.00053 ,
13729,鞿,1,0.00053 ,
13730,鑙,1,0.00053 ,
13731,亼,1,0.00053 ,
13732,忣,1,0.00053 ,
13733,郆,1,0.00053 ,
13734,皍,1,0.00053 ,
13735,觙,1,0.00053 ,
13736,卙,1,0.00053 ,
13737,焏,1,0.00053 ,
13738,趌,1,0.00053 ,
13739,銡,1,0.00053 ,
13740,嶯,1,0.00053 ,
13741,轚,1,0.00053 ,
13742,鱾,1,0.00053 ,
13743,穖,1,0.00053 ,
13744,芶,1,0.00053 ,
13745,旣,1,0.00053 ,
13746,萕,1,0.00053 ,
13747,懻,1,0.00053 ,
13748,泇,1,0.00053 ,
13749,郟,1,0.00053 ,
13750,戞,1,0.00053 ,
13751,蛺,1,0.00053 ,
13752,徦,1,0.00053 ,
13753,椵,1,0.00053 ,
13754,鉀,1,0.00053 ,
13755,檟,1,0.00053 ,
13756,惤,1,0.00053 ,
13757,豜,1,0.00053 ,
13758,蕳,1,0.00053 ,
13759,殱,1,0.00053 ,
13760,揃,1,0.00053 ,
13761,弿,1,0.00053 ,
13762,筧,1,0.00053 ,
13763,絸,1,0.00053 ,
13764,襇,1,0.00053 ,
13765,襉,1,0.00053 ,
13766,鹼,1,0.00053 ,
13767,剱,1,0.00053 ,
13768,袸,1,0.00053 ,
13769,釼,1,0.00053 ,
13770,賎,1,0.00053 ,
13771,磵,1,0.00053 ,
13772,螿,1,0.00053 ,
13773,繮,1,0.00053 ,
13774,槳,1,0.00053 ,
13775,摾,1,0.00053 ,
13776,嶕,1,0.00053 ,
13777,嶣,1,0.00053 ,
13778,笅,1,0.00053 ,
13779,踋,1,0.00053 ,
13780,撟,1,0.00053 ,
13781,敽,1,0.00053 ,
13782,訆,1,0.00053 ,
13783,擑,1,0.00053 ,
13784,卪,1,0.00053 ,
13785,岊,1,0.00053 ,
13786,嵥,1,0.00053 ,
13787,鉣,1,0.00053 ,
13788,頡,1,0.00053 ,
13789,忦,1,0.00053 ,
13790,衸,1,0.00053 ,
13791,犗,1,0.00053 ,
13792,繲,1,0.00053 ,
13793,琻,1,0.00053 ,
13794,漌,1,0.00053 ,
13795,侭,1,0.00053 ,
13796,僸,1,0.00053 ,
13797,殣,1,0.00053 ,
13798,嚍,1,0.00053 ,
13799,藎,1,0.00053 ,
13800,覲,1,0.00053 ,
13801,猄,1,0.00053 ,
13802,穽,1,0.00053 ,
13803,幜,1,0.00053 ,
13804,桱,1,0.00053 ,
13805,踁,1,0.00053 ,
13806,竸,1,0.00053 ,
13807,侰,1,0.00053 ,
13808,綗,1,0.00053 ,
13809,僒,1,0.00053 ,
13810,煛,1,0.00053 ,
13811,乆,1,0.00053 ,
13812,乣,1,0.00053 ,
13813,舏,1,0.00053 ,
13814,蜛,1,0.00053 ,
13815,狊,1,0.00053 ,
13816,湨,1,0.00053 ,
13817,僪,1,0.00053 ,
13818,蘜,1,0.00053 ,
13819,鶪,1,0.00053 ,
13820,擧,1,0.00053 ,
13821,欅,1,0.00053 ,
13822,昛,1,0.00053 ,
13823,粔,1,0.00053 ,
13824,耟,1,0.00053 ,
13825,埾,1,0.00053 ,
13826,駏,1,0.00053 ,
13827,懅,1,0.00053 ,
13828,颶,1,0.00053 ,
13829,簴,1,0.00053 ,
13830,躆,1,0.00053 ,
13831,臇,1,0.00053 ,
13832,獧,1,0.00053 ,
13833,趉,1,0.00053 ,
13834,憰,1,0.00053 ,
13835,镼,1,0.00053 ,
13836,蟩,1,0.00053 ,
13837,欔,1,0.00053 ,
13838,貜,1,0.00053 ,
13839,蚐,1,0.00053 ,
13840,碅,1,0.00053 ,
13841,皹,1,0.00053 ,
13842,銞,1,0.00053 ,
13843,鲪,1,0.00053 ,
13844,麏,1,0.00053 ,
13845,燇,1,0.00053 ,
13846,鵔,1,0.00053 ,
13847,鵕,1,0.00053 ,
13848,鐦,1,0.00053 ,
13849,愾,1,0.00053 ,
13850,歁,1,0.00053 ,
13851,轗,1,0.00053 ,
13852,丂,1,0.00053 ,
13853,胢,1,0.00053 ,
13854,樖,1,0.00053 ,
13855,嶱,1,0.00053 ,
13856,敤,1,0.00053 ,
13857,娔,1,0.00053 ,
13858,肎,1,0.00053 ,
13859,錹,1,0.00053 ,
13860,劥,1,0.00053 ,
13861,挳,1,0.00053 ,
13862,鍞,1,0.00053 ,
13863,躻,1,0.00053 ,
13864,彄,1,0.00053 ,
13865,窛,1,0.00053 ,
13866,郀,1,0.00053 ,
13867,髖,1,0.00053 ,
13868,筺,1,0.00053 ,
13869,軭,1,0.00053 ,
13870,儣,1,0.00053 ,
13871,壙,1,0.00053 ,
13872,黋,1,0.00053 ,
13873,懬,1,0.00053 ,
13874,穬,1,0.00053 ,
13875,聧,1,0.00053 ,
13876,巋,1,0.00053 ,
13877,戣,1,0.00053 ,
13878,虁,1,0.00053 ,
13879,頍,1,0.00053 ,
13880,蹞,1,0.00053 ,
13881,尯,1,0.00053 ,
13882,嘳,1,0.00053 ,
13883,嬇,1,0.00053 ,
13884,蜫,1,0.00053 ,
13885,褌,1,0.00053 ,
13886,萿,1,0.00053 ,
13887,濶,1,0.00053 ,
13888,藞,1,0.00053 ,
13889,嚹,1,0.00053 ,
13890,鯻,1,0.00053 ,
13891,棶,1,0.00053 ,
13892,麳,1,0.00053 ,
13893,賚,1,0.00053 ,
13894,頼,1,0.00053 ,
13895,鵣,1,0.00053 ,
13896,藾,1,0.00053 ,
13897,灡,1,0.00053 ,
13898,钄,1,0.00053 ,
13899,浨,1,0.00053 ,
13900,壏,1,0.00053 ,
13901,爤,1,0.00053 ,
13902,灠,1,0.00053 ,
13903,樃,1,0.00053 ,
13904,粩,1,0.00053 ,
13905,浶,1,0.00053 ,
13906,嶗,1,0.00053 ,
13907,蟧,1,0.00053 ,
13908,蛯,1,0.00053 ,
13909,橑,1,0.00053 ,
13910,軂,1,0.00053 ,
13911,阞,1,0.00053 ,
13912,蔂,1,0.00053 ,
13913,樏,1,0.00053 ,
13914,櫑,1,0.00053 ,
13915,蠝,1,0.00053 ,
13916,頪,1,0.00053 ,
13917,錑,1,0.00053 ,
13918,脷,1,0.00053 ,
13919,筣,1,0.00053 ,
13920,盠,1,0.00053 ,
13921,嚟,1,0.00053 ,
13922,邌,1,0.00053 ,
13923,鑗,1,0.00053 ,
13924,驪,1,0.00053 ,
13925,鸝,1,0.00053 ,
13926,峛,1,0.00053 ,
13927,朸,1,0.00053 ,
13928,悷,1,0.00053 ,
13929,蛠,1,0.00053 ,
13930,鉝,1,0.00053 ,
13931,蜧,1,0.00053 ,
13932,巁,1,0.00053 ,
13933,礪,1,0.00053 ,
13934,酈,1,0.00053 ,
13935,奩,1,0.00053 ,
13936,覝,1,0.00053 ,
13937,噒,1,0.00053 ,
13938,聨,1,0.00053 ,
13939,濓,1,0.00053 ,
13940,蹥,1,0.00053 ,
13941,嬚,1,0.00053 ,
13942,裲,1,0.00053 ,
13943,湸,1,0.00053 ,
13944,煷,1,0.00053 ,
13945,屪,1,0.00053 ,
13946,豂,1,0.00053 ,
13947,爎,1,0.00053 ,
13948,尦,1,0.00053 ,
13949,劽,1,0.00053 ,
13950,猟,1,0.00053 ,
13951,脟,1,0.00053 ,
13952,暽,1,0.00053 ,
13953,繗,1,0.00053 ,
13954,翷,1,0.00053 ,
13955,壣,1,0.00053 ,
13956,懍,1,0.00053 ,
13957,悋,1,0.00053 ,
13958,疄,1,0.00053 ,
13959,藺,1,0.00053 ,
13960,刢,1,0.00053 ,
13961,姈,1,0.00053 ,
13962,彾,1,0.00053 ,
13963,砱,1,0.00053 ,
13964,紷,1,0.00053 ,
13965,詅,1,0.00053 ,
13966,裬,1,0.00053 ,
13967,綾,1,0.00053 ,
13968,欞,1,0.00053 ,
13969,阾,1,0.00053 ,
13970,蟉,1,0.00053 ,
13971,藰,1,0.00053 ,
13972,餾,1,0.00053 ,
13973,驑,1,0.00053 ,
13974,翏,1,0.00053 ,
13975,磟,1,0.00053 ,
13976,嶐,1,0.00053 ,
13977,巄,1,0.00053 ,
13978,鏧,1,0.00053 ,
13979,霳,1,0.00053 ,
13980,曨,1,0.00053 ,
13981,礱,1,0.00053 ,
13982,贚,1,0.00053 ,
13983,矑,1,0.00053 ,
13984,籚,1,0.00053 ,
13985,罏,1,0.00053 ,
13986,髗,1,0.00053 ,
13987,樐,1,0.00053 ,
13988,擄,1,0.00053 ,
13989,淕,1,0.00053 ,
13990,廘,1,0.00053 ,
13991,摝,1,0.00053 ,
13992,錴,1,0.00053 ,
13993,騼,1,0.00053 ,
13994,閭,1,0.00053 ,
13995,梠,1,0.00053 ,
13996,焒,1,0.00053 ,
13997,繂,1,0.00053 ,
13998,曫,1,0.00053 ,
13999,臠,1,0.00053 ,
14000,畧,1,0.00053 ,
14001,侖,1,0.00053 ,
14002,圇,1,0.00053 ,
14003,綸,1,0.00053 ,
14004,錀,1,0.00053 ,
14005,腡,1,0.00053 ,
14006,覶,1,0.00053 ,
14007,騾,1,0.00053 ,
14008,笿,1,0.00053 ,
14009,蟇,1,0.00053 ,
14010,衇,1,0.00053 ,
14011,霢,1,0.00053 ,
14012,樠,1,0.00053 ,
14013,縵,1,0.00053 ,
14014,杗,1,0.00053 ,
14015,哤,1,0.00053 ,
14016,鋩,1,0.00053 ,
14017,壾,1,0.00053 ,
14018,毜,1,0.00053 ,
14019,愗,1,0.00053 ,
14020,蝐,1,0.00053 ,
14021,唜,1,0.00053 ,
14022,珻,1,0.00053 ,
14023,塺,1,0.00053 ,
14024,槑,1,0.00053 ,
14025,攟,1,0.00053 ,
14026,鎂,1,0.00053 ,
14027,黣,1,0.00053 ,
14028,跊,1,0.00053 ,
14029,煝,1,0.00053 ,
14030,菛,1,0.00053 ,
14031,雺,1,0.00053 ,
14032,氋,1,0.00053 ,
14033,矒,1,0.00053 ,
14034,饛,1,0.00053 ,
14035,懜,1,0.00053 ,
14036,冞,1,0.00053 ,
14037,禰,1,0.00053 ,
14038,麛,1,0.00053 ,
14039,爢,1,0.00053 ,
14040,羋,1,0.00053 ,
14041,渳,1,0.00053 ,
14042,孊,1,0.00053 ,
14043,宻,1,0.00053 ,
14044,淧,1,0.00053 ,
14045,婂,1,0.00053 ,
14046,櫋,1,0.00053 ,
14047,偭,1,0.00053 ,
14048,玅,1,0.00053 ,
14049,庿,1,0.00053 ,
14050,旼,1,0.00053 ,
14051,盿,1,0.00053 ,
14052,崏,1,0.00053 ,
14053,勄,1,0.00053 ,
14054,閔,1,0.00053 ,
14055,敯,1,0.00053 ,
14056,覭,1,0.00053 ,
14057,慏,1,0.00053 ,
14058,嚤,1,0.00053 ,
14059,嚩,1,0.00053 ,
14060,歿,1,0.00053 ,
14061,枺,1,0.00053 ,
14062,砞,1,0.00053 ,
14063,袹,1,0.00053 ,
14064,藦,1,0.00053 ,
14065,鏌,1,0.00053 ,
14066,礳,1,0.00053 ,
14067,洠,1,0.00053 ,
14068,氁,1,0.00053 ,
14069,畒,1,0.00053 ,
14070,胟,1,0.00053 ,
14071,萺,1,0.00053 ,
14072,楘,1,0.00053 ,
14073,丆,1,0.00053 ,
14074,鎿,1,0.00053 ,
14075,乸,1,0.00053 ,
14076,雫,1,0.00053 ,
14077,渿,1,0.00053 ,
14078,遖,1,0.00053 ,
14079,揇,1,0.00053 ,
14080,戁,1,0.00053 ,
14081,婻,1,0.00053 ,
14082,灢,1,0.00053 ,
14083,峱,1,0.00053 ,
14084,詉,1,0.00053 ,
14085,嫐,1,0.00053 ,
14086,鯘,1,0.00053 ,
14087,屔,1,0.00053 ,
14088,蚭,1,0.00053 ,
14089,掜,1,0.00053 ,
14090,鉨,1,0.00053 ,
14091,胒,1,0.00053 ,
14092,堄,1,0.00053 ,
14093,嫟,1,0.00053 ,
14094,縌,1,0.00053 ,
14095,嬺,1,0.00053 ,
14096,涊,1,0.00053 ,
14097,蹨,1,0.00053 ,
14098,艌,1,0.00053 ,
14099,枿,1,0.00053 ,
14100,惗,1,0.00053 ,
14101,菍,1,0.00053 ,
14102,嵲,1,0.00053 ,
14103,槷,1,0.00053 ,
14104,嚙,1,0.00053 ,
14105,闑,1,0.00053 ,
14106,蠥,1,0.00053 ,
14107,拰,1,0.00053 ,
14108,寜,1,0.00053 ,
14109,炄,1,0.00053 ,
14110,繷,1,0.00053 ,
14111,啂,1,0.00053 ,
14112,鎒,1,0.00053 ,
14113,籹,1,0.00053 ,
14114,釹,1,0.00053 ,
14115,衂,1,0.00053 ,
14116,瘧,1,0.00053 ,
14117,稬,1,0.00053 ,
14118,懧,1,0.00053 ,
14119,夞,1,0.00053 ,
14120,熰,1,0.00053 ,
14121,鷗,1,0.00053 ,
14122,腢,1,0.00053 ,
14123,漚,1,0.00053 ,
14124,皅,1,0.00053 ,
14125,舥,1,0.00053 ,
14126,掱,1,0.00053 ,
14127,帊,1,0.00053 ,
14128,袙,1,0.00053 ,
14129,鎃,1,0.00053 ,
14130,沗,1,0.00053 ,
14131,蠭,1,0.00053 ,
14132,炐,1,0.00053 ,
14133,垉,1,0.00053 ,
14134,爮,1,0.00053 ,
14135,伂,1,0.00053 ,
14136,笩,1,0.00053 ,
14137,梈,1,0.00053 ,
14138,軯,1,0.00053 ,
14139,竼,1,0.00053 ,
14140,槰,1,0.00053 ,
14141,憉,1,0.00053 ,
14142,鬔,1,0.00053 ,
14143,喸,1,0.00053 ,
14144,旇,1,0.00053 ,
14145,錍,1,0.00053 ,
14146,阰,1,0.00053 ,
14147,腗,1,0.00053 ,
14148,鲏,1,0.00053 ,
14149,渒,1,0.00053 ,
14150,嚊,1,0.00053 ,
14151,鶣,1,0.00053 ,
14152,骿,1,0.00053 ,
14153,駢,1,0.00053 ,
14154,覑,1,0.00053 ,
14155,彯,1,0.00053 ,
14156,旚,1,0.00053 ,
14157,翲,1,0.00053 ,
14158,魒,1,0.00053 ,
14159,撆,1,0.00053 ,
14160,竮,1,0.00053 ,
14161,蚲,1,0.00053 ,
14162,幈,1,0.00053 ,
14163,蓱,1,0.00053 ,
14164,蛢,1,0.00053 ,
14165,凴,1,0.00053 ,
14166,檘,1,0.00053 ,
14167,簈,1,0.00053 ,
14168,溌,1,0.00053 ,
14169,醱,1,0.00053 ,
14170,鏺,1,0.00053 ,
14171,嘙,1,0.00053 ,
14172,謈,1,0.00053 ,
14173,尀,1,0.00053 ,
14174,駊,1,0.00053 ,
14175,岶,1,0.00053 ,
14176,敀,1,0.00053 ,
14177,洦,1,0.00053 ,
14178,蒪,1,0.00053 ,
14179,犃,1,0.00053 ,
14180,兺,1,0.00053 ,
14181,抪,1,0.00053 ,
14182,墣,1,0.00053 ,
14183,纀,1,0.00053 ,
14184,倛,1,0.00053 ,
14185,朞,1,0.00053 ,
14186,褄,1,0.00053 ,
14187,磎,1,0.00053 ,
14188,斊,1,0.00053 ,
14189,軝,1,0.00053 ,
14190,粸,1,0.00053 ,
14191,懠,1,0.00053 ,
14192,騏,1,0.00053 ,
14193,蠐,1,0.00053 ,
14194,婍,1,0.00053 ,
14195,晵,1,0.00053 ,
14196,呮,1,0.00053 ,
14197,暣,1,0.00053 ,
14198,磧,1,0.00053 ,
14199,磩,1,0.00053 ,
14200,罊,1,0.00053 ,
14201,跒,1,0.00053 ,
14202,愘,1,0.00053 ,
14203,圲,1,0.00053 ,
14204,汘,1,0.00053 ,
14205,鈆,1,0.00053 ,
14206,雃,1,0.00053 ,
14207,僉,1,0.00053 ,
14208,檶,1,0.00053 ,
14209,攐,1,0.00053 ,
14210,攓,1,0.00053 ,
14211,鬝,1,0.00053 ,
14212,乹,1,0.00053 ,
14213,銭,1,0.00053 ,
14214,橬,1,0.00053 ,
14215,黚,1,0.00053 ,
14216,濳,1,0.00053 ,
14217,膁,1,0.00053 ,
14218,刋,1,0.00053 ,
14219,蔳,1,0.00053 ,
14220,篟,1,0.00053 ,
14221,猐,1,0.00053 ,
14222,嗴,1,0.00053 ,
14223,瑲,1,0.00053 ,
14224,蔃,1,0.00053 ,
14225,蘠,1,0.00053 ,
14226,熗,1,0.00053 ,
14227,墝,1,0.00053 ,
14228,繑,1,0.00053 ,
14229,嘺,1,0.00053 ,
14230,譙,1,0.00053 ,
14231,鞽,1,0.00053 ,
14232,顦,1,0.00053 ,
14233,韒,1,0.00053 ,
14234,悏,1,0.00053 ,
14235,藒,1,0.00053 ,
14236,琹,1,0.00053 ,
14237,梫,1,0.00053 ,
14238,赾,1,0.00053 ,
14239,撳,1,0.00053 ,
14240,瀙,1,0.00053 ,
14241,氫,1,0.00053 ,
14242,軽,1,0.00053 ,
14243,殑,1,0.00053 ,
14244,暒,1,0.00053 ,
14245,惸,1,0.00053 ,
14246,睘,1,0.00053 ,
14247,竆,1,0.00053 ,
14248,藭,1,0.00053 ,
14249,媝,1,0.00053 ,
14250,蓲,1,0.00053 ,
14251,趥,1,0.00053 ,
14252,扏,1,0.00053 ,
14253,觓,1,0.00053 ,
14254,紌,1,0.00053 ,
14255,釚,1,0.00053 ,
14256,絿,1,0.00053 ,
14257,蛷,1,0.00053 ,
14258,浀,1,0.00053 ,
14259,駆,1,0.00053 ,
14260,敺,1,0.00053 ,
14261,斪,1,0.00053 ,
14262,葋,1,0.00053 ,
14263,鸜,1,0.00053 ,
14264,竬,1,0.00053 ,
14265,閴,1,0.00053 ,
14266,峑,1,0.00053 ,
14267,湶,1,0.00053 ,
14268,搼,1,0.00053 ,
14269,瑔,1,0.00053 ,
14270,跧,1,0.00053 ,
14271,巏,1,0.00053 ,
14272,甽,1,0.00053 ,
14273,牶,1,0.00053 ,
14274,埆,1,0.00053 ,
14275,趞,1,0.00053 ,
14276,鵲,1,0.00053 ,
14277,囕,1,0.00053 ,
14278,躟,1,0.00053 ,
14279,譲,1,0.00053 ,
14280,紉,1,0.00053 ,
14281,訒,1,0.00053 ,
14282,絍,1,0.00053 ,
14283,腍,1,0.00053 ,
14284,芿,1,0.00053 ,
14285,囸,1,0.00053 ,
14286,嫆,1,0.00053 ,
14287,嵤,1,0.00053 ,
14288,傇,1,0.00053 ,
14289,媃,1,0.00053 ,
14290,蝚,1,0.00053 ,
14291,帤,1,0.00053 ,
14292,蒘,1,0.00053 ,
14293,曘,1,0.00053 ,
14294,杁,1,0.00053 ,
14295,鳰,1,0.00053 ,
14296,縟,1,0.00053 ,
14297,偄,1,0.00053 ,
14298,腝,1,0.00053 ,
14299,蜹,1,0.00053 ,
14300,閏,1,0.00053 ,
14301,渃,1,0.00053 ,
14302,焫,1,0.00053 ,
14303,摋,1,0.00053 ,
14304,馺,1,0.00053 ,
14305,毢,1,0.00053 ,
14306,顋,1,0.00053 ,
14307,僿,1,0.00053 ,
14308,矂,1,0.00053 ,
14309,洓,1,0.00053 ,
14310,銫,1,0.00053 ,
14311,澁,1,0.00053 ,
14312,懎,1,0.00053 ,
14313,轖,1,0.00053 ,
14314,鏼,1,0.00053 ,
14315,萐,1,0.00053 ,
14316,簛,1,0.00053 ,
14317,圸,1,0.00053 ,
14318,烻,1,0.00053 ,
14319,痁,1,0.00053 ,
14320,嘇,1,0.00053 ,
14321,蟺,1,0.00053 ,
14322,贍,1,0.00053 ,
14323,鐥,1,0.00053 ,
14324,灗,1,0.00053 ,
14325,鱔,1,0.00053 ,
14326,漡,1,0.00053 ,
14327,恦,1,0.00053 ,
14328,焼,1,0.00053 ,
14329,旓,1,0.00053 ,
14330,髾,1,0.00053 ,
14331,摵,1,0.00053 ,
14332,蔎,1,0.00053 ,
14333,姺,1,0.00053 ,
14334,峷,1,0.00053 ,
14335,眒,1,0.00053 ,
14336,葠,1,0.00053 ,
14337,訷,1,0.00053 ,
14338,蓡,1,0.00053 ,
14339,鯓,1,0.00053 ,
14340,魫,1,0.00053 ,
14341,呏,1,0.00053 ,
14342,湦,1,0.00053 ,
14343,鱦,1,0.00053 ,
14344,貹,1,0.00053 ,
14345,浉,1,0.00053 ,
14346,釃,1,0.00053 ,
14347,笶,1,0.00053 ,
14348,鉂,1,0.00053 ,
14349,忕,1,0.00053 ,
14350,呩,1,0.00053 ,
14351,柹,1,0.00053 ,
14352,睗,1,0.00053 ,
14353,鈰,1,0.00053 ,
14354,謚,1,0.00053 ,
14355,籂,1,0.00053 ,
14356,襫,1,0.00053 ,
14357,瓧,1,0.00053 ,
14358,綬,1,0.00053 ,
14359,夀,1,0.00053 ,
14360,柕,1,0.00053 ,
14361,瑹,1,0.00053 ,
14362,踈,1,0.00053 ,
14363,潻,1,0.00053 ,
14364,荗,1,0.00053 ,
14365,滝,1,0.00053 ,
14366,鑠,1,0.00053 ,
14367,泀,1,0.00053 ,
14368,禠,1,0.00053 ,
14369,銯,1,0.00053 ,
14370,颸,1,0.00053 ,
14371,価,1,0.00053 ,
14372,梩,1,0.00053 ,
14373,飤,1,0.00053 ,
14374,蕼,1,0.00053 ,
14375,儩,1,0.00053 ,
14376,柗,1,0.00053 ,
14377,蜙,1,0.00053 ,
14378,愯,1,0.00053 ,
14379,駷,1,0.00053 ,
14380,廀,1,0.00053 ,
14381,獀,1,0.00053 ,
14382,洬,1,0.00053 ,
14383,梀,1,0.00053 ,
14384,粛,1,0.00053 ,
14385,塐,1,0.00053 ,
14386,榡,1,0.00053 ,
14387,縤,1,0.00053 ,
14388,橚,1,0.00053 ,
14389,謖,1,0.00053 ,
14390,荾,1,0.00053 ,
14391,滖,1,0.00053 ,
14392,鞖,1,0.00053 ,
14393,瀡,1,0.00053 ,
14394,砕,1,0.00053 ,
14395,脺,1,0.00053 ,
14396,賥,1,0.00053 ,
14397,繀,1,0.00053 ,
14398,搎,1,0.00053 ,
14399,猻,1,0.00053 ,
14400,趖,1,0.00053 ,
14401,琑,1,0.00053 ,
14402,鎻,1,0.00053 ,
14403,鎼,1,0.00053 ,
14404,溹,1,0.00053 ,
14405,狧,1,0.00053 ,
14406,嚺,1,0.00053 ,
14407,濌,1,0.00053 ,
14408,闥,1,0.00053 ,
14409,譶,1,0.00053 ,
14410,珆,1,0.00053 ,
14411,炲,1,0.00053 ,
14412,粏,1,0.00053 ,
14413,潬,1,0.00053 ,
14414,譠,1,0.00053 ,
14415,醓,1,0.00053 ,
14416,鐋,1,0.00053 ,
14417,磄,1,0.00053 ,
14418,篖,1,0.00053 ,
14419,餳,1,0.00053 ,
14420,仐,1,0.00053 ,
14421,瑫,1,0.00053 ,
14422,鞱,1,0.00053 ,
14423,迯,1,0.00053 ,
14424,鞀,1,0.00053 ,
14425,畓,1,0.00053 ,
14426,鋱,1,0.00053 ,
14427,幐,1,0.00053 ,
14428,偍,1,0.00053 ,
14429,珶,1,0.00053 ,
14430,惿,1,0.00053 ,
14431,趧,1,0.00053 ,
14432,鍗,1,0.00053 ,
14433,鴺,1,0.00053 ,
14434,挮,1,0.00053 ,
14435,戻,1,0.00053 ,
14436,掦,1,0.00053 ,
14437,惖,1,0.00053 ,
14438,揥,1,0.00053 ,
14439,歒,1,0.00053 ,
14440,籊,1,0.00053 ,
14441,婖,1,0.00053 ,
14442,甛,1,0.00053 ,
14443,窴,1,0.00053 ,
14444,淟,1,0.00053 ,
14445,賟,1,0.00053 ,
14446,錪,1,0.00053 ,
14447,樤,1,0.00053 ,
14448,宨,1,0.00053 ,
14449,晀,1,0.00053 ,
14450,聑,1,0.00053 ,
14451,庁,1,0.00053 ,
14452,艼,1,0.00053 ,
14453,蝏,1,0.00053 ,
14454,脡,1,0.00053 ,
14455,濎,1,0.00053 ,
14456,晍,1,0.00053 ,
14457,浵,1,0.00053 ,
14458,秱,1,0.00053 ,
14459,鉖,1,0.00053 ,
14460,斢,1,0.00053 ,
14461,湥,1,0.00053 ,
14462,峹,1,0.00053 ,
14463,捈,1,0.00053 ,
14464,梌,1,0.00053 ,
14465,瘏,1,0.00053 ,
14466,跿,1,0.00053 ,
14467,莵,1,0.00053 ,
14468,蓷,1,0.00053 ,
14469,脮,1,0.00053 ,
14470,娧,1,0.00053 ,
14471,駾,1,0.00053 ,
14472,臋,1,0.00053 ,
14473,畽,1,0.00053 ,
14474,扡,1,0.00053 ,
14475,汑,1,0.00053 ,
14476,拕,1,0.00053 ,
14477,侻,1,0.00053 ,
14478,挩,1,0.00053 ,
14479,捝,1,0.00053 ,
14480,彵,1,0.00053 ,
14481,萚,1,0.00053 ,
14482,徍,1,0.00053 ,
14483,畖,1,0.00053 ,
14484,啘,1,0.00053 ,
14485,攨,1,0.00053 ,
14486,瓲,1,0.00053 ,
14487,韈,1,0.00053 ,
14488,岏,1,0.00053 ,
14489,捖,1,0.00053 ,
14490,埦,1,0.00053 ,
14491,綩,1,0.00053 ,
14492,綰,1,0.00053 ,
14493,杤,1,0.00053 ,
14494,尣,1,0.00053 ,
14495,尩,1,0.00053 ,
14496,莣,1,0.00053 ,
14497,蛧,1,0.00053 ,
14498,盳,1,0.00053 ,
14499,揋,1,0.00053 ,
14500,揻,1,0.00053 ,
14501,峗,1,0.00053 ,
14502,峞,1,0.00053 ,
14503,洈,1,0.00053 ,
14504,喡,1,0.00053 ,
14505,闈,1,0.00053 ,
14506,癓,1,0.00053 ,
14507,骩,1,0.00053 ,
14508,愇,1,0.00053 ,
14509,骪,1,0.00053 ,
14510,諉,1,0.00053 ,
14511,軎,1,0.00053 ,
14512,菋,1,0.00053 ,
14513,緭,1,0.00053 ,
14514,餧,1,0.00053 ,
14515,鏏,1,0.00053 ,
14516,蘶,1,0.00053 ,
14517,昷,1,0.00053 ,
14518,珳,1,0.00053 ,
14519,脗,1,0.00053 ,
14520,妏,1,0.00053 ,
14521,脕,1,0.00053 ,
14522,螉,1,0.00053 ,
14523,聬,1,0.00053 ,
14524,罋,1,0.00053 ,
14525,涹,1,0.00053 ,
14526,蝸,1,0.00053 ,
14527,婐,1,0.00053 ,
14528,楃,1,0.00053 ,
14529,鎢,1,0.00053 ,
14530,鰞,1,0.00053 ,
14531,娪,1,0.00053 ,
14532,璑,1,0.00053 ,
14533,俉,1,0.00053 ,
14534,娬,1,0.00053 ,
14535,廡,1,0.00053 ,
14536,潕,1,0.00053 ,
14537,甒,1,0.00053 ,
14538,岉,1,0.00053 ,
14539,矹,1,0.00053 ,
14540,蘁,1,0.00053 ,
14541,卥,1,0.00053 ,
14542,屖,1,0.00053 ,
14543,蒠,1,0.00053 ,
14544,熈,1,0.00053 ,
14545,豯,1,0.00053 ,
14546,蠵,1,0.00053 ,
14547,漝,1,0.00053 ,
14548,飁,1,0.00053 ,
14549,騽,1,0.00053 ,
14550,葈,1,0.00053 ,
14551,鈢,1,0.00053 ,
14552,暿,1,0.00053 ,
14553,卌,1,0.00053 ,
14554,欯,1,0.00053 ,
14555,釳,1,0.00053 ,
14556,慀,1,0.00053 ,
14557,綌,1,0.00053 ,
14558,隟,1,0.00053 ,
14559,熂,1,0.00053 ,
14560,闟,1,0.00053 ,
14561,閕,1,0.00053 ,
14562,硤,1,0.00053 ,
14563,筪,1,0.00053 ,
14564,舝,1,0.00053 ,
14565,蕸,1,0.00053 ,
14566,縖,1,0.00053 ,
14567,赮,1,0.00053 ,
14568,圷,1,0.00053 ,
14569,佡,1,0.00053 ,
14570,嘕,1,0.00053 ,
14571,銛,1,0.00053 ,
14572,鍂,1,0.00053 ,
14573,韱,1,0.00053 ,
14574,鶱,1,0.00053 ,
14575,鱻,1,0.00053 ,
14576,蛝,1,0.00053 ,
14577,撏,1,0.00053 ,
14578,鷴,1,0.00053 ,
14579,毨,1,0.00053 ,
14580,禒,1,0.00053 ,
14581,顕,1,0.00053 ,
14582,蘚,1,0.00053 ,
14583,涀,1,0.00053 ,
14584,絤,1,0.00053 ,
14585,撊,1,0.00053 ,
14586,糮,1,0.00053 ,
14587,驤,1,0.00053 ,
14588,晑,1,0.00053 ,
14589,蠁,1,0.00053 ,
14590,缿,1,0.00053 ,
14591,萫,1,0.00053 ,
14592,曏,1,0.00053 ,
14593,襐,1,0.00053 ,
14594,鐌,1,0.00053 ,
14595,侾,1,0.00053 ,
14596,宯,1,0.00053 ,
14597,蟂,1,0.00053 ,
14598,簫,1,0.00053 ,
14599,髐,1,0.00053 ,
14600,鷍,1,0.00053 ,
14601,驍,1,0.00053 ,
14602,暁,1,0.00053 ,
14603,皢,1,0.00053 ,
14604,恔,1,0.00053 ,
14605,熽,1,0.00053 ,
14606,劦,1,0.00053 ,
14607,恊,1,0.00053 ,
14608,熁,1,0.00053 ,
14609,擕,1,0.00053 ,
14610,蝢,1,0.00053 ,
14611,襭,1,0.00053 ,
14612,伳,1,0.00053 ,
14613,徢,1,0.00053 ,
14614,焎,1,0.00053 ,
14615,紲,1,0.00053 ,
14616,噧,1,0.00053 ,
14617,韰,1,0.00053 ,
14618,鈊,1,0.00053 ,
14619,嬜,1,0.00053 ,
14620,脪,1,0.00053 ,
14621,銒,1,0.00053 ,
14622,莕,1,0.00053 ,
14623,塂,1,0.00053 ,
14624,緈,1,0.00053 ,
14625,嬹,1,0.00053 ,
14626,忷,1,0.00053 ,
14627,樇,1,0.00053 ,
14628,滫,1,0.00053 ,
14629,璓,1,0.00053 ,
14630,裦,1,0.00053 ,
14631,揟,1,0.00053 ,
14632,蝑,1,0.00053 ,
14633,詡,1,0.00053 ,
14634,垿,1,0.00053 ,
14635,訹,1,0.00053 ,
14636,槒,1,0.00053 ,
14637,稸,1,0.00053 ,
14638,緖,1,0.00053 ,
14639,鱮,1,0.00053 ,
14640,萲,1,0.00053 ,
14641,琁,1,0.00053 ,
14642,暶,1,0.00053 ,
14643,袨,1,0.00053 ,
14644,颴,1,0.00053 ,
14645,鏇,1,0.00053 ,
14646,塤,1,0.00053 ,
14647,揗,1,0.00053 ,
14648,樳,1,0.00053 ,
14649,燂,1,0.00053 ,
14650,卂,1,0.00053 ,
14651,伨,1,0.00053 ,
14652,侚,1,0.00053 ,
14653,狥,1,0.00053 ,
14654,賐,1,0.00053 ,
14655,顨,1,0.00053 ,
14656,孲,1,0.00053 ,
14657,圠,1,0.00053 ,
14658,亜,1,0.00053 ,
14659,閹,1,0.00053 ,
14660,臙,1,0.00053 ,
14661,黫,1,0.00053 ,
14662,郔,1,0.00053 ,
14663,狿,1,0.00053 ,
14664,嵓,1,0.00053 ,
14665,楌,1,0.00053 ,
14666,厳,1,0.00053 ,
14667,乵,1,0.00053 ,
14668,椼,1,0.00053 ,
14669,硽,1,0.00053 ,
14670,黬,1,0.00053 ,
14671,黶,1,0.00053 ,
14672,醼,1,0.00053 ,
14673,饜,1,0.00053 ,
14674,鍈,1,0.00053 ,
14675,氜,1,0.00053 ,
14676,佒,1,0.00053 ,
14677,坱,1,0.00053 ,
14678,傟,1,0.00053 ,
14679,葽,1,0.00053 ,
14680,媱,1,0.00053 ,
14681,颻,1,0.00053 ,
14682,岆,1,0.00053 ,
14683,殀,1,0.00053 ,
14684,詏,1,0.00053 ,
14685,曣,1,0.00053 ,
14686,潱,1,0.00053 ,
14687,亱,1,0.00053 ,
14688,洂,1,0.00053 ,
14689,楪,1,0.00053 ,
14690,曄,1,0.00053 ,
14691,曅,1,0.00053 ,
14692,燁,1,0.00053 ,
14693,擖,1,0.00053 ,
14694,澲,1,0.00053 ,
14695,謁,1,0.00053 ,
14696,擫,1,0.00053 ,
14697,壱,1,0.00053 ,
14698,瑿,1,0.00053 ,
14699,鷖,1,0.00053 ,
14700,黳,1,0.00053 ,
14701,瓵,1,0.00053 ,
14702,詒,1,0.00053 ,
14703,跠,1,0.00053 ,
14704,飴,1,0.00053 ,
14705,彜,1,0.00053 ,
14706,謻,1,0.00053 ,
14707,攺,1,0.00053 ,
14708,崺,1,0.00053 ,
14709,伿,1,0.00053 ,
14710,劮,1,0.00053 ,
14711,坄,1,0.00053 ,
14712,耴,1,0.00053 ,
14713,呹,1,0.00053 ,
14714,俋,1,0.00053 ,
14715,帠,1,0.00053 ,
14716,浂,1,0.00053 ,
14717,唈,1,0.00053 ,
14718,垼,1,0.00053 ,
14719,浳,1,0.00053 ,
14720,豙,1,0.00053 ,
14721,湙,1,0.00053 ,
14722,詣,1,0.00053 ,
14723,膉,1,0.00053 ,
14724,靾,1,0.00053 ,
14725,槸,1,0.00053 ,
14726,黓,1,0.00053 ,
14727,墿,1,0.00053 ,
14728,嬟,1,0.00053 ,
14729,瞖,1,0.00053 ,
14730,褹,1,0.00053 ,
14731,鶂,1,0.00053 ,
14732,蘙,1,0.00053 ,
14733,鷾,1,0.00053 ,
14734,齸,1,0.00053 ,
14735,乚,1,0.00053 ,
14736,歅,1,0.00053 ,
14737,冘,1,0.00053 ,
14738,乑,1,0.00053 ,
14739,泿,1,0.00053 ,
14740,蔩,1,0.00053 ,
14741,齦,1,0.00053 ,
14742,淾,1,0.00053 ,
14743,靷,1,0.00053 ,
14744,飮,1,0.00053 ,
14745,懚,1,0.00053 ,
14746,珱,1,0.00053 ,
14747,愥,1,0.00053 ,
14748,绬,1,0.00053 ,
14749,噟,1,0.00053 ,
14750,鷪,1,0.00053 ,
14751,塋,1,0.00053 ,
14752,藀,1,0.00053 ,
14753,瀠,1,0.00053 ,
14754,櫿,1,0.00053 ,
14755,籝,1,0.00053 ,
14756,籯,1,0.00053 ,
14757,梬,1,0.00053 ,
14758,潁,1,0.00053 ,
14759,嗈,1,0.00053 ,
14760,牅,1,0.00053 ,
14761,廱,1,0.00053 ,
14762,惥,1,0.00053 ,
14763,彮,1,0.00053 ,
14764,泑,1,0.00053 ,
14765,瀀,1,0.00053 ,
14766,肬,1,0.00053 ,
14767,怣,1,0.00053 ,
14768,斿,1,0.00053 ,
14769,偤,1,0.00053 ,
14770,鈾,1,0.00053 ,
14771,鮋,1,0.00053 ,
14772,湵,1,0.00053 ,
14773,蜏,1,0.00053 ,
14774,牰,1,0.00053 ,
14775,亴,1,0.00053 ,
14776,亐,1,0.00053 ,
14777,釪,1,0.00053 ,
14778,隃,1,0.00053 ,
14779,牏,1,0.00053 ,
14780,艅,1,0.00053 ,
14781,蕍,1,0.00053 ,
14782,諛,1,0.00053 ,
14783,澞,1,0.00053 ,
14784,鮽,1,0.00053 ,
14785,匬,1,0.00053 ,
14786,铻,1,0.00053 ,
14787,噳,1,0.00053 ,
14788,喐,1,0.00053 ,
14789,喩,1,0.00053 ,
14790,罭,1,0.00053 ,
14791,嶎,1,0.00053 ,
14792,銉,1,0.00053 ,
14793,稶,1,0.00053 ,
14794,澦,1,0.00053 ,
14795,諭,1,0.00053 ,
14796,儥,1,0.00053 ,
14797,礇,1,0.00053 ,
14798,饇,1,0.00053 ,
14799,驈,1,0.00053 ,
14800,籞,1,0.00053 ,
14801,欝,1,0.00053 ,
14802,鬰,1,0.00053 ,
14803,囦,1,0.00053 ,
14804,黿,1,0.00053 ,
14805,褑,1,0.00053 ,
14806,噮,1,0.00053 ,
14807,曱,1,0.00053 ,
14808,戉,1,0.00053 ,
14809,恱,1,0.00053 ,
14810,蚏,1,0.00053 ,
14811,龥,1,0.00053 ,
14812,熅,1,0.00053 ,
14813,蝹,1,0.00053 ,
14814,溳,1,0.00053 ,
14815,喗,1,0.00053 ,
14816,馻,1,0.00053 ,
14817,齫,1,0.00053 ,
14818,惲,1,0.00053 ,
14819,醞,1,0.00053 ,
14820,韗,1,0.00053 ,
14821,溨,1,0.00053 ,
14822,睵,1,0.00053 ,
14823,賳,1,0.00053 ,
14824,傤,1,0.00053 ,
14825,酨,1,0.00053 ,
14826,儹,1,0.00053 ,
14827,賛,1,0.00053 ,
14828,瓉,1,0.00053 ,
14829,鏨,1,0.00053 ,
14830,塟,1,0.00053 ,
14831,傮,1,0.00053 ,
14832,璅,1,0.00053 ,
14833,煰,1,0.00053 ,
14834,皟,1,0.00053 ,
14835,簀,1,0.00053 ,
14836,襗,1,0.00053 ,
14837,謮,1,0.00053 ,
14838,齰,1,0.00053 ,
14839,譖,1,0.00053 ,
14840,繒,1,0.00053 ,
14841,譄,1,0.00053 ,
14842,箚,1,0.00053 ,
14843,皼,1,0.00053 ,
14844,甴,1,0.00053 ,
14845,蚻,1,0.00053 ,
14846,鍘,1,0.00053 ,
14847,灹,1,0.00053 ,
14848,夈,1,0.00053 ,
14849,趈,1,0.00053 ,
14850,噡,1,0.00053 ,
14851,薝,1,0.00053 ,
14852,氊,1,0.00053 ,
14853,旜,1,0.00053 ,
14854,鱣,1,0.00053 ,
14855,鸇,1,0.00053 ,
14856,琖,1,0.00053 ,
14857,橏,1,0.00053 ,
14858,蔁,1,0.00053 ,
14859,鱆,1,0.00053 ,
14860,麞,1,0.00053 ,
14861,鐣,1,0.00053 ,
14862,瞕,1,0.00053 ,
14863,妱,1,0.00053 ,
14864,瑵,1,0.00053 ,
14865,枛,1,0.00053 ,
14866,旐,1,0.00053 ,
14867,歽,1,0.00053 ,
14868,砓,1,0.00053 ,
14869,謺,1,0.00053 ,
14870,鍺,1,0.00053 ,
14871,栕,1,0.00053 ,
14872,寊,1,0.00053 ,
14873,眕,1,0.00053 ,
14874,紾,1,0.00053 ,
14875,聄,1,0.00053 ,
14876,診,1,0.00053 ,
14877,黰,1,0.00053 ,
14878,賑,1,0.00053 ,
14879,鎭,1,0.00053 ,
14880,揁,1,0.00053 ,
14881,錚,1,0.00053 ,
14882,抍,1,0.00053 ,
14883,諍,1,0.00053 ,
14884,衼,1,0.00053 ,
14885,秪,1,0.00053 ,
14886,搘,1,0.00053 ,
14887,凪,1,0.00053 ,
14888,恉,1,0.00053 ,
14889,洔,1,0.00053 ,
14890,疻,1,0.00053 ,
14891,藢,1,0.00053 ,
14892,俧,1,0.00053 ,
14893,洷,1,0.00053 ,
14894,乿,1,0.00053 ,
14895,秷,1,0.00053 ,
14896,觗,1,0.00053 ,
14897,貭,1,0.00053 ,
14898,槜,1,0.00053 ,
14899,瘈,1,0.00053 ,
14900,覟,1,0.00053 ,
14901,櫛,1,0.00053 ,
14902,櫍,1,0.00053 ,
14903,躓,1,0.00053 ,
14904,鷙,1,0.00053 ,
14905,伀,1,0.00053 ,
14906,彸,1,0.00053 ,
14907,炂,1,0.00053 ,
14908,喠,1,0.00053 ,
14909,珘,1,0.00053 ,
14910,婤,1,0.00053 ,
14911,輈,1,0.00053 ,
14912,賙,1,0.00053 ,
14913,睭,1,0.00053 ,
14914,粙,1,0.00053 ,
14915,詋,1,0.00053 ,
14916,籒,1,0.00053 ,
14917,劯,1,0.00053 ,
14918,絑,1,0.00053 ,
14919,瀦,1,0.00053 ,
14920,笁,1,0.00053 ,
14921,劚,1,0.00053 ,
14922,斸,1,0.00053 ,
14923,钃,1,0.00053 ,
14924,陼,1,0.00053 ,
14925,羜,1,0.00053 ,
14926,鉒,1,0.00053 ,
14927,霔,1,0.00053 ,
14928,専,1,0.00053 ,
14929,鄟,1,0.00053 ,
14930,蟤,1,0.00053 ,
14931,孨,1,0.00053 ,
14932,竱,1,0.00053 ,
14933,庒,1,0.00053 ,
14934,騅,1,0.00053 ,
14935,鵻,1,0.00053 ,
14936,沝,1,0.00053 ,
14937,甀,1,0.00053 ,
14938,硾,1,0.00053 ,
14939,錣,1,0.00053 ,
14940,礈,1,0.00053 ,
14941,轛,1,0.00053 ,
14942,訰,1,0.00053 ,
14943,槕,1,0.00053 ,
14944,彴,1,0.00053 ,
14945,丵,1,0.00053 ,
14946,梲,1,0.00053 ,
14947,硺,1,0.00053 ,
14948,撯,1,0.00053 ,
14949,謶,1,0.00053 ,
14950,籗,1,0.00053 ,
14951,栥,1,0.00053 ,
14952,葘,1,0.00053 ,
14953,緇,1,0.00053 ,
14954,趦,1,0.00053 ,
14955,鎡,1,0.00053 ,
14956,秄,1,0.00053 ,
14957,釨,1,0.00053 ,
14958,訿,1,0.00053 ,
14959,榟,1,0.00053 ,
14960,芓,1,0.00053 ,
14961,惾,1,0.00053 ,
14962,緃,1,0.00053 ,
14963,騣,1,0.00053 ,
14964,鯮,1,0.00053 ,
14965,蓗,1,0.00053 ,
14966,菆,1,0.00053 ,
14967,棷,1,0.00053 ,
14968,鄒,1,0.00053 ,
14969,稡,1,0.00053 ,
14970,箤,1,0.00053 ,
14971,濢,1,0.00053 ,
14972,枠,1,0.00053 ,
14973,絊,1,0.00053 ,
14974,繓,1,0.00053 ,
14975,飵,1,0.00053 ,